# Start timestamp: 1775794052843
# Start time: 10.04.2026 13:07:32.843
# Duration: 00:19.495
# Sensor insoles: Left SN13006, Right SN13007
# Size: 5
# Recording type: normal
# Name: 260410_13:07:32
# Notes: 
# Tag: 
# time	left pressure 1[N/cm²]	left pressure 2[N/cm²]	left pressure 3[N/cm²]	left pressure 4[N/cm²]	left pressure 5[N/cm²]	left pressure 6[N/cm²]	left pressure 7[N/cm²]	left pressure 8[N/cm²]	left pressure 9[N/cm²]	left pressure 10[N/cm²]	left pressure 11[N/cm²]	left pressure 12[N/cm²]	left pressure 13[N/cm²]	left pressure 14[N/cm²]	left pressure 15[N/cm²]	left pressure 16[N/cm²]	left acceleration X[g]	left acceleration Y[g]	left acceleration Z[g]	left angular X[dps]	left angular Y[dps]	left angular Z[dps]	left total force[N]	left center of pressure X[-0.5...+0.5]	left center of pressure Y[-0.5...+0.5]	right pressure 1[N/cm²]	right pressure 2[N/cm²]	right pressure 3[N/cm²]	right pressure 4[N/cm²]	right pressure 5[N/cm²]	right pressure 6[N/cm²]	right pressure 7[N/cm²]	right pressure 8[N/cm²]	right pressure 9[N/cm²]	right pressure 10[N/cm²]	right pressure 11[N/cm²]	right pressure 12[N/cm²]	right pressure 13[N/cm²]	right pressure 14[N/cm²]	right pressure 15[N/cm²]	right pressure 16[N/cm²]	right acceleration X[g]	right acceleration Y[g]	right acceleration Z[g]	right angular X[dps]	right angular Y[dps]	right angular Z[dps]	right total force[N]	right center of pressure X[-0.5...+0.5]	right center of pressure Y[-0.5...+0.5]
0.00																										7.50	7.25	8.50	8.25	4.25	6.25	0.00	4.25	0.75	3.00	3.50	3.50	3.75	6.25	1.75	3.00	-0.234375	0.129883	0.990723	-9.520000	6.300000	-2.100000	744.00	-0.081290	-0.105106
0.01																										7.25	6.50	8.00	8.00	4.50	6.00	0.00	4.00	0.75	3.00	3.50	3.50	3.50	7.00	1.25	3.25	-0.245605	0.126953	0.984375	-8.330000	5.880000	-2.100000	723.00	-0.074105	-0.100554
0.02	1.50	2.50	2.00	2.75	0.25	0.50	0.00	0.25	0.00	0.00	0.00	0.00	0.00	0.00	0.00	0.00	-0.791992	0.445801	1.918945	-123.129997	51.730000	-38.709999	103.00	-0.307458	-0.094480	6.75	6.50	7.50	7.25	4.25	5.75	0.00	4.00	0.75	3.75	4.25	4.00	3.75	8.00	1.50	3.25	-0.248047	0.124512	0.988770	-7.420000	5.250000	-2.450000	733.00	-0.050740	-0.099635
0.03	3.25	3.75	3.25	4.00	0.25	0.50	0.00	0.25	0.00	0.00	0.00	0.00	0.25	0.00	0.00	0.00	-0.305176	-0.357422	1.830078	-48.580002	61.599998	2.240000	162.00	-0.314253	-0.077012	6.00	6.00	6.50	6.75	4.00	5.25	0.00	4.00	1.25	4.75	5.00	4.25	4.00	8.75	1.75	3.75	-0.248047	0.133301	0.992676	-5.740000	5.110000	-2.170000	737.00	-0.020167	-0.097299
0.04	4.25	5.00	4.50	5.50	0.25	1.00	0.00	0.50	0.00	0.00	0.00	0.00	0.25	0.00	0.00	0.00	-0.296387	0.008301	0.912109	8.540000	-2.660000	-0.210000	224.00	-0.309574	-0.083617	5.75	5.75	5.75	6.00	3.25	4.75	0.00	3.75	1.50	5.00	5.50	4.50	4.00	10.00	2.00	3.75	-0.249023	0.127930	0.994629	-3.920000	6.370000	-2.310000	725.00	0.003171	-0.091969
0.05	4.50	5.00	5.00	6.00	0.50	1.00	0.00	0.50	0.00	0.00	0.00	0.00	0.25	0.00	0.00	0.00	-0.224609	0.221680	0.988770	7.350000	2.240000	0.000000	240.00	-0.306953	-0.079099	4.00	5.00	4.50	5.25	2.75	4.00	0.00	3.50	1.50	5.25	6.00	4.50	4.00	11.00	2.00	3.75	-0.240234	0.127930	0.999512	-2.590000	7.980000	-2.870000	677.00	0.038206	-0.092278
0.06	4.50	4.75	4.75	6.00	0.50	1.00	0.00	0.50	0.00	0.00	0.00	0.25	0.50	0.25	0.00	0.00	-0.174805	0.088379	0.956055	3.290000	4.060000	2.030000	242.00	-0.290184	-0.083732	2.25	4.00	2.75	3.75	2.50	2.75	0.00	3.25	2.00	6.00	6.25	5.00	4.00	11.50	2.50	4.00	-0.223633	0.130371	1.001953	-1.470000	10.640000	-3.990000	626.00	0.094215	-0.088713
0.07	4.75	4.50	5.00	5.75	0.25	1.25	0.00	0.50	0.00	0.00	0.00	0.50	0.50	0.50	0.00	0.00	-0.224121	0.075195	0.995605	2.660000	3.920000	0.280000	247.00	-0.278878	-0.081131	0.50	2.00	1.50	2.25	2.00	2.00	0.00	2.75	2.25	6.00	6.50	5.00	4.00	12.50	2.25	3.75	-0.206543	0.153320	1.014648	0.350000	13.860000	-8.260000	548.00	0.160125	-0.080938
0.08	4.00	4.50	4.50	5.75	0.50	1.25	0.00	0.75	0.00	0.00	0.00	0.25	0.75	0.50	0.00	0.25	-0.219727	0.117676	0.981934	3.990000	2.590000	0.490000	241.00	-0.266945	-0.096839	0.25	0.75	0.50	1.25	0.75	1.00	0.00	2.50	2.25	6.25	7.00	5.00	4.00	13.25	2.25	3.75	-0.239746	0.136230	0.996582	0.350000	18.760000	-8.890000	498.00	0.216141	-0.074245
0.09	3.75	4.50	4.50	5.75	0.25	1.50	0.00	0.75	0.00	0.00	0.00	0.50	0.75	0.50	0.00	0.25	-0.219727	0.106445	0.975586	4.410000	2.310000	0.700000	241.00	-0.260600	-0.104996	0.25	0.25	0.00	0.25	0.25	0.50	0.00	2.25	2.75	6.25	7.75	5.50	4.00	13.50	2.00	3.75	-0.220703	0.145996	0.979980	2.800000	22.120001	-10.150000	481.00	0.249549	-0.065828
0.10	3.50	4.25	4.50	5.75	0.25	1.50	0.00	1.00	0.00	0.00	0.00	0.50	0.75	0.50	0.00	0.25	-0.222656	0.109863	0.978516	4.550000	1.260000	0.350000	240.00	-0.253637	-0.111252	0.00	0.25	0.25	0.25	0.25	0.25	0.00	1.75	2.75	6.25	8.00	6.00	4.00	13.75	2.25	3.75	-0.226562	0.110840	1.071777	8.610000	33.320000	-9.100000	484.00	0.257429	-0.061370
0.11	3.50	4.75	4.50	5.75	0.50	1.50	0.00	1.00	0.00	0.00	0.00	0.50	0.75	0.50	0.00	0.50	-0.211426	0.100098	0.977051	4.480000	0.980000	0.560000	249.00	-0.251884	-0.111469	0.25	0.25	0.25	0.25	0.00	0.25	0.00	1.50	2.75	6.75	8.25	6.00	4.00	13.50	2.25	3.75	-0.293945	0.136230	1.018066	12.040000	43.259998	-9.170000	486.00	0.257154	-0.058568
0.12	4.00	4.75	4.75	6.00	0.50	1.75	0.00	1.00	0.00	0.25	0.00	0.50	1.00	0.50	0.00	0.75	-0.215332	0.099121	0.977051	4.550000	0.700000	0.630000	269.00	-0.243035	-0.110081	0.25	0.25	0.00	0.25	0.00	0.25	0.00	1.25	2.75	6.75	8.00	5.50	3.75	13.25	2.25	3.75	-0.288574	0.125488	1.076172	10.990000	48.509998	-9.660000	467.00	0.262912	-0.052943
0.13	4.25	4.50	4.75	6.00	0.50	1.75	0.00	1.25	0.00	0.00	0.00	0.50	1.00	0.25	0.00	0.75	-0.212891	0.101074	0.973633	4.480000	0.280000	0.700000	268.00	-0.249714	-0.115459	0.50	0.00	0.25	0.25	0.00	0.25	0.00	1.25	2.75	6.75	8.00	5.50	3.75	13.75	2.00	3.75	-0.278320	0.125000	1.056641	11.480000	56.770000	-10.010000	472.00	0.259995	-0.048415
0.14	4.50	5.00	5.50	6.25	0.75	2.00	0.00	1.00	0.00	0.00	0.00	0.50	1.00	0.25	0.00	0.75	-0.212402	0.107422	0.981445	4.060000	0.490000	0.560000	288.00	-0.255614	-0.105494	0.25	0.00	0.50	0.50	0.25	0.00	0.00	1.00	2.25	6.75	7.75	5.25	3.75	13.75	2.25	3.75	-0.322266	0.127930	1.099609	8.190000	64.190002	-10.430000	461.00	0.261057	-0.047678
0.15	4.50	5.00	5.50	6.50	0.75	2.25	0.00	1.00	0.00	0.00	0.00	0.50	1.00	0.50	0.00	0.75	-0.210938	0.114258	0.976562	3.780000	0.490000	0.420000	296.00	-0.250146	-0.106104	0.25	0.25	0.25	0.50	0.00	0.00	0.00	0.75	2.50	6.50	7.75	5.25	3.50	13.25	2.50	3.50	-0.317383	0.151367	1.041016	6.090000	71.820000	-10.500000	450.00	0.265167	-0.044730
0.16	5.00	5.25	5.75	7.00	0.75	2.50	0.00	1.25	0.00	0.00	0.00	0.75	1.25	1.00	0.00	0.75	-0.211914	0.107910	0.979004	3.430000	0.490000	0.490000	327.00	-0.235803	-0.108351	0.75	0.25	0.25	0.25	0.00	0.00	0.00	0.75	2.50	6.50	7.25	5.00	3.25	12.75	2.50	3.25	-0.319336	0.112793	1.003418	4.760000	75.320000	-11.200000	437.00	0.260280	-0.038674
0.17	5.00	5.25	5.75	7.00	0.75	2.25	0.00	1.25	0.00	0.00	0.00	0.50	1.00	1.00	0.00	0.75	-0.216309	0.112793	0.977539	3.010000	0.350000	0.490000	319.00	-0.242938	-0.103008	0.25	0.25	0.25	0.00	0.00	0.00	0.00	0.50	2.50	6.25	7.00	4.75	3.25	12.25	1.75	3.25	-0.332031	0.150879	0.988281	4.480000	79.309998	-11.480000	405.00	0.271238	-0.035895
0.18	5.00	5.25	6.00	7.00	0.75	2.75	0.00	1.25	0.00	0.00	0.00	0.50	1.00	0.75	0.00	1.00	-0.215820	0.112793	0.974609	2.590000	0.350000	0.350000	327.00	-0.243379	-0.106897	0.25	0.50	0.50	0.25	0.25	0.00	0.00	0.75	2.50	6.00	7.25	4.75	3.00	12.25	2.00	3.00	-0.350586	0.136719	1.003906	4.130000	82.110001	-11.830000	419.00	0.256042	-0.037918
0.19	5.25	5.25	5.75	7.25	0.75	2.75	0.00	1.25	0.00	0.00	0.00	0.75	1.25	0.75	0.00	1.00	-0.205078	0.114746	0.979980	2.030000	0.560000	0.490000	334.00	-0.238549	-0.111621	0.50	0.25	0.50	0.50	0.00	0.00	0.00	0.75	2.25	6.25	6.50	4.50	3.00	12.00	2.00	3.00	-0.360352	0.132812	0.999512	3.780000	85.120003	-11.620000	406.00	0.254537	-0.038002
0.20	5.25	5.50	6.00	7.50	0.75	2.75	0.00	1.50	0.00	0.00	0.25	0.50	1.25	0.75	0.00	1.00	-0.212891	0.109863	0.970703	1.960000	0.630000	0.560000	346.00	-0.237751	-0.112976	0.75	0.25	0.50	0.50	0.00	0.00	0.00	0.75	2.25	6.00	6.25	4.25	2.75	11.50	2.00	3.25	-0.395996	0.132812	0.982422	1.680000	88.690002	-11.130000	395.00	0.249947	-0.036424
0.21	5.25	5.50	6.50	7.75	0.75	2.75	0.00	1.50	0.00	0.00	0.00	0.50	1.25	1.00	0.00	1.50	-0.212891	0.114258	0.973145	1.750000	0.770000	0.490000	356.00	-0.233522	-0.110441	0.25	0.25	0.25	0.25	0.00	0.00	0.00	0.50	2.25	5.75	6.00	4.25	2.75	11.00	2.00	2.75	-0.404297	0.141602	0.958984	1.820000	92.050003	-11.480000	368.00	0.267274	-0.034917
0.22	5.50	5.50	6.50	7.75	1.00	3.25	0.00	1.50	0.00	0.00	0.00	0.75	1.25	1.25	0.00	1.25	-0.213379	0.114258	0.968750	1.750000	0.630000	0.560000	370.00	-0.228031	-0.108939	0.00	0.25	0.00	0.75	0.00	0.25	0.00	0.50	1.75	5.50	6.00	4.00	2.50	11.00	2.00	3.00	-0.415039	0.145996	0.965332	0.700000	95.269997	-12.250000	359.00	0.266368	-0.044549
0.23	5.50	5.50	6.75	7.75	1.00	3.75	0.00	1.50	0.00	0.00	0.25	0.75	1.50	1.25	0.25	1.50	-0.212891	0.115234	0.970703	1.960000	0.770000	0.560000	388.00	-0.215570	-0.112369	0.00	0.25	0.25	0.75	0.00	0.25	0.00	0.50	1.50	5.00	5.50	3.25	2.50	10.25	2.00	3.50	-0.426270	0.169922	0.989258	0.770000	100.029999	-13.860000	336.00	0.262443	-0.047595
0.24	5.50	5.75	6.75	8.25	1.00	3.50	0.00	1.50	0.00	0.00	0.25	1.00	1.50	1.00	0.25	1.75	-0.209961	0.119141	0.970703	2.380000	0.980000	0.770000	394.00	-0.216748	-0.116622	0.25	0.25	0.25	0.25	0.00	0.00	0.00	0.50	1.50	5.00	5.25	3.25	2.25	10.00	2.00	3.25	-0.453613	0.173340	0.977539	0.210000	106.050003	-16.660000	322.00	0.269473	-0.038449
0.25	5.75	6.00	6.50	8.25	1.00	3.50	0.00	1.50	0.00	0.00	0.00	1.00	1.50	1.00	0.25	1.75	-0.206543	0.116211	0.965820	2.870000	0.980000	0.980000	394.00	-0.221737	-0.116894	0.00	0.25	0.25	0.00	0.00	0.00	0.00	0.75	1.75	5.00	5.00	3.25	2.00	9.00	2.00	3.00	-0.470215	0.178223	0.992676	0.280000	113.470001	-20.160000	309.00	0.273149	-0.040188
0.26	5.75	6.00	7.00	8.50	1.00	3.75	0.00	1.75	0.00	0.25	0.00	1.00	2.00	1.25	0.25	1.75	-0.209473	0.111816	0.964355	3.640000	1.400000	1.050000	418.00	-0.210231	-0.119317	0.00	0.50	0.00	0.25	0.00	0.25	0.00	0.75	1.75	5.00	5.00	3.00	2.00	8.75	2.00	3.00	-0.471191	0.145996	1.094727	3.640000	126.349998	-21.840000	310.00	0.263776	-0.045294
0.27	5.75	6.25	7.50	8.75	1.00	4.00	0.00	2.00	0.00	0.00	0.00	1.25	2.00	1.25	0.25	2.00	-0.214355	0.118164	0.965820	4.270000	1.960000	1.120000	436.00	-0.208800	-0.123653	0.25	0.25	0.00	0.25	0.00	0.25	0.00	0.50	1.50	4.50	5.00	3.25	2.00	8.25	2.00	3.25	-0.508301	0.134766	1.092285	-3.220000	133.979996	-23.309999	297.00	0.265055	-0.050648
0.28	5.75	6.25	7.50	9.25	1.25	4.75	0.00	2.25	0.00	0.00	0.00	1.25	2.00	1.50	0.25	2.00	-0.210938	0.117676	0.967285	5.110000	2.450000	1.330000	459.00	-0.203722	-0.127238	0.25	0.00	0.00	0.25	0.00	0.00	0.00	0.50	1.50	4.25	4.25	3.00	2.00	7.75	2.00	3.00	-0.517578	0.201660	1.144043	-2.940000	145.600006	-25.549999	274.00	0.274083	-0.046568
0.29	6.00	6.50	7.50	9.50	1.25	5.25	0.00	2.25	0.00	0.00	0.25	1.25	2.50	1.75	0.25	2.50	-0.213867	0.116211	0.971680	5.600000	2.450000	1.400000	484.00	-0.194147	-0.130993	0.25	0.00	0.00	0.00	0.00	0.00	0.00	0.50	1.50	3.50	3.50	2.75	1.75	7.00	1.75	2.75	-0.518066	0.222168	1.198242	-3.290000	156.520004	-29.540001	240.00	0.279191	-0.043434
0.30	6.25	6.75	8.00	10.00	1.50	5.25	0.00	2.50	0.00	0.25	0.25	1.75	2.50	2.00	0.25	2.50	-0.213379	0.123535	0.966797	5.880000	3.010000	1.610000	516.00	-0.187436	-0.128888	0.00	0.25	0.00	0.25	0.00	0.00	0.00	0.50	1.25	2.75	3.00	2.50	2.00	6.25	1.25	2.00	-0.584961	0.231445	1.148926	-0.770000	167.229996	-34.860001	210.00	0.266618	-0.057809
0.31	6.50	7.00	8.50	10.75	2.00	6.00	0.00	3.00	0.00	0.25	0.50	1.50	2.75	2.25	0.00	2.75	-0.214355	0.116699	0.974609	6.020000	3.010000	1.610000	559.00	-0.185857	-0.130935	0.00	0.00	0.25	0.25	0.00	0.25	0.00	0.50	1.00	2.50	2.50	2.00	1.75	5.75	1.25	2.25	-0.625000	0.112793	1.243652	-0.140000	177.029999	-38.430000	192.00	0.262917	-0.059088
0.32	6.50	6.75	8.75	11.25	2.00	6.50	0.00	3.25	0.00	0.25	0.75	2.00	3.00	2.50	0.00	2.75	-0.218262	0.122559	0.973145	6.090000	2.800000	1.750000	586.00	-0.175972	-0.135150	0.25	0.25	0.25	0.25	0.00	0.00	0.00	0.50	0.75	2.25	1.50	1.25	1.50	5.25	1.00	1.75	-0.558594	0.205078	0.950195	-6.510000	191.869995	-41.299999	158.00	0.248163	-0.043622
0.33	6.75	7.25	8.50	11.50	2.00	6.75	0.00	3.50	0.00	0.25	0.25	2.50	3.25	2.50	0.00	3.00	-0.218262	0.123535	0.972656	6.090000	2.870000	1.890000	604.00	-0.175412	-0.141162	0.25	0.25	0.00	0.50	0.00	0.00	0.00	0.50	0.75	1.50	0.75	1.00	1.25	4.50	1.00	1.75	-0.861328	0.185547	1.377930	7.700000	201.529999	-40.670002	131.00	0.243760	-0.051120
0.34	7.25	7.25	9.00	12.25	2.00	7.25	0.00	3.50	0.00	0.25	0.50	2.50	3.50	2.25	0.00	3.25	-0.216797	0.137207	0.978516	6.020000	2.450000	1.820000	632.00	-0.177318	-0.141742	0.00	0.00	0.00	0.50	0.00	0.25	0.00	0.25	0.50	1.25	0.25	0.50	1.00	3.75	1.00	1.25	-0.488770	0.390625	1.150879	25.340000	210.070007	-39.970001	97.00	0.265445	-0.041354
0.35	7.00	7.75	9.25	12.75	2.50	8.25	0.00	4.25	0.00	0.50	1.00	2.75	3.75	2.25	0.25	3.50	-0.210449	0.124512	0.977051	5.950000	2.310000	1.820000	687.00	-0.165221	-0.147921	0.25	0.00	0.25	0.00	0.00	0.00	0.00	0.00	0.75	0.75	0.25	0.25	0.75	2.75	0.75	0.75	-0.738770	0.270020	1.269043	50.189999	203.070007	-46.689999	70.00	0.273829	0.026708
0.36	7.25	7.75	9.50	12.75	2.25	8.50	0.00	4.75	0.00	0.50	1.25	3.25	4.00	2.50	0.50	3.50	-0.220215	0.122559	0.977539	5.880000	2.030000	1.610000	715.00	-0.155915	-0.150652	0.50	0.25	0.00	0.00	0.00	0.00	0.00	0.00	0.50	0.50	0.25	0.25	0.50	1.75	0.25	0.25	-0.814453	0.354004	1.111328	55.510002	201.669998	-53.689999	48.00	0.000000	0.000000
0.37	7.25	8.25	9.50	12.75	2.25	8.75	0.00	5.00	0.00	0.50	1.00	3.25	4.25	3.00	0.50	3.50	-0.217773	0.137695	0.981934	5.460000	1.960000	1.540000	730.00	-0.153885	-0.151596	0.25	0.25	0.00	0.25	0.00	0.00	0.00	0.00	0.25	0.25	0.50	0.00	0.25	0.50	0.00	0.00	-0.609375	0.445312	1.215332	68.040001	198.309998	-55.930000	25.00	0.000000	0.000000
0.38	7.50	8.25	9.50	13.00	2.25	9.25	0.00	5.25	0.00	0.50	1.00	3.50	4.25	3.00	0.50	4.00	-0.215332	0.135254	0.981445	5.040000	1.820000	1.260000	750.00	-0.151363	-0.154157	0.25	0.25	0.25	0.25	0.00	0.00	0.00	0.00	0.25	0.25	0.25	0.25	0.25	0.50	0.00	0.25	-0.725586	0.253906	0.890137	89.250000	171.430008	-68.040001	29.00	0.000000	0.000000
0.39	7.50	8.25	9.25	13.25	2.25	9.25	0.00	5.50	0.00	0.75	1.25	3.50	4.50	3.25	0.50	3.75	-0.219727	0.130859	0.978027	4.480000	1.750000	0.980000	761.00	-0.146530	-0.155279	0.75	0.25	0.50	0.50	0.00	0.25	0.00	0.00	0.00	0.00	0.00	0.00	0.00	0.50	0.25	0.25	-0.638672	0.337402	0.617188	111.370003	170.380005	-71.680000	32.00	0.000000	0.000000
0.40	7.50	8.00	9.75	13.00	2.50	9.75	0.00	5.50	0.00	0.75	1.50	3.50	4.75	3.00	0.25	4.00	-0.218262	0.131836	0.976562	3.990000	1.750000	0.770000	772.00	-0.146435	-0.155461	0.50	0.25	0.75	0.75	0.00	0.00	0.00	0.00	0.25	0.25	0.25	0.00	0.00	0.50	0.00	0.00	-0.450684	0.022949	0.909668	114.520004	154.490005	-75.879997	37.00	0.000000	0.000000
0.41	7.25	8.00	9.50	12.75	2.75	9.75	0.00	5.50	0.00	0.50	1.50	3.75	4.75	3.00	0.50	4.00	-0.221680	0.133301	0.979980	3.430000	1.610000	0.490000	769.00	-0.142755	-0.157188	0.50	0.50	1.75	0.75	0.00	0.00	0.00	0.00	0.00	0.00	0.00	0.00	0.00	0.00	0.00	0.00	0.450684	-0.404785	0.850586	98.840004	121.169998	-83.930000	38.00	0.000000	0.000000
0.42	7.50	8.00	9.25	12.75	2.50	9.50	0.00	5.75	0.00	0.25	1.50	3.75	5.00	2.75	0.75	4.25	-0.218262	0.137695	0.978027	2.730000	1.680000	0.420000	768.00	-0.141751	-0.161273	0.75	0.75	1.00	1.00	0.00	0.00	0.00	0.00	0.00	0.00	0.00	0.00	0.00	0.00	0.00	0.00	-0.373535	-0.166504	1.647461	75.809998	70.769997	-116.199997	37.00	0.000000	0.000000
0.43	7.00	8.00	9.25	12.50	2.50	9.50	0.00	5.75	0.00	0.50	1.50	4.25	5.00	3.00	0.50	4.00	-0.221680	0.139648	0.978516	2.240000	1.610000	0.140000	767.00	-0.136993	-0.162087	0.75	0.75	0.75	1.00	0.00	0.00	0.00	0.00	0.00	0.00	0.00	0.00	0.00	0.00	0.00	0.00	0.311523	-0.377441	1.395020	32.480000	-35.700001	-114.800003	34.00	0.000000	0.000000
0.44	7.00	7.75	9.00	12.25	2.75	9.25	0.00	5.50	0.00	0.75	1.75	4.25	5.25	3.25	0.75	4.00	-0.217773	0.134277	0.967773	1.750000	1.820000	0.210000	767.00	-0.128895	-0.159140	0.75	0.75	0.50	0.75	0.00	0.00	0.00	0.00	0.00	0.00	0.00	0.00	0.00	0.00	0.00	0.00	0.028320	-0.267090	1.066895	-8.190000	-77.559998	-115.080002	28.00	0.000000	0.000000
0.45	6.75	7.75	8.75	11.75	2.50	9.25	0.00	5.75	0.00	0.75	1.75	4.25	5.25	3.50	0.50	4.00	-0.218750	0.135742	0.980469	1.260000	2.100000	-0.070000	757.00	-0.126071	-0.161785	1.00	0.25	0.50	0.75	0.00	0.00	0.00	0.00	0.00	0.00	0.00	0.00	0.00	0.25	0.00	0.00	0.009766	-0.110840	0.733887	-32.060001	-91.629997	-108.290001	29.00	0.000000	0.000000
0.46	6.75	7.50	8.50	11.75	2.25	9.25	0.00	5.75	0.00	0.75	1.75	4.25	5.25	3.50	0.25	4.00	-0.218262	0.138672	0.969727	0.770000	2.450000	-0.210000	746.00	-0.126537	-0.163811	0.50	0.00	0.50	0.50	0.00	0.00	0.00	0.00	0.00	0.00	0.00	0.00	0.00	0.25	0.00	0.00	0.038574	0.008301	0.601562	-29.190001	-91.629997	-95.760002	18.00	0.000000	0.000000
0.47	6.25	7.50	8.25	11.50	2.50	9.00	0.00	5.50	0.00	0.50	2.25	4.25	5.25	3.25	0.50	4.25	-0.219727	0.131836	0.969727	0.350000	2.450000	-0.350000	736.00	-0.121499	-0.165473	0.50	0.25	0.25	0.50	0.00	0.00	0.00	0.00	0.00	0.00	0.00	0.00	0.00	0.00	0.00	0.00	0.045898	0.084961	0.571289	-10.710000	-88.199997	-79.449997	16.00	0.000000	0.000000
0.48	6.25	7.00	8.25	11.25	2.50	8.75	0.00	5.50	0.00	0.25	2.00	4.25	5.00	3.25	0.75	4.25	-0.223145	0.140137	0.973145	-0.000000	2.660000	-0.350000	722.00	-0.120377	-0.164651	0.25	0.50	0.25	0.75	0.00	0.00	0.00	0.00	0.00	0.00	0.00	0.00	0.00	0.00	0.00	0.00	0.067871	0.072266	0.573730	7.490000	-84.559998	-59.990002	18.00	0.000000	0.000000
0.49	6.25	7.00	8.00	10.75	2.50	8.50	0.00	5.25	0.00	0.50	2.50	4.25	5.25	3.50	0.75	4.00	-0.216797	0.144531	0.972656	-0.140000	2.660000	-0.560000	717.00	-0.113607	-0.161980	0.00	0.50	0.50	0.25	0.00	0.00	0.00	0.00	0.00	0.00	0.00	0.00	0.00	0.00	0.00	0.00	0.078125	0.078125	0.589844	19.950001	-77.769997	-29.820000	13.00	0.000000	0.000000
0.50	6.00	6.75	7.50	10.50	2.50	8.25	0.00	5.25	0.00	0.75	2.50	4.50	5.25	3.50	0.75	4.00	-0.222168	0.135742	0.975098	-0.210000	2.660000	-0.560000	707.00	-0.107032	-0.163937	0.25	0.50	0.50	0.25	0.00	0.00	0.00	0.00	0.00	0.00	0.00	0.00	0.00	0.25	0.00	0.00	0.089355	0.087891	0.627441	22.400000	-72.449997	-10.150000	18.00	0.000000	0.000000
0.51	6.00	6.75	7.50	10.25	2.50	8.25	0.00	5.50	0.00	1.00	2.75	4.75	5.25	3.75	0.50	4.25	-0.220703	0.139648	0.971680	-0.210000	2.450000	-0.490000	717.00	-0.101659	-0.163963	0.50	0.75	0.50	0.50	0.00	0.00	0.00	0.00	0.00	0.00	0.00	0.00	0.00	0.25	0.00	0.00	0.084473	0.090332	0.668945	24.430000	-69.090004	8.330000	25.00	0.000000	0.000000
0.52	5.75	6.75	7.50	10.00	2.50	8.00	0.00	5.50	0.00	0.75	2.25	4.75	5.00	3.75	0.50	4.25	-0.217285	0.137207	0.974609	-0.280000	2.240000	-0.420000	699.00	-0.104184	-0.164595	0.50	0.25	0.25	0.50	0.00	0.00	0.00	0.00	0.00	0.00	0.00	0.00	0.00	0.25	0.00	0.00	0.063965	0.063965	0.729492	26.950001	-67.550003	24.990000	18.00	0.000000	0.000000
0.53	5.25	6.50	7.50	10.00	2.25	8.00	0.00	5.50	0.00	0.75	2.50	5.00	5.25	3.50	1.00	4.25	-0.221680	0.138184	0.967773	-0.210000	1.960000	-0.490000	699.00	-0.095315	-0.169155	0.25	0.25	0.25	0.50	0.00	0.00	0.00	0.00	0.00	0.00	0.00	0.00	0.00	0.25	0.00	0.00	0.049316	0.027344	0.818359	29.680000	-67.970001	39.549999	15.00	0.000000	0.000000
0.54	5.50	6.50	6.75	9.75	2.25	8.00	0.00	5.50	0.00	1.00	2.75	4.75	5.25	3.75	0.75	4.25	-0.219727	0.139160	0.968750	-0.490000	1.750000	-0.490000	692.00	-0.092677	-0.168729	0.25	0.00	0.25	0.00	0.00	0.00	0.00	0.00	0.00	0.00	0.00	0.00	0.00	0.50	0.00	0.00	0.033203	-0.011719	0.942383	30.940001	-72.449997	52.639999	10.00	0.000000	0.000000
0.55	5.75	6.50	6.75	10.00	2.50	8.00	0.00	5.25	0.00	1.00	2.75	5.00	5.50	4.25	0.75	4.25	-0.214355	0.135254	0.970703	-0.420000	1.540000	-0.560000	706.00	-0.090154	-0.165115	0.00	0.25	0.50	0.00	0.00	0.00	0.00	0.00	0.00	0.00	0.00	0.00	0.00	0.00	0.00	0.00	0.021484	-0.068359	1.137695	26.880001	-89.879997	69.440002	8.00	0.000000	0.000000
0.56	5.75	6.50	7.25	10.00	2.75	7.75	0.00	5.50	0.00	1.00	2.75	5.00	5.50	4.50	0.75	4.25	-0.215820	0.134766	0.973145	-0.350000	1.400000	-0.490000	717.00	-0.089512	-0.162046	0.25	0.00	0.25	0.25	0.00	0.00	0.00	0.00	0.00	0.00	0.00	0.00	0.00	0.00	0.00	0.00	-0.003418	-0.105469	1.223145	20.020000	-108.010002	77.910004	8.00	0.000000	0.000000
0.57	5.75	6.50	7.25	10.00	2.75	8.00	0.00	5.50	0.00	1.00	2.50	5.00	5.75	4.50	1.00	4.25	-0.222168	0.138672	0.970703	-0.280000	1.260000	-0.420000	722.00	-0.088304	-0.163239	0.50	0.25	0.25	0.50	0.00	0.00	0.00	0.00	0.00	0.00	0.00	0.00	0.00	0.00	0.00	0.00	-0.040039	-0.148926	1.262695	11.760000	-128.800003	83.230003	16.00	0.000000	0.000000
0.58	5.75	6.50	7.50	10.00	2.50	8.00	0.00	5.50	0.00	1.00	2.50	5.00	5.75	4.50	1.75	4.25	-0.223145	0.138184	0.964355	-0.280000	1.260000	-0.420000	730.00	-0.083483	-0.162242	0.25	0.25	0.50	0.50	0.00	0.00	0.00	0.00	0.00	0.00	0.00	0.00	0.00	0.00	0.00	0.00	-0.080566	-0.192383	1.225098	2.240000	-148.190002	84.769997	16.00	0.000000	0.000000
0.59	5.50	6.50	7.25	9.75	2.50	8.00	0.00	5.50	0.00	1.25	2.50	5.00	5.75	4.75	1.75	4.25	-0.215820	0.134766	0.963867	-0.280000	1.330000	-0.490000	727.00	-0.078263	-0.162133	0.00	0.00	0.25	0.50	0.00	0.00	0.00	0.00	0.00	0.00	0.00	0.00	0.00	0.00	0.00	0.00	-0.139160	-0.225098	1.168457	-7.000000	-162.960007	82.110001	8.00	0.000000	0.000000
0.60	5.50	6.50	7.25	9.75	2.75	8.00	0.00	5.75	0.00	1.25	3.00	5.25	5.75	4.75	1.25	4.25	-0.222168	0.136719	0.968262	-0.210000	1.260000	-0.420000	736.00	-0.078380	-0.163206	0.25	0.25	0.50	0.25	0.00	0.00	0.00	0.00	0.00	0.00	0.00	0.00	0.00	0.25	0.00	0.00	-0.219238	-0.224609	1.126953	-15.820000	-175.979996	70.910004	15.00	0.000000	0.000000
0.61	5.75	6.50	7.25	10.00	2.75	8.00	0.00	5.75	0.00	1.50	3.00	5.50	6.00	4.75	1.00	4.25	-0.219727	0.139160	0.972168	-0.490000	1.330000	-0.560000	746.00	-0.079144	-0.163317	0.50	0.25	0.50	0.25	0.00	0.00	0.00	0.00	0.00	0.00	0.00	0.00	0.00	0.00	0.00	0.00	-0.257812	-0.215820	1.134277	-17.920000	-181.369995	60.340000	16.00	0.000000	0.000000
0.62	6.00	6.50	7.50	10.00	2.75	8.25	0.00	5.75	0.00	1.00	3.25	5.75	6.00	5.00	1.25	4.25	-0.219238	0.138672	0.962402	-0.560000	1.330000	-0.490000	759.00	-0.078269	-0.162467	0.25	0.50	0.50	0.50	0.00	0.00	0.00	0.00	0.00	0.00	0.00	0.00	0.00	0.00	0.00	0.00	-0.298340	-0.199219	1.176270	-19.740000	-186.270004	48.860001	18.00	0.000000	0.000000
0.63	5.75	6.25	7.75	9.75	2.75	8.00	0.00	5.75	0.00	1.00	3.25	5.50	6.00	5.00	1.25	4.25	-0.222656	0.137695	0.969238	-0.630000	1.330000	-0.490000	749.00	-0.076777	-0.161357	0.25	0.50	0.50	0.00	0.00	0.00	0.00	0.00	0.00	0.00	0.00	0.00	0.00	0.00	0.00	0.00	-0.327637	-0.164551	1.220215	-23.799999	-191.869995	38.500000	13.00	0.000000	0.000000
0.64	5.25	6.25	7.50	9.75	3.00	8.00	0.00	5.75	0.00	1.50	3.50	5.75	6.00	5.00	1.50	4.50	-0.226074	0.139160	0.967285	-0.770000	1.400000	-0.560000	758.00	-0.067350	-0.162080	0.50	0.25	0.50	0.00	0.00	0.25	0.00	0.00	0.00	0.00	0.00	0.00	0.00	0.00	0.00	0.00	-0.359375	-0.083984	1.257324	-28.630001	-197.470001	29.960001	16.00	0.000000	0.000000
0.65	5.75	6.25	7.50	9.50	2.75	8.00	0.00	5.75	0.00	1.50	3.50	5.75	6.25	5.00	1.50	4.25	-0.222168	0.139160	0.968262	-0.840000	1.400000	-0.490000	758.00	-0.068726	-0.161398	0.25	0.25	0.25	0.25	0.00	0.25	0.00	0.00	0.00	0.00	0.00	0.00	0.00	0.00	0.00	0.00	-0.395996	-0.024414	1.296387	-31.850000	-202.930008	24.430000	13.00	0.000000	0.000000
0.66	5.75	6.25	7.50	9.50	2.50	8.00	0.00	5.75	0.00	1.75	3.50	6.00	6.25	5.50	1.25	4.25	-0.218750	0.140625	0.974121	-1.050000	1.470000	-0.630000	763.00	-0.065466	-0.160275	0.00	0.50	0.25	0.50	0.00	0.25	0.00	0.00	0.00	0.00	0.00	0.00	0.00	0.00	0.00	0.00	-0.466797	0.096191	1.392090	-36.750000	-211.889999	19.879999	16.00	0.000000	0.000000
0.67	5.50	6.25	7.50	9.50	2.75	8.50	0.00	5.75	0.00	1.75	3.50	6.00	6.25	5.25	1.25	4.25	-0.218750	0.139160	0.972656	-1.120000	1.680000	-0.770000	766.00	-0.066484	-0.162128	0.00	0.25	0.25	0.00	0.00	0.00	0.00	0.00	0.00	0.00	0.00	0.00	0.00	0.00	0.00	0.00	-0.530762	0.181152	1.412109	-41.580002	-219.100006	21.070000	5.00	0.000000	0.000000
0.68	5.50	6.25	7.50	9.50	3.00	8.00	0.00	5.50	0.00	1.50	3.75	5.75	6.25	5.50	2.25	4.25	-0.220215	0.139160	0.966797	-1.330000	1.610000	-0.700000	770.00	-0.059532	-0.157531	0.25	0.00	0.25	0.00	0.00	0.00	0.00	0.00	0.00	0.00	0.00	0.00	0.00	0.00	0.00	0.00	-0.624512	0.259766	1.416504	-48.230000	-225.399994	24.780001	5.00	0.000000	0.000000
0.69	5.75	6.00	7.25	9.50	3.00	7.75	0.00	5.50	0.00	1.75	4.25	6.25	6.00	6.25	2.50	4.50	-0.224121	0.136230	0.964355	-1.540000	1.540000	-0.770000	786.00	-0.048375	-0.153475	0.25	0.25	0.25	0.25	0.00	0.00	0.00	0.00	0.00	0.00	0.00	0.00	0.00	0.00	0.00	0.00	-0.742188	0.335938	1.381348	-56.000000	-228.899994	29.049999	10.00	0.000000	0.000000
0.70	5.50	5.75	7.25	9.25	3.25	7.75	0.00	5.75	0.00	2.00	4.00	6.25	6.00	6.25	2.50	4.50	-0.222168	0.129395	0.974121	-1.680000	1.610000	-0.910000	785.00	-0.045339	-0.153863	0.25	0.00	0.25	0.00	0.00	0.00	0.00	0.00	0.00	0.00	0.00	0.00	0.00	0.00	0.00	0.00	-0.893555	0.419922	1.315430	-61.740002	-228.270004	32.270000	5.00	0.000000	0.000000
0.71	5.50	6.00	7.25	9.00	3.00	7.50	0.00	5.75	0.00	1.75	4.00	6.50	6.50	6.25	2.25	4.50	-0.221680	0.140137	0.964355	-1.680000	1.820000	-1.050000	780.00	-0.045360	-0.157145	0.50	0.00	0.50	0.00	0.00	0.00	0.00	0.00	0.00	0.00	0.00	0.00	0.00	0.00	0.00	0.00	-1.049805	0.474121	1.230957	-60.830002	-222.460007	33.040001	11.00	0.000000	0.000000
0.72	5.50	5.75	7.00	8.50	3.00	7.50	0.00	5.50	0.00	1.50	4.25	6.75	6.75	7.00	2.00	4.50	-0.221191	0.140625	0.969727	-1.680000	1.750000	-1.120000	775.00	-0.038250	-0.155792	0.25	0.25	0.50	0.00	0.00	0.00	0.00	0.00	0.00	0.00	0.00	0.00	0.00	0.00	0.00	0.00	-1.273926	0.522461	1.079102	-40.880001	-205.380005	28.840000	10.00	0.000000	0.000000
0.73	5.25	5.75	7.00	8.50	3.25	7.50	0.00	5.75	0.00	2.50	4.50	6.75	6.50	7.25	2.50	4.50	-0.220703	0.137695	0.968262	-1.680000	1.890000	-1.260000	797.00	-0.029151	-0.151825	0.25	0.25	0.25	0.00	0.00	0.25	0.00	0.00	0.00	0.00	0.00	0.00	0.00	0.00	0.00	0.00	-1.387207	0.516602	0.974609	-19.040001	-190.119995	23.730000	10.00	0.000000	0.000000
0.74	5.50	5.50	6.75	8.50	3.00	7.25	0.00	5.75	0.00	2.75	4.50	6.75	6.75	7.25	2.50	4.50	-0.217285	0.138184	0.970703	-1.540000	1.680000	-1.120000	794.00	-0.026235	-0.152243	0.00	0.00	0.25	0.25	0.00	0.00	0.00	0.00	0.00	0.00	0.00	0.00	0.00	0.00	0.00	0.00	-1.474609	0.476562	0.889648	1.960000	-173.039993	18.549999	6.00	0.000000	0.000000
0.75	5.00	5.50	6.75	8.00	3.25	7.00	0.00	5.75	0.00	2.75	4.75	7.00	7.00	8.00	2.25	4.75	-0.219727	0.130371	0.972656	-1.680000	1.890000	-1.190000	795.00	-0.017002	-0.151347	0.00	0.00	0.50	0.25	0.00	0.00	0.00	0.00	0.00	0.00	0.00	0.00	0.00	0.00	0.00	0.00	-1.513672	0.422363	0.839844	17.500000	-155.889999	15.050000	8.00	0.000000	0.000000
0.76	5.00	5.50	6.50	7.75	3.25	7.00	0.00	5.75	0.00	2.50	5.00	7.25	7.00	8.50	2.25	4.75	-0.221191	0.134277	0.971191	-1.610000	2.030000	-1.260000	797.00	-0.012202	-0.151241	0.25	0.25	0.50	0.25	0.00	0.00	0.00	0.00	0.00	0.00	0.00	0.00	0.00	0.00	0.00	0.00	-1.541016	0.353516	0.824219	27.090000	-134.680008	14.490000	13.00	0.000000	0.000000
0.77	5.00	5.25	6.50	7.75	3.25	7.00	0.00	5.75	0.00	3.00	5.25	7.50	7.25	8.75	2.25	5.00	-0.225586	0.141113	0.976074	-1.610000	2.450000	-1.400000	811.00	-0.005721	-0.150412	0.25	0.25	0.25	0.00	0.00	0.00	0.00	0.00	0.00	0.00	0.00	0.00	0.00	0.00	0.00	0.00	-1.534668	0.316406	0.794434	26.460001	-125.230003	16.309999	8.00	0.000000	0.000000
0.78	4.75	5.00	6.00	7.25	3.25	6.75	0.00	5.75	0.00	3.00	5.50	7.50	7.25	9.75	3.25	5.00	-0.219238	0.128906	0.972656	-1.470000	2.450000	-1.330000	814.00	0.011348	-0.147499	0.00	0.50	0.25	0.00	0.00	0.00	0.00	0.00	0.00	0.00	0.00	0.00	0.00	0.00	0.00	0.00	-1.523438	0.291992	0.751465	23.100000	-118.860001	17.990000	7.00	0.000000	0.000000
0.79	4.25	5.00	6.25	6.75	3.25	6.50	0.00	5.75	0.25	3.00	6.00	7.75	7.25	10.00	3.50	5.00	-0.222656	0.139648	0.974121	-1.330000	2.730000	-1.470000	819.00	0.020868	-0.144911	0.00	0.50	0.50	0.50	0.00	0.00	0.00	0.00	0.00	0.00	0.00	0.00	0.00	0.00	0.00	0.00	-1.459961	0.273926	0.677246	17.990000	-113.540001	17.500000	16.00	0.000000	0.000000
0.80	3.75	4.75	6.00	6.50	3.25	6.50	0.00	5.75	0.25	3.75	6.25	7.75	7.50	10.50	3.25	5.25	-0.228027	0.142578	0.968750	-1.540000	3.150000	-1.610000	822.00	0.031253	-0.144548	0.25	0.25	1.00	0.75	0.00	0.00	0.00	0.00	0.00	0.00	0.00	0.00	0.00	0.00	0.00	0.00	-1.582520	0.041992	-1.432617	66.709999	-34.090000	23.379999	24.00	0.000000	0.000000
0.81	3.75	4.50	5.25	6.00	3.25	6.25	0.00	5.75	0.25	4.50	6.75	8.00	7.75	11.75	3.25	5.25	-0.224121	0.128906	0.968262	-1.470000	3.780000	-1.750000	831.00	0.047185	-0.140936	0.25	0.25	1.00	0.75	0.00	0.00	0.00	0.00	0.00	0.00	0.00	0.00	0.00	0.00	0.00	0.00	-2.507812	0.243164	-0.364258	42.420002	13.720000	16.799999	24.00	0.000000	0.000000
0.82	3.00	3.75	4.75	5.25	3.25	6.25	0.00	5.75	0.25	4.50	6.75	8.50	7.50	12.75	3.75	5.25	-0.228027	0.139160	0.975098	-1.890000	3.990000	-1.890000	820.00	0.067673	-0.140273	0.75	1.00	1.00	1.00	0.00	0.00	0.00	0.00	0.00	0.00	0.00	0.00	0.00	0.00	0.00	0.00	-2.298828	0.300293	-0.260254	26.460001	58.099998	13.930000	39.00	0.000000	0.000000
0.83	2.00	3.50	4.25	5.00	3.00	5.25	0.00	5.50	0.25	5.00	7.25	8.75	7.50	14.00	3.75	5.50	-0.215332	0.134766	0.970215	-1.400000	5.950000	-2.310000	806.00	0.090267	-0.137536	1.25	0.75	1.25	1.25	0.00	0.00	0.00	0.00	0.00	0.00	0.00	0.00	0.00	0.00	0.00	0.00	-2.199219	0.370605	0.113281	18.059999	106.889999	21.000000	48.00	0.000000	0.000000
0.84	2.00	3.25	4.00	4.00	2.75	4.75	0.00	5.50	0.25	5.00	7.75	9.00	7.75	15.25	3.75	5.50	-0.222656	0.133301	0.974609	-1.330000	6.860000	-2.590000	803.00	0.106264	-0.133884	1.75	1.00	1.75	1.25	0.00	0.00	0.00	0.00	0.00	0.00	0.00	0.00	0.00	0.00	0.00	0.00	0.078125	0.312988	1.318359	19.180000	148.190002	28.559999	61.00	-0.334714	-0.014825
0.85	1.25	2.00	3.00	3.00	2.75	4.50	0.00	5.25	0.50	5.25	7.75	9.00	7.75	16.00	3.50	5.50	-0.235352	0.146973	0.972168	-1.120000	7.980000	-2.800000	764.00	0.134529	-0.131192	3.00	3.75	2.75	2.25	0.00	0.00	0.00	0.00	0.00	0.00	0.00	0.00	0.00	0.00	0.00	0.00	-0.136230	0.296875	1.453613	-10.640000	118.160004	24.639999	121.00	-0.348565	-0.042729
0.86	1.25	1.75	2.25	2.50	2.25	3.50	0.00	5.00	0.75	5.50	8.25	9.00	7.75	16.75	4.25	5.75	-0.222168	0.139648	0.972656	-0.980000	9.240000	-3.220000	755.00	0.157624	-0.125561	3.75	5.25	4.00	3.75	0.25	0.00	0.00	0.00	0.00	0.00	0.00	0.00	0.00	0.00	0.00	0.00	-0.021973	-0.032715	0.793945	-24.150000	97.370003	18.480000	176.00	-0.340546	-0.050689
0.87	0.75	1.25	1.75	1.75	2.25	2.75	0.00	4.75	0.75	5.75	8.25	9.25	7.75	17.25	4.00	5.50	-0.214844	0.145020	0.975586	-0.700000	10.710000	-3.500000	725.00	0.178662	-0.122409	5.50	6.00	5.50	5.50	0.25	0.00	0.00	0.00	0.00	0.00	0.00	0.00	0.00	0.00	0.00	0.00	-2.067871	-0.567383	2.559570	-40.810001	121.379997	0.280000	237.00	-0.337971	-0.046074
0.88	0.25	1.00	1.50	1.50	1.75	1.50	0.00	4.25	0.75	6.25	8.25	9.25	7.50	17.75	4.00	5.50	-0.183105	0.138184	0.994629	-0.770000	14.420000	-5.600000	692.00	0.201570	-0.115672	7.25	7.50	8.00	7.25	0.50	0.50	0.00	0.00	0.00	0.00	0.00	0.00	0.00	0.00	0.00	0.00	-0.253418	-0.079590	1.183105	29.049999	16.379999	10.010000	324.00	-0.330830	-0.044368
0.89	0.25	0.75	1.00	0.75	1.25	1.25	0.00	3.75	0.75	6.25	8.50	9.00	7.50	19.00	4.00	5.50	-0.227539	0.148438	0.989258	-0.490000	17.920000	-8.050000	671.00	0.223534	-0.108186	8.75	8.00	9.50	7.50	1.00	1.00	0.00	0.25	0.00	0.00	0.00	0.00	0.00	0.50	0.00	0.00	-0.177734	0.296387	0.831543	8.680000	-6.650000	-3.150000	382.00	-0.314703	-0.037776
0.90	0.25	0.50	0.75	0.25	1.00	0.75	0.00	3.00	1.00	6.25	8.50	8.50	7.00	19.00	4.00	5.00	-0.192871	0.118164	1.031250	3.850000	30.520000	-8.120000	632.00	0.241568	-0.095174	8.50	7.75	9.50	7.50	1.25	1.25	0.00	0.25	0.00	0.00	0.00	0.00	0.00	2.25	0.25	0.25	-0.230469	0.227051	1.226562	10.220000	18.410000	1.750000	402.00	-0.277181	-0.032134
0.91	0.25	0.25	0.75	0.25	0.75	0.50	0.00	2.50	1.25	6.50	8.50	9.00	6.25	19.50	3.75	5.25	-0.236816	0.128418	1.063965	9.240000	41.230000	-9.240000	624.00	0.251673	-0.085154	8.00	7.25	9.00	7.25	1.75	1.25	0.00	0.25	0.00	0.00	0.25	0.25	0.25	2.75	0.25	0.25	-0.221680	0.029297	0.917480	6.650000	20.160000	1.330000	401.00	-0.255744	-0.033878
0.92	0.00	0.25	0.50	0.50	0.50	0.25	0.00	2.00	1.25	6.50	8.50	9.00	5.75	19.50	3.75	4.75	-0.226562	0.156250	1.087402	11.340000	54.389999	-10.710000	601.00	0.261423	-0.079628	7.75	7.25	8.75	7.25	2.00	1.50	0.00	0.25	0.00	0.25	0.25	0.50	0.25	3.25	0.50	0.50	-0.215820	0.098145	0.953613	12.110000	15.050000	0.700000	415.00	-0.234051	-0.036640
0.93	0.25	0.00	0.50	0.50	0.50	0.25	0.00	1.50	1.25	6.50	8.00	8.25	5.00	19.25	3.75	4.25	-0.250488	0.127441	1.085938	9.590000	69.510002	-11.340000	569.00	0.265899	-0.066400	7.50	6.75	9.00	7.25	2.25	2.00	0.00	0.25	0.00	0.75	0.50	0.50	0.25	3.75	0.50	1.25	-0.249512	0.122070	0.958984	16.309999	16.660000	1.890000	434.00	-0.209229	-0.037439
0.94	0.25	0.25	0.25	0.25	0.00	0.00	0.00	1.00	1.75	6.25	7.75	7.75	4.50	18.75	3.50	4.25	-0.274414	0.144043	1.136230	6.720000	92.889999	-13.440001	535.00	0.278351	-0.055093	7.25	6.50	9.25	7.50	3.00	2.50	0.00	0.50	0.25	0.75	0.50	0.75	0.25	4.75	0.75	1.50	-0.251953	0.107422	0.998535	16.660000	11.410000	1.610000	471.00	-0.182317	-0.038248
0.95	0.25	0.25	0.25	0.25	0.00	0.00	0.00	0.50	1.75	6.25	7.50	7.00	3.75	18.50	3.25	4.00	-0.263184	0.158691	1.172852	4.130000	100.870003	-14.000000	504.00	0.284066	-0.040831	7.50	7.00	9.50	7.75	3.50	2.75	0.00	0.50	0.00	1.00	0.75	0.75	0.50	5.00	0.75	1.75	-0.241699	0.124512	1.007324	14.490000	8.890000	1.260000	500.00	-0.178870	-0.042748
0.96	0.00	0.25	0.25	0.25	0.00	0.00	0.00	0.50	1.50	6.00	7.00	6.00	3.25	17.25	3.25	4.00	-0.302246	0.129883	1.172363	2.380000	118.650002	-16.309999	465.00	0.288846	-0.038922	7.75	7.00	10.00	8.00	3.50	3.25	0.00	1.00	0.00	1.00	1.00	1.00	0.50	6.00	0.75	2.00	-0.242676	0.113770	1.009766	11.900000	7.350000	0.980000	539.00	-0.164201	-0.047628
0.97	0.25	0.00	0.25	0.25	0.00	0.00	0.00	0.50	1.25	5.75	6.00	5.25	2.75	16.50	2.75	3.50	-0.328125	0.179199	1.083496	0.070000	132.649994	-18.129999	422.00	0.289506	-0.030298	7.75	7.00	10.00	8.25	3.75	3.75	0.00	1.25	0.25	1.25	1.00	1.00	0.75	6.50	0.75	2.00	-0.248535	0.116699	1.002930	10.220000	6.090000	0.910000	566.00	-0.153562	-0.049955
0.98	0.25	0.00	0.00	0.25	0.00	0.00	0.00	0.25	1.25	5.25	5.25	4.50	2.25	15.75	2.25	3.00	-0.330566	0.206543	1.140625	-3.150000	145.669998	-21.070000	376.00	0.297540	-0.017252	7.50	7.00	9.75	8.25	4.25	4.00	0.00	1.25	0.00	1.75	1.50	1.25	1.00	6.25	0.75	2.50	-0.244629	0.121094	1.002441	8.470000	5.600000	0.980000	581.00	-0.143823	-0.057441
0.99	0.25	0.25	0.00	0.25	0.00	0.25	0.00	0.25	1.25	4.75	4.25	3.50	1.50	14.50	2.00	2.75	-0.395996	0.233398	1.142090	-8.120000	157.289993	-25.129999	334.00	0.292629	-0.005578	7.25	6.75	9.50	8.25	4.25	4.25	0.00	1.50	0.00	2.00	1.75	1.75	1.50	6.75	0.75	2.50	-0.246094	0.119141	1.002930	6.230000	4.900000	1.120000	599.00	-0.127681	-0.064606
1.00	0.25	0.00	0.25	0.25	0.25	0.25	0.00	0.25	1.00	4.00	3.50	1.75	1.00	12.75	2.00	2.25	-0.408691	0.260742	1.085449	-8.540000	166.880005	-33.389999	278.00	0.293062	0.014835	7.50	6.75	9.25	8.00	4.25	4.50	0.00	1.75	0.00	1.75	2.00	2.00	1.50	7.00	1.00	2.75	-0.247070	0.118164	0.999512	4.340000	4.200000	0.910000	611.00	-0.120225	-0.068366
1.01	0.25	0.25	0.25	0.00	0.25	0.00	0.00	0.00	0.75	3.50	2.25	1.50	0.75	11.00	1.50	1.75	-0.408203	0.138672	1.142578	-15.610000	175.070007	-39.060001	221.00	0.299940	0.032917	7.00	6.50	9.00	8.00	4.00	5.00	0.00	2.00	0.25	1.75	2.25	2.25	2.00	6.75	1.00	2.75	-0.244629	0.119141	0.989746	4.060000	3.710000	0.980000	618.00	-0.110637	-0.077522
1.02	0.25	0.50	0.25	0.25	0.00	0.00	0.00	0.00	0.75	3.00	1.25	0.50	0.50	9.50	1.25	1.50	-0.484863	0.360840	1.256836	-20.230000	179.339996	-41.160000	179.00	0.291228	0.053178	6.75	6.75	8.75	8.00	4.25	5.25	0.00	2.00	0.25	1.75	2.50	2.25	2.00	6.50	1.25	2.75	-0.245117	0.120605	0.994141	3.570000	3.150000	1.120000	624.00	-0.108295	-0.080661
1.03	0.25	0.25	0.00	0.25	0.25	0.00	0.00	0.00	0.75	2.75	0.50	0.50	0.25	7.75	0.75	1.25	-0.468750	0.206055	1.241699	-17.360001	183.750000	-49.139999	142.00	0.294224	0.068625	6.75	6.75	8.75	7.75	4.00	5.25	0.00	2.25	0.25	2.00	2.75	2.50	2.25	6.50	1.25	3.00	-0.243652	0.125000	0.982910	2.940000	2.730000	1.120000	634.00	-0.100783	-0.084770
1.04	0.50	0.00	0.25	0.50	0.25	0.25	0.00	0.00	0.50	2.25	0.25	0.50	0.00	6.50	0.75	0.50	-0.585938	0.263672	1.219727	-30.030001	184.240005	-52.500000	123.00	0.251685	0.071474	6.75	7.00	8.50	8.00	4.00	5.25	0.00	2.50	0.25	2.00	2.50	2.75	2.50	6.25	1.25	3.25	-0.245605	0.122070	0.986816	2.380000	2.170000	1.190000	641.00	-0.101350	-0.091611
1.05	0.25	0.00	0.50	0.25	0.25	0.00	0.00	0.00	0.25	0.75	0.25	0.50	0.00	5.25	0.25	0.25	-0.608887	0.347656	0.890625	-17.360001	184.240005	-61.389999	81.00	0.255379	0.088155	6.25	6.50	8.25	8.00	4.00	5.25	0.00	2.75	0.50	2.00	2.50	2.75	2.50	6.25	1.25	3.25	-0.247559	0.121094	0.990723	2.100000	1.820000	1.190000	636.00	-0.093511	-0.093411
1.06	0.50	0.00	0.50	0.25	0.25	0.00	0.00	0.00	0.25	0.25	0.25	0.25	0.00	3.50	0.25	0.25	-0.576660	0.356445	0.926270	-12.460000	187.389999	-73.360001	61.00	0.192444	0.085827	6.00	6.25	8.00	7.75	3.75	5.50	0.00	3.00	0.50	2.00	2.75	2.75	3.00	6.00	1.25	3.25	-0.250977	0.124023	0.984863	1.820000	1.400000	1.120000	634.00	-0.087685	-0.100961
1.07	0.25	0.25	0.25	0.25	0.25	0.00	0.00	0.00	0.00	0.25	0.25	0.25	0.25	2.00	0.25	0.00	-0.666016	0.141602	1.592285	-53.549999	173.320007	-78.820000	43.00	0.000000	0.000000	6.00	6.50	8.00	8.00	4.00	5.75	0.00	3.00	0.50	2.00	3.00	2.50	3.00	6.25	1.50	3.50	-0.245117	0.123535	0.983887	1.540000	1.050000	1.050000	650.00	-0.085483	-0.100477
1.08	0.00	0.25	0.25	0.25	0.00	0.25	0.00	0.25	0.00	0.25	0.25	0.25	0.25	0.50	0.00	0.00	-0.632812	0.197754	1.097168	-100.800003	154.979996	-80.290001	29.00	0.000000	0.000000	6.25	6.75	8.25	8.00	4.00	5.75	0.00	3.25	0.50	2.00	3.50	3.00	3.25	6.25	1.75	3.50	-0.238770	0.126953	0.980957	1.470000	0.840000	0.840000	677.00	-0.080727	-0.103478
1.09	0.00	0.25	0.50	0.50	0.25	0.25	0.00	0.00	0.00	0.25	0.00	0.25	0.25	0.50	0.25	0.00	-0.514160	0.265625	0.955566	-150.430008	139.229996	-86.239998	33.00	0.000000	0.000000	6.50	6.50	8.25	8.00	4.00	5.75	0.00	3.25	0.25	2.00	3.50	3.00	3.25	6.00	1.75	3.50	-0.246582	0.126953	0.983887	1.190000	0.560000	0.770000	672.00	-0.084022	-0.105175
1.10	0.25	0.50	0.75	0.50	0.00	0.00	0.00	0.00	0.00	0.25	0.25	0.25	0.00	0.75	0.00	0.25	-0.386719	0.252441	0.899414	-168.419998	132.300003	-91.070000	37.00	0.000000	0.000000	6.50	6.50	8.25	8.00	4.00	6.00	0.00	3.50	0.25	2.25	3.25	3.50	3.25	6.25	1.75	3.50	-0.248535	0.129395	0.983887	1.050000	0.350000	0.700000	686.00	-0.080057	-0.107334
1.11	0.25	0.25	0.75	0.75	0.00	0.00	0.00	0.25	0.00	0.25	0.25	0.25	0.00	0.50	0.00	0.00	0.282715	0.488281	1.130371	-156.729996	115.150002	-97.860001	37.00	0.000000	0.000000	6.25	6.50	8.25	7.75	4.00	6.00	0.00	3.50	0.50	2.50	3.25	3.00	3.50	6.25	1.50	3.50	-0.243652	0.123047	0.984863	0.840000	0.000000	0.560000	681.00	-0.078476	-0.104961
1.12	0.25	0.25	1.00	0.75	0.00	0.25	0.00	0.25	0.00	0.00	0.00	0.00	0.00	0.25	0.00	0.00	0.062988	0.755371	1.665039	-92.750000	74.059998	-107.730003	33.00	0.000000	0.000000	6.25	6.50	8.25	8.00	4.25	6.00	0.00	3.50	0.50	2.50	3.50	3.50	3.50	6.25	1.50	3.50	-0.247559	0.125488	0.986816	0.560000	-0.210000	0.560000	694.00	-0.076160	-0.106266
1.13	0.25	0.50	1.00	1.00	0.00	0.25	0.00	0.25	0.00	0.00	0.00	0.25	0.00	0.25	0.00	0.00	0.489258	0.595703	1.618164	-7.420000	8.820000	-107.870003	41.00	0.000000	0.000000	6.25	6.50	8.25	8.25	4.25	6.25	0.00	3.50	0.50	2.50	3.50	3.50	3.50	6.75	1.75	3.50	-0.243164	0.124023	0.988281	0.490000	-0.210000	0.420000	706.00	-0.072526	-0.105568
1.14	0.25	0.50	0.75	0.75	0.00	0.25	0.00	0.25	0.00	0.00	0.00	0.25	0.00	0.25	0.00	0.00	0.395996	0.318848	1.308105	23.030001	-53.900002	-113.820000	35.00	0.000000	0.000000	6.25	6.50	8.25	8.00	4.00	6.25	0.00	3.50	0.50	2.50	3.50	3.50	3.50	6.00	1.50	3.50	-0.247559	0.131348	0.984375	0.350000	-0.420000	0.420000	692.00	-0.077768	-0.108459
1.15	0.50	0.25	0.75	0.75	0.00	0.00	0.00	0.00	0.00	0.00	0.00	0.00	0.25	0.25	0.00	0.00	0.299316	0.205078	0.954102	7.000000	-89.389999	-120.820000	28.00	0.000000	0.000000	6.25	6.50	8.50	8.00	4.25	6.00	0.00	3.75	0.50	2.50	3.50	3.50	3.75	6.25	1.50	3.75	-0.249023	0.130371	0.981445	0.350000	-0.420000	0.210000	704.00	-0.074967	-0.108527
1.16	0.25	0.25	0.75	0.75	0.00	0.00	0.00	0.00	0.00	0.00	0.00	0.25	0.25	0.50	0.00	0.00	0.184082	0.276367	0.617676	-15.610000	-108.010002	-131.809998	31.00	0.000000	0.000000	6.25	6.50	8.25	8.00	4.25	6.00	0.00	3.75	0.50	2.50	3.75	3.50	3.75	6.25	1.50	3.75	-0.245117	0.125000	0.979492	0.210000	-0.420000	0.070000	704.00	-0.073094	-0.109338
1.17	0.25	0.50	1.00	0.50	0.00	0.25	0.00	0.25	0.00	0.25	0.00	0.50	0.25	0.25	0.00	0.00	0.135254	0.355957	0.577148	-4.620000	-111.790001	-137.130005	43.00	0.000000	0.000000	6.25	6.75	8.25	8.25	3.75	6.25	0.00	3.75	0.50	2.25	3.75	3.50	4.25	6.00	1.75	3.50	-0.251953	0.125000	0.982422	0.140000	-0.210000	-0.070000	707.00	-0.075117	-0.115091
1.18	0.75	0.25	0.75	0.75	0.00	0.00	0.00	0.25	0.00	0.00	0.00	0.25	0.25	0.25	0.00	0.00	0.104004	0.395996	0.591309	15.820000	-115.010002	-139.720001	37.00	0.000000	0.000000	6.00	6.50	8.00	8.00	4.00	6.25	0.00	3.75	0.25	2.50	3.75	3.50	3.75	7.00	1.75	3.75	-0.242676	0.127930	0.979492	-0.000000	-0.140000	-0.140000	704.00	-0.066552	-0.111303
1.19	0.75	0.25	0.75	0.75	0.00	0.00	0.00	0.00	0.00	0.00	0.00	0.00	0.25	0.50	0.00	0.00	0.072266	0.420898	0.591309	35.279999	-118.020004	-138.110001	33.00	0.000000	0.000000	5.75	6.25	7.75	7.50	3.75	5.75	0.00	3.50	0.25	2.75	3.75	3.75	3.75	7.25	1.75	4.00	-0.247070	0.130371	0.982422	-0.140000	0.070000	-0.280000	688.00	-0.056394	-0.109264
1.20	0.50	0.25	0.75	0.75	0.00	0.25	0.00	0.00	0.00	0.00	0.00	0.00	0.00	0.50	0.00	0.00	0.018066	0.438965	0.603516	48.860001	-119.419998	-132.020004	31.00	0.000000	0.000000	6.00	6.25	7.75	7.25	3.75	6.00	0.00	3.75	0.50	2.75	3.75	4.00	3.75	7.00	1.75	4.00	-0.244629	0.126953	0.983398	-0.350000	0.350000	-0.350000	698.00	-0.055870	-0.109959
1.21	0.50	0.25	0.25	0.75	0.00	0.00	0.00	0.00	0.00	0.00	0.00	0.00	0.00	0.25	0.00	0.00	-0.042480	0.486816	0.627930	57.959999	-118.860001	-121.520004	21.00	0.000000	0.000000	5.75	6.00	7.50	7.25	4.00	6.00	0.00	3.75	0.50	2.75	4.00	4.00	3.75	6.75	1.75	4.00	-0.251953	0.127441	0.977051	-0.350000	0.140000	-0.210000	694.00	-0.053182	-0.111617
1.22	0.25	0.50	0.50	0.75	0.00	0.00	0.00	0.00	0.00	0.00	0.00	0.00	0.25	0.25	0.00	0.00	-0.111816	0.543457	0.668457	70.840004	-114.730003	-97.650002	25.00	0.000000	0.000000	6.25	6.25	7.50	7.00	3.75	6.00	0.00	3.75	0.50	2.50	4.00	4.00	4.00	7.25	2.00	4.00	-0.248047	0.123535	0.978516	-0.280000	0.210000	-0.140000	702.00	-0.051607	-0.110270
1.23	0.50	0.25	0.50	0.50	0.00	0.00	0.00	0.00	0.00	0.00	0.00	0.00	0.25	0.50	0.00	0.00	-0.157715	0.558105	0.709473	80.220001	-109.830002	-76.300003	25.00	0.000000	0.000000	5.75	6.00	7.25	7.00	3.75	5.75	0.00	3.75	0.50	2.50	4.25	3.50	3.75	7.25	1.75	3.75	-0.249512	0.124512	0.980957	-0.210000	-0.210000	-0.000000	680.00	-0.050665	-0.109086
1.24	0.75	0.25	0.50	0.25	0.00	0.00	0.00	0.00	0.00	0.00	0.00	0.00	0.00	0.25	0.00	0.00	-0.187012	0.551758	0.758789	90.090004	-103.459999	-52.009998	21.00	0.000000	0.000000	5.75	6.00	7.25	7.00	3.75	5.75	0.00	3.75	0.50	2.50	4.50	3.75	4.00	7.00	2.00	4.00	-0.249023	0.126953	0.978027	-0.210000	-0.560000	0.140000	690.00	-0.046807	-0.112118
1.25	0.75	0.50	0.75	0.50	0.00	0.00	0.00	0.00	0.00	0.00	0.00	0.25	0.00	0.25	0.00	0.00	-0.207520	0.521973	0.831543	100.660004	-96.879997	-26.600000	31.00	0.000000	0.000000	5.50	5.75	7.25	7.00	3.75	5.75	0.00	4.00	0.50	2.75	4.25	4.00	4.25	7.00	2.00	4.00	-0.250488	0.125977	0.984375	-0.350000	-0.840000	0.140000	693.00	-0.042365	-0.115413
1.26	0.25	0.50	0.50	0.50	0.00	0.00	0.00	0.00	0.00	0.00	0.00	0.00	0.00	0.25	0.00	0.00	-0.240723	0.452637	0.924805	111.930000	-91.840004	-2.100000	20.00	0.000000	0.000000	5.50	5.75	7.25	7.00	4.00	5.75	0.00	4.00	0.25	2.75	4.50	4.25	4.50	7.00	1.75	4.00	-0.245117	0.125977	0.979980	-0.350000	-1.050000	0.140000	698.00	-0.043176	-0.118428
1.27	0.25	0.25	0.50	0.75	0.00	0.25	0.00	0.00	0.00	0.00	0.00	0.00	0.00	0.25	0.00	0.00	-0.270996	0.360840	1.039551	121.309998	-88.550003	19.530001	24.00	0.000000	0.000000	5.25	5.75	7.00	7.25	3.75	5.75	0.00	4.00	0.25	2.75	4.50	4.25	4.50	7.25	1.75	4.25	-0.250488	0.133789	0.976562	-0.280000	-1.330000	0.070000	696.00	-0.039402	-0.120710
1.28	0.25	0.00	0.50	0.75	0.00	0.00	0.00	0.00	0.00	0.00	0.00	0.00	0.00	0.25	0.00	0.00	-0.298828	0.254395	1.133301	126.770004	-87.849998	37.799999	19.00	0.000000	0.000000	5.50	5.75	7.00	7.25	4.00	5.75	0.00	4.00	0.50	3.00	4.50	4.25	4.50	7.25	2.00	4.00	-0.251465	0.128418	0.979980	-0.420000	-1.400000	0.210000	708.00	-0.037776	-0.116150
1.29	0.25	0.25	0.75	0.75	0.00	0.00	0.00	0.00	0.00	0.00	0.00	0.00	0.00	0.00	0.00	0.00	-0.357910	0.104004	1.229492	132.649994	-90.860001	57.330002	21.00	0.000000	0.000000	5.75	6.00	7.25	7.25	4.00	6.00	0.00	4.25	0.50	2.75	4.50	4.25	4.25	7.25	2.00	4.00	-0.250000	0.128906	0.980957	-0.420000	-1.400000	0.140000	718.00	-0.043129	-0.116366
1.30	0.25	0.50	0.75	0.50	0.00	0.00	0.00	0.00	0.00	0.00	0.00	0.00	0.00	0.00	0.00	0.00	-0.404785	0.000977	1.256836	134.889999	-94.220001	64.120003	21.00	0.000000	0.000000	5.75	6.00	7.25	7.25	4.00	6.00	0.00	4.00	0.25	2.75	4.50	4.25	4.50	7.00	1.50	4.25	-0.249023	0.128418	0.973633	-0.420000	-1.470000	0.140000	707.00	-0.047982	-0.119269
1.31	0.25	0.50	0.50	0.25	0.00	0.00	0.00	0.00	0.00	0.00	0.00	0.00	0.00	0.25	0.00	0.00	-0.427734	-0.082520	1.264648	135.100006	-97.230003	65.590004	18.00	0.000000	0.000000	5.75	6.00	7.25	7.25	4.00	5.75	0.00	4.25	0.50	3.00	4.50	4.50	4.75	7.50	1.50	4.00	-0.250977	0.130859	0.979980	-0.560000	-1.400000	0.070000	721.00	-0.041440	-0.117236
1.32	0.25	0.25	0.50	0.25	0.00	0.00	0.00	0.00	0.00	0.00	0.00	0.00	0.00	0.00	0.00	0.00	-0.450684	-0.177734	1.275879	132.440002	-99.959999	62.230000	13.00	0.000000	0.000000	5.50	6.25	7.50	7.25	4.00	6.00	0.00	4.25	0.50	2.75	4.50	4.75	4.75	7.50	1.75	4.25	-0.244141	0.128906	0.981445	-0.560000	-1.330000	0.140000	731.00	-0.040349	-0.119508
1.33	0.25	0.25	0.50	0.25	0.00	0.00	0.00	0.00	0.00	0.00	0.00	0.00	0.00	0.00	0.00	0.00	-0.480469	-0.237305	1.286133	127.400002	-102.480003	54.529999	13.00	0.000000	0.000000	5.50	6.00	7.25	7.25	4.00	6.00	0.00	4.00	0.50	2.75	4.50	4.50	4.50	7.50	1.75	4.25	-0.246582	0.130371	0.979980	-0.700000	-1.260000	0.070000	717.00	-0.039961	-0.117045
1.34	0.25	0.50	0.50	0.25	0.00	0.00	0.00	0.00	0.00	0.00	0.00	0.00	0.25	0.00	0.00	0.00	-0.496094	-0.295898	1.299805	117.459999	-107.239998	38.639999	18.00	0.000000	0.000000	5.25	6.00	7.00	7.00	4.00	6.00	0.00	4.00	0.50	2.75	4.50	4.50	4.50	7.50	1.75	4.00	-0.248535	0.132812	0.979980	-0.770000	-1.260000	0.070000	707.00	-0.037552	-0.117889
1.35	0.50	0.50	0.50	0.00	0.00	0.25	0.00	0.25	0.00	0.00	0.00	0.00	0.00	0.00	0.00	0.00	-0.495117	-0.299316	1.281250	113.889999	-108.779999	33.040001	22.00	0.000000	0.000000	5.50	6.00	6.75	7.00	3.75	6.00	0.00	4.25	0.50	2.75	4.50	5.00	4.50	7.50	1.75	4.25	-0.248535	0.131348	0.974609	-0.910000	-1.120000	0.070000	715.00	-0.034945	-0.121704
1.36	0.50	0.25	0.25	0.25	0.00	0.00	0.00	0.00	0.00	0.00	0.00	0.00	0.00	0.25	0.00	0.00	-0.500488	-0.277832	1.263672	105.769997	-112.559998	16.590000	15.00	0.000000	0.000000	5.50	5.75	7.00	7.25	3.75	5.75	0.00	4.25	0.50	3.00	4.75	4.25	4.50	7.50	2.00	4.00	-0.247559	0.127441	0.975586	-0.980000	-1.120000	0.070000	714.00	-0.034995	-0.117425
1.37	0.25	0.00	0.25	0.25	0.00	0.00	0.00	0.00	0.00	0.00	0.00	0.25	0.00	0.00	0.00	0.00	-0.522461	-0.249512	1.246582	104.300003	-114.239998	7.140000	11.00	0.000000	0.000000	5.50	5.75	7.25	7.00	4.00	5.75	0.00	4.25	0.50	2.75	4.75	4.25	4.50	7.75	2.00	4.25	-0.250488	0.129883	0.974609	-1.190000	-0.910000	-0.000000	718.00	-0.034193	-0.115680
1.38	0.00	0.25	0.50	0.00	0.00	0.00	0.00	0.00	0.00	0.00	0.00	0.00	0.00	0.00	0.00	0.00	-0.541992	-0.245117	1.210938	104.720001	-113.889999	-1.260000	8.00	0.000000	0.000000	5.50	6.00	7.00	7.00	4.00	5.75	0.00	4.25	0.50	2.75	4.75	4.25	4.75	8.00	1.75	4.00	-0.244141	0.135254	0.974609	-1.260000	-0.910000	-0.070000	717.00	-0.034946	-0.116562
1.39	0.25	0.50	0.25	0.25	0.00	0.00	0.00	0.00	0.00	0.00	0.00	0.00	0.00	0.00	0.00	0.00	-0.580566	-0.263672	1.189453	105.279999	-111.860001	-9.240000	13.00	0.000000	0.000000	5.75	6.00	7.00	7.00	4.00	5.75	0.00	4.25	0.50	2.75	5.00	4.50	4.75	8.00	2.00	4.25	-0.250977	0.132324	0.979492	-1.260000	-0.980000	-0.070000	729.00	-0.032105	-0.116649
1.40	0.25	0.25	0.25	0.25	0.00	0.00	0.00	0.00	0.00	0.00	0.00	0.00	0.25	0.00	0.00	0.00	-0.622070	-0.291992	1.164062	104.720001	-108.500000	-17.780001	13.00	0.000000	0.000000	5.50	5.75	6.75	7.00	4.00	5.50	0.00	4.50	0.50	2.75	5.25	4.75	4.75	8.25	2.00	4.25	-0.248535	0.125977	0.979492	-1.400000	-0.980000	-0.070000	730.00	-0.025044	-0.118716
1.41	0.25	0.00	0.25	0.25	0.00	0.00	0.00	0.00	0.00	0.00	0.00	0.00	0.25	0.00	0.00	0.00	-0.652832	-0.290039	1.134277	102.690002	-104.860001	-26.460001	10.00	0.000000	0.000000	5.50	6.00	6.75	6.75	3.75	5.50	0.00	4.25	0.75	2.75	5.25	4.75	4.75	8.25	1.75	4.25	-0.249512	0.133789	0.981445	-1.470000	-0.980000	-0.140000	724.00	-0.025284	-0.116068
1.42	0.50	0.25	0.25	0.50	0.00	0.00	0.00	0.00	0.00	0.00	0.00	0.00	0.00	0.25	0.00	0.00	-0.667480	-0.286133	1.077148	97.650002	-97.510002	-38.360001	18.00	0.000000	0.000000	5.25	5.50	6.75	6.75	4.00	5.50	0.00	4.25	0.75	3.00	5.25	4.75	4.75	8.25	2.00	4.25	-0.252930	0.130371	0.979492	-1.540000	-1.050000	-0.070000	725.00	-0.019299	-0.115112
1.43	0.25	0.25	0.50	0.25	0.00	0.00	0.00	0.00	0.00	0.00	0.00	0.00	0.00	0.25	0.00	0.00	-0.655762	-0.276855	1.035156	94.220001	-91.279999	-44.660000	15.00	0.000000	0.000000	5.25	5.50	6.75	6.50	3.75	5.50	0.00	4.50	0.50	3.25	4.75	5.00	4.75	8.50	2.00	4.25	-0.250000	0.130371	0.978027	-1.400000	-0.980000	-0.140000	722.00	-0.017827	-0.117735
1.44	0.25	0.00	0.25	0.00	0.00	0.00	0.00	0.00	0.00	0.00	0.00	0.00	0.00	0.00	0.00	0.00	-0.645020	-0.296387	0.988281	90.019997	-83.370003	-50.330002	5.00	0.000000	0.000000	5.00	5.50	6.75	6.50	3.75	5.75	0.00	4.25	0.75	3.00	5.25	5.25	5.25	8.75	2.25	4.25	-0.244141	0.130859	0.981445	-1.610000	-0.980000	-0.210000	736.00	-0.010277	-0.118254
1.45	0.25	0.25	0.25	0.25	0.00	0.00	0.00	0.00	0.00	0.00	0.00	0.00	0.00	0.00	0.00	0.00	-0.629883	-0.323242	0.957520	83.720001	-73.989998	-55.439999	10.00	0.000000	0.000000	5.00	5.75	6.50	6.75	3.75	5.50	0.00	4.25	0.75	3.00	5.50	5.25	5.00	8.50	2.25	4.25	-0.249512	0.126465	0.979004	-1.610000	-0.980000	-0.210000	734.00	-0.012007	-0.118855
1.46	0.25	0.00	0.25	0.25	0.00	0.00	0.00	0.00	0.00	0.00	0.00	0.00	0.00	0.00	0.00	0.00	-0.627441	-0.341797	0.922852	76.930000	-64.120003	-60.340000	8.00	0.000000	0.000000	4.50	5.50	6.25	6.50	3.75	5.50	0.00	4.50	0.50	3.00	5.50	5.25	5.00	8.75	2.00	4.50	-0.250000	0.131836	0.971680	-1.680000	-0.840000	-0.420000	722.00	-0.006679	-0.123584
1.47	0.00	0.00	0.25	0.00	0.00	0.00	0.00	0.00	0.00	0.00	0.00	0.00	0.00	0.00	0.00	0.00	-0.618164	-0.365723	0.902832	70.209999	-54.180000	-65.590004	3.00	0.000000	0.000000	5.00	5.25	6.25	6.25	3.75	5.50	0.00	4.50	0.50	3.25	5.75	5.00	5.25	9.00	2.00	4.50	-0.248047	0.127930	0.979492	-1.610000	-0.700000	-0.210000	729.00	-0.004454	-0.120226
1.48	0.00	0.25	0.25	0.00	0.00	0.00	0.00	0.00	0.00	0.00	0.00	0.25	0.00	0.00	0.00	0.00	-0.622070	-0.382324	0.906738	62.860001	-45.009998	-70.910004	8.00	0.000000	0.000000	5.25	5.25	6.25	6.25	4.00	5.50	0.00	4.25	0.75	3.50	5.75	5.25	5.25	9.50	2.00	4.25	-0.247559	0.124512	0.974121	-1.540000	-0.700000	-0.350000	742.00	-0.001761	-0.113536
1.49	0.25	0.25	0.25	0.25	0.00	0.00	0.00	0.00	0.00	0.00	0.00	0.00	0.00	0.00	0.00	0.00	-0.622559	-0.387695	0.920410	51.730000	-34.580002	-78.330002	10.00	0.000000	0.000000	4.00	5.50	6.00	6.25	3.75	5.50	0.00	4.50	0.75	3.50	5.75	5.50	5.50	9.50	2.25	4.50	-0.255859	0.126953	0.979980	-1.330000	-0.350000	-0.490000	738.00	0.008758	-0.122376
1.50	0.25	0.25	0.50	0.25	0.00	0.00	0.00	0.00	0.00	0.00	0.00	0.00	0.00	0.25	0.00	0.00	-0.626465	-0.387695	0.911621	43.610001	-29.330000	-82.180000	15.00	0.000000	0.000000	4.50	5.50	5.75	6.25	3.75	5.25	0.00	4.50	0.50	3.50	5.50	5.75	5.75	10.00	2.25	4.75	-0.244629	0.131348	0.981445	-1.190000	-0.280000	-0.280000	743.00	0.009788	-0.123013
1.51	0.00	0.25	0.25	0.25	0.00	0.00	0.00	0.00	0.00	0.00	0.00	0.00	0.00	0.00	0.00	0.00	-0.624023	-0.380371	0.879395	33.529999	-24.710001	-85.540001	8.00	0.000000	0.000000	4.00	5.00	5.25	6.00	3.75	5.25	0.00	4.50	0.50	3.75	6.00	5.75	6.00	10.50	2.25	4.50	-0.246582	0.129395	0.972656	-0.770000	0.140000	-0.420000	737.00	0.023039	-0.123797
1.52	0.00	0.00	0.00	0.50	0.00	0.00	0.00	0.00	0.00	0.00	0.00	0.00	0.00	0.00	0.00	0.00	-0.613281	-0.363770	0.846191	23.450001	-19.250000	-88.340004	5.00	0.000000	0.000000	3.50	5.00	5.50	5.75	3.25	5.25	0.00	4.50	0.75	3.50	6.25	5.75	6.00	10.50	2.25	4.50	-0.248535	0.131348	0.985352	-0.770000	0.700000	-0.560000	730.00	0.028237	-0.124500
1.53	0.25	0.00	0.25	0.25	0.00	0.00	0.00	0.00	0.00	0.00	0.00	0.00	0.00	0.00	0.00	0.00	-0.595703	-0.345703	0.809082	15.190001	-12.390000	-90.160004	8.00	0.000000	0.000000	3.50	4.75	5.25	5.25	3.25	5.00	0.00	4.50	1.00	3.75	6.50	6.25	6.00	10.50	2.25	4.75	-0.250488	0.132324	0.972656	-0.770000	1.050000	-0.700000	732.00	0.038186	-0.122979
1.54	0.50	0.25	0.50	0.25	0.00	0.00	0.00	0.00	0.00	0.00	0.00	0.25	0.00	0.00	0.00	0.00	-0.583984	-0.303711	0.788086	9.800000	-5.320000	-90.790001	18.00	0.000000	0.000000	3.25	5.00	4.25	5.25	3.25	5.00	0.00	4.50	0.50	4.25	6.75	6.50	5.75	11.25	2.50	4.75	-0.255371	0.132812	0.983398	-0.770000	1.400000	-0.910000	731.00	0.047936	-0.126224
1.55	0.25	0.25	0.75	0.50	0.00	0.00	0.00	0.00	0.00	0.00	0.00	0.00	0.00	0.00	0.00	0.00	-0.569336	-0.276855	0.776367	7.420000	1.820000	-89.739998	19.00	0.000000	0.000000	3.25	4.50	4.25	5.00	3.00	4.75	0.00	4.50	0.50	4.25	7.00	6.50	6.00	11.50	2.50	4.50	-0.249512	0.134277	0.976074	-0.840000	1.680000	-1.050000	724.00	0.055066	-0.125478
1.56	0.25	0.25	0.50	0.25	0.00	0.00	0.00	0.00	0.00	0.00	0.00	0.00	0.00	0.00	0.00	0.00	-0.538086	-0.246094	0.762695	3.500000	12.670000	-83.370003	13.00	0.000000	0.000000	3.50	4.50	4.00	5.00	3.00	4.50	0.00	4.25	1.00	4.50	7.00	6.50	6.25	11.25	2.50	4.75	-0.253418	0.133301	0.975098	-0.840000	2.310000	-1.260000	728.00	0.058130	-0.121491
1.57	0.50	0.50	0.50	0.25	0.00	0.00	0.00	0.00	0.00	0.25	0.00	0.00	0.00	0.00	0.00	0.00	-0.494141	-0.221191	0.751953	-3.710000	20.580000	-77.349998	21.00	0.000000	0.000000	3.00	3.75	3.25	4.00	2.50	4.50	0.00	4.25	1.00	4.50	7.25	6.50	6.25	11.75	3.00	5.00	-0.249512	0.132324	0.983887	-0.980000	2.660000	-1.470000	704.00	0.082798	-0.123314
1.58	0.25	0.00	0.25	0.25	0.00	0.00	0.00	0.00	0.00	0.25	0.00	0.00	0.00	0.00	0.00	0.00	-0.459473	-0.154785	0.755859	-9.870000	28.420000	-69.019997	11.00	0.000000	0.000000	2.00	3.00	3.25	3.50	2.50	4.25	0.00	4.25	1.25	5.00	7.75	6.50	6.50	12.00	3.00	5.00	-0.247559	0.138184	0.978027	-1.260000	3.360000	-1.960000	697.00	0.103145	-0.121767
1.59	0.25	0.00	0.25	0.25	0.00	0.00	0.00	0.00	0.00	0.25	0.00	0.00	0.00	0.00	0.00	0.00	-0.426270	-0.107910	0.736328	-13.230000	36.119999	-58.029999	11.00	0.000000	0.000000	1.50	3.00	2.75	3.00	2.25	3.75	0.00	4.25	1.50	5.25	8.50	6.75	6.25	13.00	3.25	5.00	-0.259766	0.127441	0.977051	-1.610000	4.480000	-2.520000	698.00	0.123538	-0.117080
1.60	0.00	0.25	0.25	0.25	0.25	0.00	0.00	0.00	0.00	0.00	0.00	0.00	0.00	0.00	0.00	0.00	-0.311523	0.041016	0.518066	-17.430000	44.170002	-45.500000	11.00	0.000000	0.000000	1.75	1.75	2.50	2.75	2.00	3.50	0.00	4.00	1.75	5.50	8.75	7.00	6.25	13.75	3.25	4.75	-0.253418	0.129395	0.983887	-1.750000	5.250000	-3.220000	690.00	0.140599	-0.109427
1.61	0.00	0.00	0.50	0.50	0.00	0.00	0.00	0.00	0.00	0.00	0.00	0.00	0.00	0.00	0.00	0.00	-0.416504	0.144043	1.135254	-193.479996	6.230000	-32.619999	11.00	0.000000	0.000000	1.50	1.75	2.25	2.75	2.00	3.00	0.00	4.00	2.00	6.00	8.75	7.25	6.50	14.25	3.25	5.25	-0.257812	0.131348	0.976074	-1.820000	6.160000	-3.850000	700.00	0.150641	-0.107510
1.62	0.00	0.25	0.25	0.25	0.00	0.00	0.00	0.00	0.00	0.25	0.00	0.00	0.00	0.00	0.00	0.00	-0.364258	0.068848	0.941895	-135.169998	-0.630000	-17.430000	10.00	0.000000	0.000000	1.50	2.25	2.25	2.25	1.75	2.75	0.00	3.75	2.25	6.25	8.75	8.00	6.50	14.50	3.00	5.25	-0.254883	0.133789	0.981445	-1.890000	7.980000	-4.760000	703.00	0.154768	-0.104393
1.63	0.25	0.25	0.25	0.50	0.00	0.00	0.00	0.00	0.00	0.25	0.00	0.25	0.00	0.00	0.00	0.00	-0.365234	0.733887	1.083008	-141.190002	-13.440001	-5.600000	18.00	0.000000	0.000000	0.50	1.50	2.00	2.00	1.50	2.25	0.00	3.50	2.50	7.00	9.00	7.75	6.75	14.75	3.00	5.25	-0.256836	0.135254	0.985840	-1.400000	9.380000	-5.530000	683.00	0.179373	-0.100856
1.64	0.50	0.50	0.75	1.00	0.00	0.25	0.00	0.00	0.00	0.00	0.00	0.50	0.00	0.00	0.00	0.00	0.272949	0.060059	0.696777	-141.820007	11.060000	-27.860001	37.00	0.000000	0.000000	0.50	0.50	1.75	1.75	1.25	2.00	0.00	3.50	2.75	7.00	9.00	7.50	6.75	15.75	3.00	5.25	-0.253906	0.123047	0.983887	-0.700000	10.780000	-6.090000	672.00	0.197100	-0.094094
1.65	0.75	1.00	1.00	2.25	0.00	0.25	0.00	0.25	0.00	0.00	0.00	0.25	0.00	0.00	0.00	0.00	-0.084961	0.223145	0.626953	-158.619995	14.770000	-43.470001	62.00	-0.273307	-0.133139	0.25	0.25	1.50	1.50	1.25	1.75	0.00	3.25	2.75	7.50	9.25	7.50	6.50	16.25	3.00	5.50	-0.255371	0.139648	0.982910	-0.210000	12.460000	-6.650000	667.00	0.210353	-0.088804
1.66	1.00	2.25	1.50	3.25	0.00	0.50	0.00	0.50	0.00	0.00	0.00	0.25	0.25	0.00	0.00	0.00	-0.316406	0.078613	1.042969	-175.979996	29.820000	-42.630001	101.00	-0.271520	-0.148887	0.25	0.25	1.00	1.25	1.00	1.75	0.00	3.00	2.75	7.75	9.50	7.75	6.25	16.50	3.00	5.25	-0.260742	0.124512	0.993652	0.630000	14.980000	-7.630000	658.00	0.219799	-0.086401
1.67	2.75	3.75	3.50	5.25	0.25	0.75	0.00	0.50	0.00	0.00	0.00	0.25	0.50	0.25	0.00	0.00	-0.472656	0.807129	-0.529297	-14.000000	-16.030001	-8.260000	187.00	-0.279391	-0.104374	0.50	0.25	1.25	1.50	0.75	1.00	0.00	2.75	3.00	8.00	10.00	7.50	6.50	16.75	3.25	5.25	-0.250977	0.118652	1.016602	2.100000	21.420000	-6.510000	667.00	0.222117	-0.079470
1.68	4.50	4.75	5.00	6.25	0.25	1.75	0.00	0.75	0.00	0.00	0.00	0.25	0.75	0.25	0.00	0.25	-0.153809	0.226074	0.781250	10.780000	-5.600000	0.910000	260.00	-0.276030	-0.099661	0.25	0.25	1.00	0.75	0.75	0.75	0.00	2.25	3.00	8.00	10.00	8.00	5.75	17.00	3.00	5.00	-0.266602	0.132812	1.007812	4.200000	30.030001	-5.670000	640.00	0.237686	-0.071098
1.69	5.00	5.00	5.75	7.25	0.25	2.00	0.00	1.00	0.00	0.00	0.00	0.25	0.50	0.25	0.00	0.50	-0.147461	0.105957	0.946289	8.120000	5.810000	2.660000	293.00	-0.275279	-0.099509	0.50	0.25	0.75	0.50	0.50	0.25	0.00	1.75	3.25	7.75	9.75	7.50	5.50	17.25	3.00	4.75	-0.268555	0.161621	1.053223	5.180000	37.520000	-7.350000	613.00	0.248797	-0.059017
1.70	4.50	5.00	5.25	6.25	0.25	2.00	0.00	1.00	0.00	0.25	0.00	0.00	0.50	0.25	0.00	0.50	-0.283203	0.072754	1.051270	4.830000	7.980000	0.350000	271.00	-0.272308	-0.098827	0.50	0.25	0.25	0.75	0.25	0.00	0.00	1.50	3.25	8.00	10.00	7.25	5.25	17.75	3.00	4.75	-0.264648	0.137207	1.050781	7.420000	48.160000	-9.520000	605.00	0.257739	-0.054209
1.71	3.75	4.00	4.00	5.25	0.25	1.75	0.00	0.75	0.00	0.00	0.00	0.25	0.50	0.50	0.00	1.25	-0.203125	0.106934	0.954102	3.920000	6.860000	1.540000	229.00	-0.250136	-0.107005	0.25	0.25	0.25	0.25	0.00	0.00	0.00	1.25	4.00	8.00	9.75	7.25	4.50	18.25	3.00	4.50	-0.306152	0.157227	1.065918	7.840000	59.360001	-11.130000	594.00	0.271105	-0.039304
1.72	2.25	3.25	3.25	4.50	0.50	1.50	0.00	0.75	0.00	0.25	0.25	0.50	0.75	1.00	0.00	1.25	-0.204590	0.107422	0.961426	4.970000	7.420000	1.330000	204.00	-0.193853	-0.118428	0.25	0.25	0.25	0.00	0.00	0.00	0.00	0.75	4.00	8.00	9.50	6.50	4.25	17.75	2.75	4.25	-0.299316	0.132324	1.088379	4.620000	69.930000	-12.180000	563.00	0.277236	-0.028826
1.73	1.75	2.75	3.25	4.50	0.50	1.50	0.00	1.00	0.00	0.50	0.25	0.75	0.75	1.75	0.00	1.50	-0.235352	0.096680	0.986816	5.530000	6.860000	1.260000	211.00	-0.148357	-0.120148	0.25	0.25	0.25	0.00	0.25	0.00	0.00	0.50	3.75	7.75	8.75	6.00	3.75	17.50	2.50	4.25	-0.341797	0.120117	1.076172	-1.120000	83.370003	-11.970000	534.00	0.278673	-0.021212
1.74	2.00	3.00	3.00	4.50	0.50	1.75	0.00	1.00	0.00	0.25	0.00	1.00	0.75	1.50	0.25	1.75	-0.234375	0.109863	0.965332	4.760000	5.460000	1.120000	216.00	-0.153230	-0.130642	0.25	0.25	0.25	0.25	0.25	0.25	0.00	0.25	4.25	7.50	8.25	5.25	3.25	17.75	2.75	4.25	-0.340332	0.121582	1.036133	-4.550000	90.230003	-11.200000	526.00	0.279198	-0.008451
1.75	1.75	3.25	3.00	4.00	0.50	1.75	0.00	1.00	0.00	0.25	0.00	1.00	1.00	2.00	0.00	2.00	-0.214844	0.113281	0.974121	4.690000	3.780000	1.120000	215.00	-0.138767	-0.130479	0.25	0.25	0.50	0.25	0.25	0.00	0.00	0.25	4.00	7.50	8.25	5.00	3.00	17.25	2.75	4.00	-0.357422	0.105957	1.039551	-5.530000	97.160004	-10.780000	513.00	0.278179	-0.005665
1.76	2.25	3.00	3.50	4.00	0.50	1.75	0.00	1.25	0.00	0.50	0.25	1.00	1.25	2.50	0.00	2.00	-0.226074	0.106934	0.975586	4.410000	2.170000	0.630000	239.00	-0.122014	-0.119213	0.25	0.50	0.25	0.00	0.00	0.25	0.00	0.00	4.00	7.50	7.75	4.75	2.50	17.00	2.75	4.00	-0.355957	0.150879	1.035645	-7.140000	103.459999	-10.430000	491.00	0.284595	0.001360
1.77	2.50	3.00	3.75	4.50	0.75	1.75	0.00	1.25	0.00	0.50	0.50	1.25	1.25	2.50	0.00	2.25	-0.224121	0.110840	0.975098	4.200000	1.540000	0.420000	259.00	-0.120497	-0.117793	0.25	0.75	0.00	0.25	0.00	0.00	0.00	0.00	4.25	7.25	7.50	4.00	2.00	17.00	2.75	4.00	-0.382324	0.149414	1.016602	-8.330000	109.760002	-11.410000	477.00	0.286333	0.011615
1.78	2.75	3.75	4.50	5.25	0.75	2.00	0.00	1.25	0.00	0.75	0.75	1.50	1.25	2.50	0.25	2.50	-0.217285	0.108887	0.972656	4.130000	1.470000	0.420000	300.00	-0.122823	-0.116060	0.25	0.25	0.00	0.25	0.00	0.25	0.00	0.00	4.00	7.00	7.00	3.75	2.00	17.00	2.50	4.00	-0.400879	0.143066	0.983887	-10.080000	115.639999	-13.160000	458.00	0.291715	0.013304
1.79	3.00	3.75	4.75	5.50	1.25	2.75	0.00	1.50	0.00	0.25	0.75	1.50	1.25	3.25	0.50	2.50	-0.223145	0.111328	0.972656	4.130000	1.680000	0.420000	329.00	-0.118213	-0.114450	0.25	0.25	0.25	0.25	0.00	0.25	0.00	0.00	4.00	7.00	6.25	3.50	2.00	16.50	2.50	3.75	-0.431152	0.166504	0.981445	-12.460000	123.129997	-16.170000	445.00	0.288517	0.017316
1.80	3.25	3.75	4.50	5.50	1.25	2.75	0.00	1.50	0.00	0.25	0.75	1.25	1.75	3.25	0.50	2.50	-0.220215	0.119629	0.974121	4.130000	1.820000	0.630000	331.00	-0.118036	-0.117529	0.25	0.25	0.50	0.00	0.00	0.00	0.00	0.00	3.75	7.00	6.25	3.00	1.50	15.50	2.50	3.50	-0.493652	0.208008	0.973145	-13.440001	128.869995	-20.370001	420.00	0.291201	0.025952
1.81	3.25	4.00	4.75	5.50	1.00	2.75	0.00	1.75	0.00	0.75	0.75	1.25	2.00	3.50	0.50	2.50	-0.215332	0.118652	0.972168	4.200000	2.030000	0.770000	346.00	-0.109545	-0.118232	0.00	0.00	0.25	0.00	0.00	0.00	0.00	0.00	3.50	6.75	5.75	2.75	1.50	15.25	2.00	3.25	-0.476074	0.153809	1.025391	-15.260000	135.029999	-25.340000	390.00	0.303586	0.029644
1.82	3.25	3.75	4.75	6.00	1.25	3.25	0.00	1.75	0.00	0.25	0.50	1.50	1.75	3.50	0.00	2.50	-0.220215	0.119141	0.965820	4.270000	2.170000	1.050000	345.00	-0.126150	-0.123128	0.00	0.25	0.25	0.00	0.00	0.00	0.00	0.00	3.25	6.25	5.25	2.25	1.25	14.00	2.00	2.75	-0.481445	0.108398	1.125488	-21.490000	138.039993	-25.900000	357.00	0.299988	0.033762
1.83	2.75	4.25	5.25	6.25	1.25	3.50	0.00	2.00	0.00	0.25	0.50	2.00	2.00	4.00	0.25	3.00	-0.218262	0.125000	0.969727	4.550000	2.030000	1.190000	376.00	-0.108442	-0.130284	0.00	0.25	0.00	0.00	0.00	0.25	0.00	0.00	3.25	6.25	4.75	1.50	1.00	13.00	2.00	2.75	-0.509766	0.162598	1.054199	-21.139999	148.119995	-27.860001	333.00	0.302367	0.040511
1.84	3.50	4.50	5.50	7.00	1.75	3.75	0.00	2.25	0.00	0.50	0.75	2.00	2.25	4.00	0.50	3.25	-0.223633	0.123047	0.968262	4.830000	1.820000	1.400000	421.00	-0.109338	-0.127958	0.00	0.25	0.00	0.00	0.00	0.00	0.00	0.00	3.25	6.25	4.50	2.00	0.75	12.00	1.75	2.50	-0.534180	0.186035	1.112305	-22.960001	160.089996	-30.799999	319.00	0.302118	0.041169
1.85	4.00	5.00	5.50	7.25	1.75	4.25	0.00	2.50	0.00	0.75	1.25	2.25	2.50	4.25	0.50	2.75	-0.219238	0.116699	0.968262	5.180000	1.470000	1.400000	455.00	-0.107905	-0.128963	0.00	0.25	0.00	0.00	0.00	0.00	0.00	0.00	2.75	5.50	3.75	1.00	0.75	11.50	1.75	2.25	-0.571777	0.106445	1.104980	-24.639999	168.839996	-34.299999	280.00	0.308663	0.051831
1.86	5.00	5.25	6.50	7.50	2.00	5.00	0.00	2.75	0.00	0.25	1.00	2.25	2.75	4.25	0.50	3.25	-0.221680	0.112305	0.969727	5.390000	0.980000	1.750000	493.00	-0.121855	-0.127671	0.00	0.25	0.00	0.00	0.00	0.00	0.00	0.00	2.75	4.75	3.00	0.50	0.75	10.25	1.50	1.75	-0.594238	0.072754	1.227539	-32.480000	176.539993	-35.209999	243.00	0.309519	0.064419
1.87	4.75	5.50	7.00	8.00	2.00	5.25	0.00	2.75	0.00	0.25	1.00	2.75	3.00	4.50	0.50	3.25	-0.213867	0.124512	0.975586	5.390000	0.630000	1.680000	516.00	-0.118430	-0.130337	0.00	0.00	0.25	0.00	0.00	0.00	0.00	0.00	2.25	4.00	2.25	0.50	0.50	9.00	1.50	1.75	-0.596680	0.189941	1.110840	-30.940001	185.430008	-32.830002	209.00	0.313388	0.067188
1.88	5.00	5.75	7.25	8.50	2.25	6.00	0.00	3.25	0.00	0.50	2.00	3.00	3.00	5.00	0.75	3.50	-0.229004	0.122559	0.968750	5.600000	0.140000	1.680000	572.00	-0.105404	-0.131364	0.00	0.00	0.00	0.00	0.00	0.00	0.00	0.00	2.00	3.25	1.50	0.50	0.50	7.50	1.25	1.50	-0.669922	-0.013184	1.134277	-30.940001	201.389999	-34.439999	170.00	0.322025	0.068487
1.89	5.50	6.00	7.50	9.50	2.50	6.50	0.00	3.75	0.00	1.00	2.00	3.00	3.25	5.25	0.25	3.75	-0.224609	0.119629	0.975098	5.950000	-0.770000	1.890000	614.00	-0.110079	-0.133023	0.00	0.00	0.00	0.00	0.00	0.25	0.00	0.00	2.00	2.50	0.75	0.25	0.50	6.50	1.25	1.00	-0.810059	0.067383	1.205078	-32.130001	205.380005	-32.480000	144.00	0.318728	0.079802
1.90	5.50	6.25	8.00	10.00	2.50	7.00	0.00	4.25	0.00	1.00	1.75	2.75	3.50	5.25	0.25	3.50	-0.215332	0.124023	0.973633	5.600000	-0.910000	2.030000	636.00	-0.116028	-0.136408	0.00	0.00	0.25	0.00	0.00	0.25	0.00	0.00	1.50	2.00	0.25	0.00	0.50	4.75	1.00	1.00	-0.769043	0.122559	1.436523	3.290000	198.449997	-29.820000	109.00	0.303391	0.078130
1.91	6.00	6.25	8.50	10.75	2.75	7.75	0.00	4.75	0.00	1.00	1.75	3.00	3.75	5.50	0.50	3.75	-0.220215	0.125488	0.970703	5.320000	-1.260000	2.100000	685.00	-0.114040	-0.138259	0.00	0.00	0.25	0.00	0.00	0.25	0.00	0.00	1.00	1.50	0.25	0.00	0.25	3.50	0.75	0.50	-0.798828	0.084473	1.232910	-14.630000	197.539993	-31.780001	79.00	0.294951	0.082990
1.92	6.50	6.50	8.50	11.00	3.00	8.25	0.00	4.75	0.00	1.00	2.00	3.25	4.00	5.50	0.50	4.25	-0.220215	0.127930	0.972168	4.970000	-1.190000	2.030000	713.00	-0.113008	-0.139297	0.00	0.00	0.25	0.25	0.00	0.00	0.00	0.00	0.50	0.50	0.25	0.25	0.25	1.50	0.75	0.25	-0.734375	0.150391	1.246094	-34.509998	191.869995	-32.340000	47.00	0.000000	0.000000
1.93	6.25	6.75	8.50	11.75	3.25	8.25	0.00	5.25	0.00	1.25	2.50	3.25	4.25	5.50	0.25	4.50	-0.218750	0.131836	0.979004	4.550000	-1.050000	2.030000	740.00	-0.110403	-0.143638	0.00	0.00	0.25	0.25	0.00	0.00	0.00	0.00	0.25	0.50	0.25	0.25	0.25	0.75	0.25	0.25	-0.729492	0.045898	1.075684	-56.070000	179.130005	-37.380001	32.00	0.000000	0.000000
1.94	6.25	6.75	9.00	11.50	3.00	8.75	0.00	5.50	0.00	1.25	2.75	3.25	4.75	5.75	0.50	4.50	-0.212891	0.134277	0.976074	4.340000	-0.910000	1.960000	761.00	-0.104656	-0.145145	0.00	0.00	0.50	0.25	0.00	0.00	0.00	0.00	0.25	0.25	0.25	0.25	0.25	0.50	0.00	0.25	-0.584961	0.112305	0.847656	-72.870003	178.149994	-40.180000	27.00	0.000000	0.000000
1.95	6.25	6.75	9.00	11.75	3.25	9.00	0.00	5.50	0.00	1.50	2.50	3.50	4.75	6.00	0.75	4.25	-0.212891	0.133789	0.972168	3.850000	-0.840000	1.680000	776.00	-0.102094	-0.143659	0.25	0.00	0.50	0.50	0.00	0.00	0.00	0.00	0.00	0.25	0.25	0.00	0.00	0.50	0.00	0.00	-0.744141	0.099121	0.849609	-98.000000	166.180008	-43.820000	23.00	0.000000	0.000000
1.96	6.00	6.75	9.00	11.75	3.00	9.25	0.00	5.75	0.00	1.50	2.50	4.00	5.00	6.00	0.75	4.50	-0.213379	0.138184	0.974121	3.430000	-0.280000	1.190000	786.00	-0.097126	-0.149045	0.25	0.00	0.75	0.50	0.00	0.00	0.00	0.00	0.00	0.25	0.00	0.00	0.00	0.50	0.00	0.00	0.157227	0.133789	0.895996	-124.529999	146.789993	-42.910000	23.00	0.000000	0.000000
1.97	6.25	6.75	8.75	11.50	3.25	9.25	0.25	6.00	0.00	1.50	3.25	3.75	5.00	6.00	1.00	4.75	-0.220703	0.132812	0.978027	2.940000	-0.000000	1.050000	802.00	-0.091145	-0.146620	0.25	0.00	0.75	0.25	0.25	0.00	0.00	0.00	0.00	0.00	0.00	0.00	0.00	0.00	0.00	0.00	0.093262	0.460938	1.285645	-116.129997	102.269997	-42.560001	16.00	0.000000	0.000000
1.98	6.25	6.75	8.75	11.25	3.25	9.25	0.00	6.00	0.00	1.50	3.25	4.75	5.50	6.00	0.50	4.75	-0.218750	0.138184	0.970703	2.800000	0.280000	0.910000	805.00	-0.089214	-0.152247	0.00	0.25	0.75	0.25	0.00	0.00	0.00	0.00	0.00	0.00	0.25	0.00	0.00	0.00	0.00	0.00	0.040039	0.547363	2.285156	-78.889999	31.780001	-30.590000	16.00	0.000000	0.000000
1.99	6.00	6.75	8.75	11.00	3.25	9.00	0.00	6.25	0.00	1.25	3.00	4.50	5.50	6.50	0.50	4.50	-0.216309	0.135742	0.973633	2.450000	0.770000	0.910000	796.00	-0.088109	-0.151891	0.25	0.50	0.75	0.25	0.00	0.00	0.00	0.00	0.00	0.00	0.00	0.00	0.00	0.00	0.00	0.00	0.460449	0.225586	1.402344	-70.559998	-39.900002	-15.680000	18.00	0.000000	0.000000
2.00	5.75	6.50	8.25	10.75	3.25	9.00	0.00	6.25	0.00	1.25	3.50	4.50	5.25	6.75	0.50	4.50	-0.215332	0.137695	0.974609	2.100000	1.470000	0.490000	788.00	-0.081434	-0.152178	0.50	0.25	0.25	0.25	0.00	0.00	0.00	0.00	0.00	0.25	0.25	0.00	0.00	0.00	0.00	0.00	0.128906	0.243164	0.943359	-92.889999	-83.230003	-10.150000	18.00	0.000000	0.000000
2.01	5.75	6.25	7.75	10.25	3.00	9.00	0.00	6.00	0.00	1.50	3.25	4.50	5.50	7.00	0.75	4.75	-0.219238	0.136230	0.974121	1.820000	1.750000	0.140000	776.00	-0.073317	-0.152343	0.25	0.00	0.00	0.25	0.00	0.00	0.00	0.00	0.00	0.00	0.00	0.00	0.00	0.00	0.00	0.00	0.125977	0.269531	0.798340	-110.809998	-98.840004	-4.200000	5.00	0.000000	0.000000
2.02	5.25	6.25	7.75	10.00	3.00	8.50	0.00	6.00	0.25	1.75	3.50	4.50	5.50	7.00	0.50	5.00	-0.213867	0.143555	0.973145	1.260000	2.380000	-0.280000	770.00	-0.067181	-0.150845	0.00	0.25	0.25	0.50	0.00	0.00	0.00	0.00	0.25	0.00	0.00	0.00	0.00	0.25	0.00	0.00	0.071777	0.348145	0.657715	-114.029999	-100.590004	3.920000	16.00	0.000000	0.000000
2.03	4.50	6.25	7.00	9.75	2.75	8.25	0.00	6.00	0.00	2.00	3.25	5.00	5.50	6.75	0.50	4.75	-0.220703	0.138672	0.971680	1.050000	2.590000	-0.350000	744.00	-0.061688	-0.159224	0.00	0.00	0.50	0.25	0.00	0.00	0.00	0.00	0.25	0.00	0.00	0.00	0.00	0.25	0.00	0.00	0.049805	0.386719	0.670410	-105.559998	-99.750000	10.640000	14.00	0.000000	0.000000
2.04	4.75	6.00	6.50	9.00	2.75	8.00	0.00	6.00	0.00	1.75	3.75	5.00	5.50	6.75	1.50	4.75	-0.225098	0.135742	0.969727	0.980000	2.730000	-0.420000	741.00	-0.049773	-0.158376	0.00	0.00	0.50	0.25	0.00	0.00	0.00	0.00	0.00	0.00	0.00	0.00	0.00	0.25	0.00	0.00	0.037598	0.395996	0.686523	-97.650002	-100.590004	18.830000	10.00	0.000000	0.000000
2.05	4.00	5.50	6.25	8.75	2.75	8.00	0.00	5.75	0.00	2.00	4.00	5.00	5.50	7.00	1.25	4.75	-0.225586	0.137207	0.974121	0.910000	2.590000	-0.350000	724.00	-0.040382	-0.159004	0.25	0.00	0.25	0.25	0.00	0.00	0.00	0.00	0.00	0.00	0.00	0.00	0.00	0.25	0.00	0.00	0.007812	0.403320	0.705078	-92.959999	-101.779999	28.840000	10.00	0.000000	0.000000
2.06	3.75	5.50	6.25	8.25	2.50	7.75	0.00	5.75	0.00	2.00	4.00	5.00	5.50	7.00	1.00	4.75	-0.223145	0.136230	0.969727	0.910000	2.660000	-0.350000	708.00	-0.038048	-0.160174	0.00	0.00	0.25	0.25	0.00	0.25	0.00	0.00	0.00	0.25	0.00	0.00	0.00	0.25	0.00	0.00	-0.019043	0.419922	0.719238	-91.910004	-103.110001	40.529999	13.00	0.000000	0.000000
2.07	4.50	5.50	6.25	8.25	2.50	7.50	0.00	5.75	0.25	2.25	3.75	5.25	5.50	7.75	1.25	5.00	-0.213867	0.134766	0.973633	0.980000	2.240000	-0.350000	729.00	-0.032956	-0.151838	0.25	0.25	0.50	0.50	0.00	0.25	0.00	0.00	0.00	0.00	0.25	0.00	0.00	0.25	0.00	0.00	-0.072754	0.464844	0.755371	-91.769997	-105.840004	59.290001	23.00	0.000000	0.000000
2.08	4.25	5.25	6.00	7.50	2.75	7.75	0.00	5.75	0.00	2.00	4.00	5.00	5.75	7.75	1.25	5.00	-0.221680	0.135742	0.970215	1.260000	1.890000	-0.140000	715.00	-0.028999	-0.155489	0.50	0.25	0.25	0.25	0.00	0.00	0.00	0.00	0.00	0.00	0.25	0.00	0.00	0.25	0.00	0.00	-0.110352	0.487793	0.787598	-91.070000	-108.849998	71.820000	18.00	0.000000	0.000000
2.09	4.25	5.25	6.00	7.75	2.25	7.50	0.00	6.00	0.00	2.25	4.25	5.00	6.00	7.50	1.50	4.50	-0.222656	0.138672	0.975586	1.470000	1.330000	-0.140000	719.00	-0.027377	-0.158324	0.00	0.00	0.25	0.25	0.00	0.00	0.00	0.00	0.00	0.00	0.00	0.00	0.00	0.00	0.00	0.00	-0.145508	0.514648	0.845703	-89.529999	-113.820000	84.279999	6.00	0.000000	0.000000
2.10	4.25	5.25	6.00	8.00	2.25	7.50	0.00	6.00	0.00	2.00	4.25	5.25	5.75	7.25	1.25	4.50	-0.223633	0.130859	0.970215	1.540000	0.980000	-0.140000	715.00	-0.031990	-0.160253	0.00	0.00	0.25	0.50	0.00	0.00	0.00	0.00	0.00	0.25	0.00	0.00	0.00	0.00	0.00	0.00	-0.178223	0.539062	0.918457	-88.199997	-121.379997	96.529999	11.00	0.000000	0.000000
2.11	4.50	5.25	6.25	8.00	2.25	7.75	0.00	6.00	0.00	1.75	4.25	5.50	5.75	7.25	1.25	4.75	-0.219727	0.138672	0.967773	1.680000	0.700000	0.000000	724.00	-0.034036	-0.160336	0.25	0.00	0.25	0.25	0.00	0.25	0.00	0.00	0.00	0.00	0.00	0.00	0.00	0.00	0.00	0.00	-0.206543	0.550293	0.979492	-87.779999	-131.320007	108.570000	11.00	0.000000	0.000000
2.12	4.00	5.25	6.00	8.00	2.25	7.75	0.00	6.25	0.00	1.75	4.25	5.50	6.00	7.25	1.50	5.00	-0.216309	0.136719	0.966309	1.610000	0.350000	-0.070000	726.00	-0.027456	-0.165329	0.25	0.00	0.25	0.00	0.00	0.00	0.00	0.00	0.00	0.00	0.00	0.00	0.00	0.00	0.00	0.00	-0.260742	0.572754	1.060547	-90.300003	-149.520004	125.370003	5.00	0.000000	0.000000
2.13	3.75	5.25	5.75	8.25	2.75	7.75	0.00	6.25	0.00	1.75	4.00	5.25	6.00	7.25	1.00	5.00	-0.221680	0.137695	0.969238	1.890000	0.350000	0.070000	719.00	-0.031891	-0.166113	0.25	0.25	0.50	0.00	0.00	0.00	0.00	0.00	0.00	0.00	0.00	0.00	0.00	0.25	0.00	0.00	-0.321289	0.591797	1.057617	-92.820000	-161.350006	135.029999	13.00	0.000000	0.000000
2.14	3.75	5.25	6.00	8.25	2.50	8.00	0.00	6.25	0.00	1.75	4.00	5.50	6.25	7.00	1.75	4.75	-0.222656	0.134766	0.965820	2.030000	0.420000	0.070000	730.00	-0.028694	-0.167554	0.00	0.25	0.25	0.00	0.00	0.00	0.00	0.00	0.00	0.00	0.00	0.00	0.00	0.00	0.00	0.00	-0.384766	0.605957	1.042480	-95.129997	-170.660004	142.520004	5.00	0.000000	0.000000
2.15	4.50	5.25	6.25	8.25	2.25	8.00	0.00	6.50	0.00	1.75	4.00	5.50	6.25	7.00	2.00	5.00	-0.224121	0.142578	0.972656	2.170000	0.070000	0.280000	746.00	-0.030791	-0.165668	0.00	0.00	0.25	0.00	0.00	0.00	0.00	0.00	0.00	0.25	0.00	0.00	0.00	0.25	0.00	0.00	-0.455566	0.622559	1.030762	-95.410004	-177.169998	148.470001	8.00	0.000000	0.000000
2.16	4.50	5.25	6.25	8.25	2.25	8.50	0.00	6.50	0.00	2.00	4.00	5.75	6.25	7.00	1.50	5.00	-0.220215	0.136230	0.964844	1.960000	0.490000	0.070000	752.00	-0.032963	-0.166689	0.00	0.00	0.25	0.00	0.00	0.00	0.00	0.00	0.00	0.25	0.25	0.00	0.00	0.25	0.00	0.00	-0.523438	0.642578	1.012695	-93.239998	-180.740005	152.669998	10.00	0.000000	0.000000
2.17	4.25	5.25	5.75	8.25	2.25	8.50	0.00	6.50	0.00	1.75	4.25	5.75	6.50	6.75	1.25	5.00	-0.223633	0.139160	0.968750	1.890000	0.140000	0.070000	741.00	-0.032215	-0.172361	0.00	0.00	0.25	0.00	0.00	0.00	0.00	0.00	0.00	0.00	0.00	0.00	0.00	0.25	0.00	0.00	-0.586426	0.663086	1.002441	-88.970001	-181.649994	156.100006	5.00	0.000000	0.000000
2.18	4.25	5.50	6.00	8.50	2.50	8.50	0.00	6.75	0.00	1.75	4.50	5.50	6.50	6.75	1.25	4.75	-0.221680	0.142578	0.970215	1.890000	0.490000	-0.070000	754.00	-0.036072	-0.170942	0.25	0.00	0.25	0.25	0.00	0.00	0.00	0.00	0.00	0.00	0.00	0.00	0.00	0.00	0.00	0.00	-0.656738	0.702148	1.019531	-84.699997	-180.389999	159.600006	8.00	0.000000	0.000000
2.19	4.50	5.75	6.25	8.25	2.50	8.50	0.00	6.75	0.00	1.75	4.25	5.75	6.50	7.00	1.25	4.75	-0.223145	0.141113	0.971191	1.610000	0.630000	-0.070000	761.00	-0.037207	-0.168472	0.25	0.25	0.25	0.25	0.00	0.00	0.00	0.00	0.00	0.00	0.00	0.00	0.00	0.00	0.00	0.00	-0.676758	0.728027	1.038086	-81.480003	-175.839996	168.070007	10.00	0.000000	0.000000
2.20	4.50	5.75	6.50	8.50	2.50	8.50	0.00	6.75	0.00	2.00	4.00	6.00	6.75	6.75	1.50	4.75	-0.221680	0.144531	0.966797	1.680000	0.420000	-0.140000	772.00	-0.037185	-0.169053	0.25	0.25	0.50	0.50	0.00	0.00	0.00	0.00	0.00	0.00	0.00	0.00	0.00	0.00	0.00	0.00	-0.649414	0.752930	1.031250	-81.690002	-171.850006	175.979996	16.00	0.000000	0.000000
2.21	4.25	5.50	6.25	8.50	2.25	8.50	0.00	7.00	0.00	2.00	4.00	5.75	7.00	6.75	1.00	4.75	-0.225098	0.143066	0.965332	1.540000	0.700000	-0.140000	759.00	-0.036849	-0.173905	0.25	0.25	0.50	0.00	0.00	0.00	0.00	0.00	0.00	0.00	0.00	0.00	0.00	0.00	0.00	0.00	-0.672363	0.791504	1.101074	-83.090004	-167.369995	184.100006	10.00	0.000000	0.000000
2.22	4.50	5.25	6.00	8.50	2.25	8.50	0.00	7.00	0.00	1.50	4.00	6.25	7.00	6.75	0.75	4.75	-0.218262	0.148438	0.965820	1.540000	0.840000	-0.280000	754.00	-0.037849	-0.176739	0.00	0.00	0.25	0.00	0.00	0.00	0.00	0.00	0.00	0.00	0.00	0.00	0.00	0.00	0.00	0.00	-0.677734	0.836914	1.171387	-82.459999	-164.220001	191.449997	3.00	0.000000	0.000000
2.23	4.25	5.25	6.25	8.00	2.50	8.75	0.00	7.00	0.00	1.25	4.00	6.50	7.00	7.00	1.25	5.00	-0.219727	0.145020	0.967773	1.470000	0.910000	-0.210000	763.00	-0.031433	-0.175707	0.00	0.00	0.25	0.00	0.00	0.00	0.00	0.00	0.00	0.00	0.00	0.00	0.00	0.00	0.00	0.00	-0.694824	0.866211	1.234375	-79.309998	-162.960007	198.100006	3.00	0.000000	0.000000
2.24	4.25	5.25	6.00	8.25	2.25	8.50	0.00	7.00	0.00	1.50	4.00	6.50	7.50	7.50	1.50	5.00	-0.228516	0.148926	0.971680	1.400000	1.050000	-0.280000	772.00	-0.024744	-0.175872	0.25	0.00	0.25	0.00	0.00	0.00	0.00	0.00	0.00	0.00	0.00	0.00	0.00	0.00	0.00	0.00	-0.742676	0.889648	1.275391	-71.470001	-164.149994	205.100006	5.00	0.000000	0.000000
2.25	3.75	5.25	5.75	8.00	2.25	8.50	0.00	7.00	0.00	1.50	4.25	6.50	7.50	7.00	1.50	5.00	-0.219238	0.145020	0.969727	1.470000	1.260000	-0.280000	759.00	-0.021919	-0.180385	0.25	0.00	0.50	0.00	0.00	0.00	0.00	0.00	0.00	0.00	0.00	0.00	0.00	0.00	0.00	0.00	-0.791016	0.895508	1.266602	-67.830002	-164.779999	206.710007	8.00	0.000000	0.000000
2.26	3.75	5.25	6.25	7.50	2.00	8.25	0.00	7.25	0.00	1.75	4.75	6.50	7.25	7.25	1.50	5.00	-0.218750	0.143555	0.967285	1.400000	0.980000	-0.280000	765.00	-0.017658	-0.176627	0.00	0.00	0.25	0.25	0.00	0.00	0.00	0.00	0.00	0.00	0.00	0.00	0.00	0.00	0.00	0.00	-0.853516	0.893066	1.225586	-65.099998	-163.729996	206.080002	6.00	0.000000	0.000000
2.27	4.00	5.00	6.00	7.50	2.00	8.25	0.00	7.00	0.00	1.75	4.75	6.75	7.50	7.00	1.75	5.00	-0.226074	0.144043	0.965820	1.260000	1.120000	-0.420000	764.00	-0.015309	-0.177470	0.00	0.00	0.25	0.25	0.00	0.00	0.00	0.00	0.00	0.00	0.00	0.00	0.00	0.00	0.00	0.00	-0.904785	0.893555	1.174805	-61.670002	-160.229996	203.419998	6.00	0.000000	0.000000
2.28	4.00	5.00	5.75	7.75	2.00	8.25	0.00	7.25	0.00	1.75	5.00	6.75	7.50	7.25	1.75	5.00	-0.221680	0.141113	0.965332	1.260000	1.400000	-0.560000	773.00	-0.013361	-0.178471	0.25	0.00	0.25	0.25	0.00	0.00	0.00	0.00	0.00	0.00	0.00	0.00	0.00	0.00	0.00	0.00	-0.974609	0.917969	1.125488	-53.200001	-151.970001	196.910004	8.00	0.000000	0.000000
2.29	3.75	5.00	5.50	7.50	2.25	8.75	0.00	7.25	0.00	1.75	5.00	7.00	7.75	7.25	1.75	5.25	-0.221680	0.142090	0.963379	1.400000	1.260000	-0.490000	779.00	-0.009653	-0.181452	0.00	0.00	0.25	0.25	0.00	0.00	0.00	0.00	0.00	0.00	0.00	0.00	0.00	0.00	0.00	0.00	-0.984375	0.925781	1.113770	-48.720001	-148.960007	194.460007	6.00	0.000000	0.000000
2.30	3.75	4.50	5.50	7.50	2.25	8.50	0.00	7.50	0.00	1.50	4.50	7.00	7.75	8.00	2.00	5.00	-0.222656	0.143555	0.959473	1.540000	1.120000	-0.420000	775.00	-0.004931	-0.179995	0.00	0.25	0.25	0.00	0.00	0.25	0.00	0.00	0.00	0.00	0.00	0.00	0.00	0.00	0.00	0.00	-1.012695	0.940430	1.093262	-30.309999	-140.910004	187.180008	8.00	0.000000	0.000000
2.31	3.50	4.25	5.25	7.25	2.25	8.50	0.00	7.50	0.00	1.75	4.75	7.25	8.00	7.25	2.00	5.25	-0.220703	0.147461	0.978027	1.470000	1.260000	-0.560000	770.00	-0.000397	-0.185169	0.00	0.25	0.25	0.00	0.00	0.25	0.00	0.00	0.00	0.00	0.00	0.00	0.00	0.00	0.00	0.00	-1.006348	0.942383	1.083008	-14.210000	-136.990005	182.279999	8.00	0.000000	0.000000
2.32	3.50	3.75	5.25	7.00	2.25	8.25	0.00	7.50	0.00	1.75	5.50	7.25	8.00	7.50	2.00	5.25	-0.218750	0.149902	0.968750	1.750000	1.120000	-0.420000	770.00	0.007102	-0.183122	0.00	0.00	0.25	0.00	0.00	0.00	0.00	0.00	0.00	0.00	0.00	0.00	0.00	0.00	0.00	0.00	-1.004395	0.914551	1.073242	2.590000	-133.559998	178.080002	3.00	0.000000	0.000000
2.33	3.25	4.00	5.00	7.00	2.00	8.25	0.00	7.50	0.00	1.25	5.25	7.50	8.00	8.25	2.00	5.00	-0.216797	0.142578	0.964355	1.680000	1.260000	-0.490000	764.00	0.009803	-0.184984	0.00	0.00	0.50	0.00	0.00	0.00	0.00	0.00	0.00	0.00	0.00	0.00	0.00	0.00	0.00	0.00	-0.987793	0.860352	1.044922	18.830000	-130.270004	174.369995	6.00	0.000000	0.000000
2.34	3.50	4.00	5.00	7.00	2.00	8.25	0.00	7.75	0.00	1.75	5.75	7.50	8.25	8.25	2.25	5.25	-0.218750	0.145508	0.971680	2.030000	1.120000	-0.420000	787.00	0.013675	-0.183555	0.00	0.25	0.25	0.00	0.00	0.00	0.00	0.00	0.00	0.00	0.00	0.00	0.00	0.00	0.00	0.00	-0.980469	0.801758	1.010742	32.970001	-126.070000	170.940002	5.00	0.000000	0.000000
2.35	3.75	3.75	4.25	7.00	2.50	8.25	0.00	7.75	0.25	2.00	5.75	7.75	8.50	8.25	2.25	5.00	-0.223145	0.148438	0.968750	2.170000	1.400000	-0.560000	794.00	0.017771	-0.182047	0.00	0.00	0.00	0.00	0.00	0.00	0.00	0.00	0.00	0.00	0.00	0.00	0.00	0.00	0.00	0.00	-0.979980	0.709473	0.972656	53.060001	-117.389999	167.930008	0.00	0.000000	0.000000
2.36	3.25	4.00	4.25	6.75	2.25	8.25	0.00	7.75	0.25	1.50	6.25	7.75	8.50	8.00	1.50	5.50	-0.218750	0.147461	0.966797	2.240000	1.610000	-0.560000	778.00	0.016937	-0.188294	0.00	0.25	0.00	0.00	0.00	0.00	0.00	0.00	0.00	0.00	0.00	0.00	0.00	0.00	0.00	0.00	-0.964355	0.626465	0.915039	66.360001	-110.320000	168.000000	2.00	0.000000	0.000000
2.37	3.00	4.00	4.75	6.75	2.00	8.25	0.00	7.75	0.00	1.75	6.00	8.25	9.00	8.00	2.00	5.75	-0.221191	0.153320	0.967773	2.030000	1.540000	-0.560000	791.00	0.021161	-0.191215	0.00	0.25	0.25	0.25	0.00	0.00	0.00	0.00	0.00	0.25	0.00	0.00	0.00	0.00	0.00	0.00	-0.938477	0.513672	0.856934	83.019997	-102.199997	172.410004	10.00	0.000000	0.000000
2.38	2.50	3.50	4.50	6.25	1.75	8.25	0.00	7.75	0.00	2.50	6.25	8.50	9.00	8.25	2.75	5.50	-0.218750	0.152344	0.968262	2.310000	2.310000	-0.630000	792.00	0.037910	-0.190251	0.00	0.00	0.50	0.25	0.00	0.00	0.00	0.00	0.00	0.25	0.00	0.00	0.00	0.00	0.00	0.00	-0.948730	0.386719	0.852539	101.220001	-92.260002	179.550003	11.00	0.000000	0.000000
2.39	2.25	3.50	4.50	6.00	2.00	8.25	0.00	7.75	0.00	2.00	6.25	8.75	9.50	8.75	3.00	5.75	-0.215820	0.151855	0.970703	2.380000	2.380000	-0.700000	800.00	0.043610	-0.191601	0.00	0.00	0.25	0.25	0.00	0.00	0.00	0.00	0.00	0.00	0.00	0.00	0.00	0.00	0.00	0.00	-0.987793	0.279297	0.882324	115.570000	-80.919998	184.869995	6.00	0.000000	0.000000
2.40	2.50	3.50	4.25	5.75	2.00	8.00	0.00	7.75	0.00	2.25	6.50	9.25	9.75	9.25	2.50	5.75	-0.221680	0.152344	0.965332	2.380000	2.870000	-0.910000	806.00	0.047249	-0.190318	0.00	0.00	0.00	0.25	0.00	0.00	0.00	0.00	0.00	0.00	0.00	0.00	0.00	0.00	0.00	0.00	-1.011230	0.179199	0.922363	116.480003	-70.980003	187.949997	3.00	0.000000	0.000000
2.41	2.50	3.25	3.75	5.75	2.00	8.00	0.00	7.75	0.00	2.25	7.00	9.50	10.00	9.50	2.25	5.75	-0.224609	0.149414	0.967285	2.380000	3.010000	-1.050000	807.00	0.052536	-0.192290	0.25	0.00	0.00	0.25	0.00	0.00	0.00	0.00	0.00	0.00	0.00	0.00	0.00	0.00	0.00	0.00	-1.029297	0.088379	0.920898	88.760002	-62.160000	188.720001	5.00	0.000000	0.000000
2.42	2.00	3.50	3.50	5.25	2.00	7.50	0.00	7.75	0.00	2.50	7.00	9.50	10.25	9.75	2.75	6.00	-0.220703	0.156738	0.964355	2.520000	3.360000	-1.190000	804.00	0.063652	-0.192766	0.25	0.00	0.00	0.25	0.00	0.00	0.00	0.00	0.00	0.00	0.00	0.00	0.00	0.00	0.00	0.00	-1.031250	0.052734	0.862305	58.799999	-58.450001	185.990005	5.00	0.000000	0.000000
2.43	1.75	3.25	3.50	5.00	1.75	7.25	0.00	8.00	0.00	2.75	7.50	9.75	10.50	10.50	2.75	6.00	-0.223633	0.150391	0.963379	2.730000	3.640000	-1.330000	814.00	0.073778	-0.192039	0.25	0.25	0.25	0.25	0.00	0.00	0.00	0.00	0.00	0.00	0.00	0.00	0.00	0.00	0.00	0.00	-1.020508	0.047852	0.774902	29.820000	-54.110001	180.320007	10.00	0.000000	0.000000
2.44	1.50	2.50	3.25	4.75	1.75	7.25	0.00	8.00	0.00	3.00	7.75	10.25	10.50	10.75	2.75	6.25	-0.221680	0.150879	0.964355	3.150000	3.850000	-1.540000	813.00	0.085104	-0.192911	0.25	0.25	0.25	0.00	0.00	0.00	0.00	0.00	0.00	0.00	0.00	0.00	0.00	0.00	0.00	0.00	-1.008301	0.060547	0.687988	8.750000	-47.180000	170.869995	8.00	0.000000	0.000000
2.45	1.50	2.75	3.00	4.25	1.50	7.00	0.00	8.00	0.00	3.00	8.25	10.75	10.75	11.25	2.50	6.25	-0.223145	0.148438	0.966309	3.360000	4.130000	-1.750000	816.00	0.091481	-0.193478	0.25	0.00	0.50	0.00	0.00	0.25	0.00	0.00	0.00	0.00	0.00	0.00	0.00	0.00	0.00	0.00	-1.001953	0.095215	0.630859	-1.330000	-38.639999	158.970001	11.00	0.000000	0.000000
2.46	1.25	2.00	2.25	3.75	1.50	7.00	0.00	8.00	0.00	3.25	8.50	10.75	11.25	11.75	3.25	6.50	-0.221680	0.159180	0.963379	3.920000	4.550000	-2.240000	816.00	0.110076	-0.194902	0.00	0.00	0.25	0.25	0.25	0.00	0.00	0.00	0.00	0.00	0.00	0.00	0.00	0.00	0.00	0.00	-0.993164	0.127930	0.626465	-1.400000	-29.820000	145.880005	8.00	0.000000	0.000000
2.47	1.00	2.50	2.00	2.50	1.25	6.75	0.00	8.00	0.00	3.50	9.00	11.75	11.50	12.00	3.50	6.50	-0.211914	0.158203	0.961426	4.620000	4.970000	-3.010000	821.00	0.122611	-0.196103	0.25	0.00	0.25	0.25	0.00	0.00	0.00	0.00	0.00	0.00	0.00	0.00	0.00	0.00	0.00	0.00	-2.597168	0.120605	0.349609	9.660000	-18.410000	127.959999	8.00	0.000000	0.000000
2.48	0.50	2.00	2.00	2.50	1.25	6.25	0.00	8.00	0.00	3.50	9.00	12.50	11.75	12.75	3.75	6.50	-0.224609	0.172363	0.957520	5.740000	5.320000	-4.130000	825.00	0.134827	-0.196067	0.50	0.00	0.25	0.25	0.00	0.00	0.00	0.00	0.00	0.00	0.00	0.00	0.00	0.00	0.00	0.00	-0.998047	-0.110352	-0.332520	-14.280000	48.790001	124.879997	11.00	0.000000	0.000000
2.49	0.25	1.00	1.50	2.00	1.00	5.75	0.00	8.00	0.00	3.50	9.50	12.50	12.75	13.75	3.75	6.75	-0.222656	0.170410	0.960449	7.420000	6.930000	-6.160000	818.00	0.155316	-0.198082	0.50	0.25	0.25	0.00	0.00	0.00	0.00	0.00	0.00	0.00	0.00	0.00	0.00	0.00	0.00	0.00	-1.731934	0.044434	0.253906	-38.779999	73.779999	127.540001	10.00	0.000000	0.000000
2.50	0.25	0.50	0.50	1.75	0.75	5.50	0.00	8.00	0.00	3.50	10.00	13.25	13.25	14.50	3.75	6.75	-0.223145	0.163086	0.969238	8.330000	8.260000	-7.000000	817.00	0.170781	-0.201594	0.00	0.00	0.00	0.00	0.00	0.00	0.00	0.00	0.00	0.00	0.00	0.00	0.00	0.00	0.00	0.00	-1.588379	0.112305	0.295898	-31.430000	105.209999	137.830002	0.00	0.000000	0.000000
2.51	0.25	0.75	0.75	1.50	0.25	5.25	0.00	8.00	0.25	3.50	10.25	14.25	13.25	14.75	3.75	7.00	-0.216309	0.153809	0.976562	9.170000	9.660000	-7.560000	832.00	0.174111	-0.200199	0.25	0.00	0.00	0.00	0.00	0.00	0.00	0.00	0.00	0.00	0.00	0.00	0.00	0.00	0.00	0.00	-1.787109	0.164551	0.402344	-19.600000	124.879997	150.149994	3.00	0.000000	0.000000
2.52	0.00	0.50	1.00	1.50	0.25	5.00	0.00	8.00	0.00	3.75	10.75	15.25	14.00	15.00	4.25	7.00	-0.196777	0.133301	0.989258	9.730000	14.910000	-6.370000	856.00	0.179660	-0.202037	0.25	0.00	0.00	0.00	0.00	0.00	0.00	0.00	0.00	0.00	0.00	0.00	0.00	0.00	0.00	0.00	-1.766602	-0.106445	0.397949	-19.320000	153.580002	159.809998	3.00	0.000000	0.000000
2.53	0.25	0.25	1.00	1.75	0.50	5.00	0.00	8.00	0.00	3.50	10.75	15.00	14.25	15.25	4.25	7.00	-0.237305	0.149902	0.973145	11.410000	18.760000	-5.880000	861.00	0.177327	-0.200665	0.75	0.25	0.25	0.25	0.00	0.00	0.00	0.00	0.00	0.00	0.00	0.00	0.00	0.00	0.00	0.00	-0.937988	-0.203125	0.756836	-24.219999	179.270004	157.850006	16.00	0.000000	0.000000
2.54	0.25	0.25	0.75	1.25	0.25	4.75	0.00	7.75	0.00	3.75	11.25	15.25	14.75	16.25	4.00	7.00	-0.238281	0.158203	0.957520	12.320000	20.860001	-5.180000	864.00	0.186703	-0.198131	1.00	1.00	0.50	0.50	0.00	0.00	0.00	0.00	0.00	0.00	0.00	0.00	0.00	0.00	0.00	0.00	-0.515137	-0.264648	1.296387	-35.279999	179.619995	145.250000	31.00	0.000000	0.000000
2.55	0.25	0.25	0.75	1.00	0.00	4.25	0.00	7.50	0.00	3.25	11.25	15.50	14.75	16.25	4.25	7.25	-0.240234	0.165527	0.973633	16.030001	25.200001	-4.200000	850.00	0.192990	-0.199265	1.50	2.25	1.00	1.00	0.00	0.00	0.00	0.00	0.00	0.00	0.00	0.00	0.00	0.00	0.00	0.00	-0.284180	-0.525391	1.400879	-46.970001	161.630005	128.100006	58.00	-0.359991	-0.055220
2.56	0.25	0.75	0.75	1.25	0.00	4.00	0.00	7.50	0.00	3.25	11.25	15.50	15.00	15.75	4.50	7.25	-0.251465	0.174316	0.979980	18.059999	27.790001	-4.130000	856.00	0.188774	-0.201114	3.25	4.50	1.25	2.75	0.00	0.00	0.00	0.00	0.00	0.00	0.00	0.00	0.00	0.00	0.00	0.00	-0.259766	-0.815430	1.241211	-53.200001	145.529999	96.669998	119.00	-0.362579	-0.073518
2.57	0.25	0.25	0.50	1.25	0.00	3.75	0.00	7.25	0.00	3.25	11.50	15.75	15.50	16.25	4.50	7.25	-0.243164	0.184082	0.979004	19.740000	30.380001	-4.200000	856.00	0.196683	-0.200638	5.00	5.25	3.25	4.75	0.00	0.00	0.00	0.00	0.00	0.00	0.00	0.00	0.00	0.00	0.00	0.00	-0.283691	-3.915527	5.244629	-176.330002	181.300003	13.160000	188.00	-0.348251	-0.057722
2.58	0.25	0.25	0.50	1.00	0.00	3.25	0.00	7.00	0.00	3.25	11.50	16.25	15.75	16.50	4.25	7.25	-0.245605	0.183105	0.979492	22.120001	33.459999	-5.040000	851.00	0.201295	-0.199912	6.25	6.50	5.75	5.75	0.00	0.25	0.00	0.00	0.00	0.00	0.00	0.00	0.00	0.00	0.00	0.00	-0.392090	0.175293	1.755859	28.559999	0.140000	3.430000	254.00	-0.340361	-0.047547
2.59	0.25	0.25	0.25	0.50	0.25	2.75	0.00	6.50	0.00	3.50	11.50	16.25	15.50	16.50	4.25	7.25	-0.271973	0.175293	1.014648	24.219999	38.430000	-5.950000	832.00	0.209471	-0.196119	6.75	7.00	6.50	6.50	0.00	0.50	0.00	0.00	0.00	0.00	0.00	0.00	0.00	0.00	0.00	0.00	-0.159668	0.288086	0.792480	23.590000	-21.559999	-3.150000	284.00	-0.337204	-0.049886
2.60	0.00	0.25	0.00	0.75	0.00	2.25	0.00	6.25	0.00	3.00	11.50	16.00	15.50	15.75	4.25	7.25	-0.264648	0.170898	1.013672	25.690001	45.500000	-5.740000	804.00	0.214229	-0.201950	6.75	6.25	6.25	6.25	0.25	0.50	0.00	0.00	0.00	0.00	0.00	0.00	0.00	0.00	0.00	0.00	-0.177734	0.384277	0.924805	1.260000	22.889999	1.050000	274.00	-0.334304	-0.045504
2.61	0.25	0.00	0.25	0.25	0.00	2.00	0.00	5.75	0.00	2.50	11.00	16.25	15.00	15.00	4.25	7.00	-0.265137	0.234863	1.018066	26.530001	54.110001	-7.140000	771.00	0.217466	-0.201854	5.75	6.00	6.00	6.00	0.25	0.50	0.00	0.00	0.00	0.00	0.00	0.00	0.00	0.00	0.00	0.00	-0.173828	0.025879	0.857910	-10.500000	40.250000	4.060000	256.00	-0.332017	-0.050214
2.62	0.25	0.00	0.00	0.25	0.00	1.25	0.00	5.50	0.00	2.25	10.75	15.50	14.75	15.00	4.25	7.00	-0.272461	0.213867	1.037109	30.100000	71.120003	-13.440001	741.00	0.224677	-0.200673	5.25	5.50	5.75	5.50	0.25	0.50	0.00	0.00	0.00	0.00	0.00	0.00	0.00	0.25	0.00	0.00	-0.230469	0.104492	1.069824	9.100000	20.790001	0.840000	240.00	-0.324032	-0.047025
2.63	0.00	0.00	0.00	0.00	0.00	0.50	0.00	4.75	0.00	1.75	10.25	14.50	13.25	12.75	3.50	6.75	-0.301758	0.236328	0.989258	34.160000	81.830002	-16.660000	654.00	0.231382	-0.205907	5.00	5.50	5.50	5.50	0.50	0.50	0.00	0.25	0.00	0.00	0.00	0.25	0.00	0.75	0.00	0.25	-0.189453	0.129395	0.822754	15.540000	7.280000	1.330000	249.00	-0.294955	-0.054487
2.64	0.00	0.00	0.00	0.00	0.00	0.50	0.00	4.25	0.00	1.50	9.50	14.50	13.00	11.25	3.75	6.75	-0.311523	0.187988	1.022949	36.470001	91.769997	-18.480000	623.00	0.231622	-0.212342	5.00	5.50	5.75	5.50	0.75	1.00	0.00	0.25	0.00	0.00	0.25	0.50	0.25	1.00	0.00	0.25	-0.235352	0.098145	1.020020	16.100000	15.330000	1.610000	270.00	-0.270753	-0.060617
2.65	0.00	0.00	0.00	0.00	0.00	0.75	0.00	4.25	0.00	1.25	9.00	13.50	13.25	9.00	4.00	6.75	-0.328125	0.195312	1.038086	37.520000	100.519997	-18.760000	593.00	0.225008	-0.226138	5.00	5.25	5.75	5.75	0.75	1.00	0.00	0.50	0.00	0.00	0.25	0.50	0.25	1.50	0.25	0.50	-0.241699	0.111816	1.002441	15.960000	10.010000	0.490000	282.00	-0.246574	-0.063641
2.66	0.00	0.00	0.00	0.00	0.00	0.25	0.00	4.00	0.00	0.75	8.00	13.00	12.75	8.00	4.00	6.50	-0.315918	0.213867	1.088379	36.049999	108.010002	-18.900000	549.00	0.227586	-0.232901	5.00	5.25	6.00	5.75	0.75	1.75	0.00	0.50	0.00	0.25	0.25	0.50	0.50	2.00	0.25	0.75	-0.233398	0.117188	1.008301	14.490000	8.540000	1.050000	304.00	-0.225109	-0.067343
2.67	0.00	0.00	0.00	0.00	0.00	0.25	0.00	4.00	0.00	0.25	6.75	12.25	12.25	7.00	3.50	6.50	-0.363281	0.226074	1.032715	31.430000	118.650002	-18.690001	504.00	0.223302	-0.244553	5.00	5.50	6.00	6.00	0.75	2.25	0.00	1.00	0.00	0.25	0.50	0.75	0.50	2.25	0.50	1.00	-0.234863	0.116211	1.008301	12.670000	7.420000	1.260000	333.00	-0.202453	-0.081840
2.68	0.00	0.00	0.00	0.00	0.00	0.00	0.00	4.00	0.00	0.25	6.00	11.50	12.00	5.75	3.00	6.50	-0.373535	0.244629	1.043945	32.340000	130.059998	-20.090000	468.00	0.219573	-0.256115	5.00	5.50	6.00	6.00	1.00	2.50	0.00	1.00	0.00	0.25	0.75	1.50	0.75	2.75	0.50	1.25	-0.238281	0.122559	0.994629	10.010000	5.530000	1.190000	357.00	-0.177477	-0.087275
2.69	0.00	0.00	0.00	0.00	0.00	0.00	0.00	3.75	0.00	0.25	4.50	10.50	11.50	4.50	2.75	6.25	-0.374023	0.300781	1.087891	36.889999	143.570007	-25.059999	419.00	0.215718	-0.268961	5.25	5.50	6.25	6.25	1.25	3.00	0.00	1.25	0.00	0.50	0.75	1.75	1.00	3.00	0.50	1.25	-0.234863	0.126953	0.984863	8.890000	4.620000	1.120000	387.00	-0.167412	-0.091262
2.70	0.00	0.00	0.00	0.00	0.00	0.00	0.00	3.75	0.00	0.25	3.25	9.00	11.00	3.50	2.75	5.75	-0.315430	0.391602	1.117188	41.439999	151.199997	-33.950001	374.00	0.210727	-0.280826	5.25	5.50	6.50	6.25	1.50	3.25	0.00	1.75	0.00	0.50	1.00	2.00	1.25	3.50	0.50	2.00	-0.237305	0.123047	0.983398	8.120000	4.060000	1.260000	418.00	-0.147235	-0.098497
2.71	0.00	0.00	0.00	0.00	0.00	0.00	0.00	3.50	0.00	0.25	2.00	7.75	10.25	2.75	2.50	5.25	-0.373047	0.475098	1.048340	46.759998	159.389999	-48.439999	326.00	0.206888	-0.292293	5.25	5.50	6.25	6.50	1.50	3.75	0.00	1.75	0.00	0.50	1.00	2.00	1.50	3.50	0.50	2.00	-0.234863	0.121582	0.993652	6.790000	3.500000	1.330000	426.00	-0.145816	-0.104619
2.72	0.00	0.00	0.00	0.00	0.00	0.00	0.00	3.25	0.00	0.25	1.00	6.50	9.25	1.50	2.50	4.75	-0.323242	0.515625	1.183105	53.200001	164.779999	-65.449997	276.00	0.200899	-0.310060	5.50	5.50	6.25	6.50	1.50	4.50	0.00	2.25	0.00	0.50	1.50	2.25	2.25	3.75	0.50	2.00	-0.230957	0.128906	0.982910	6.160000	2.730000	1.330000	461.00	-0.131886	-0.116101
2.73	0.00	0.00	0.00	0.00	0.00	0.25	0.00	3.00	0.00	0.50	0.50	5.25	8.00	2.25	2.00	4.25	-0.142090	0.688477	1.230469	68.599998	164.710007	-84.279999	247.00	0.200545	-0.294958	5.50	5.50	6.50	6.75	2.00	4.75	0.00	2.50	0.00	0.75	1.50	2.25	2.50	4.00	0.75	2.00	-0.239746	0.135254	0.986816	5.740000	2.240000	1.400000	488.00	-0.124021	-0.115677
2.74	0.00	0.00	0.00	0.00	0.00	0.00	0.00	2.50	0.00	0.25	0.75	3.50	7.00	2.50	2.00	3.50	-0.464844	0.742188	1.633301	125.300003	149.660004	-122.360001	208.00	0.212552	-0.281802	5.25	5.75	6.50	7.00	2.25	5.00	0.00	2.75	0.00	0.50	1.50	2.50	2.75	4.00	0.75	2.50	-0.233887	0.127930	0.983887	5.110000	2.170000	1.610000	504.00	-0.120398	-0.124040
2.75	0.00	0.00	0.00	0.00	0.00	0.00	0.00	2.00	0.00	0.00	0.75	2.75	6.25	2.25	1.25	2.75	-0.130371	0.800781	1.444336	186.199997	129.080002	-149.660004	169.00	0.208954	-0.288995	5.00	6.00	6.75	7.00	2.00	5.00	0.00	3.00	0.00	0.50	1.75	3.00	3.00	4.00	0.75	2.50	-0.239746	0.129883	0.982910	3.990000	1.610000	1.750000	518.00	-0.113952	-0.130306
2.76	0.00	0.00	0.00	0.00	0.00	0.00	0.00	1.50	0.00	0.25	0.50	1.50	4.75	1.50	1.25	2.25	-0.336914	0.792969	1.131348	226.169998	114.520004	-183.119995	126.00	0.213269	-0.283798	5.25	5.75	6.75	7.25	2.25	5.50	0.00	3.25	0.00	0.75	2.00	3.00	3.00	3.50	0.75	2.50	-0.238770	0.138672	0.975098	3.010000	1.260000	1.470000	534.00	-0.115471	-0.133249
2.77	0.00	0.00	0.00	0.00	0.00	0.00	0.00	1.00	0.00	0.50	0.25	0.50	3.25	1.00	1.00	1.75	-0.188477	0.694824	1.116699	244.649994	114.730003	-206.080002	85.00	0.220622	-0.268499	5.50	6.25	6.75	7.50	2.50	5.50	0.00	3.25	0.00	0.75	2.00	3.00	3.00	4.00	1.00	2.25	-0.239258	0.132324	0.977539	1.820000	1.120000	1.260000	552.00	-0.114843	-0.128794
2.78	0.00	0.00	0.00	0.00	0.00	0.00	0.00	0.75	0.00	0.50	0.25	0.75	2.25	1.25	0.25	1.25	-0.327637	0.743652	1.276367	268.100006	108.080002	-230.649994	67.00	0.218298	-0.243370	5.75	6.25	7.25	8.00	2.50	5.50	0.00	3.25	0.00	1.00	2.00	3.25	3.00	4.50	0.75	2.75	-0.228516	0.137207	0.976562	0.910000	1.050000	0.980000	575.00	-0.112400	-0.125236
2.79	0.00	0.00	0.00	0.00	0.00	0.00	0.00	0.25	0.00	0.50	0.25	0.50	1.00	0.75	0.25	0.25	-0.429199	0.670410	1.233887	288.470001	94.080002	-258.510010	36.00	0.000000	0.000000	6.00	6.50	7.50	8.00	2.75	5.50	0.00	3.25	0.00	1.00	2.25	3.00	3.25	4.75	0.75	2.75	-0.238281	0.136719	0.977539	-0.070000	1.120000	0.980000	590.00	-0.112651	-0.121828
2.80	0.00	0.00	0.00	0.00	0.00	0.00	0.00	0.25	0.00	0.25	0.25	0.50	0.50	0.25	0.25	0.25	-0.701660	0.957520	0.762695	307.369995	89.669998	-270.690002	25.00	0.000000	0.000000	6.00	6.50	7.50	8.00	2.75	5.75	0.00	3.50	0.00	0.75	2.25	2.75	3.25	4.75	1.00	2.75	-0.230469	0.134766	0.980957	-1.470000	1.610000	0.630000	594.00	-0.112857	-0.124117
2.81	0.00	0.00	0.00	0.00	0.00	0.00	0.00	0.00	0.00	0.00	0.00	0.25	0.25	0.00	0.25	0.25	-0.119629	0.389160	1.121094	327.809998	86.239998	-288.260010	9.00	0.000000	0.000000	6.25	6.75	7.50	8.25	3.00	6.00	0.00	3.50	0.00	1.00	2.75	3.25	3.25	5.00	1.00	2.75	-0.228516	0.131348	0.981934	-2.170000	2.100000	0.350000	622.00	-0.107339	-0.123145
2.82	0.00	0.00	0.00	0.00	0.00	0.00	0.00	0.00	0.00	0.00	0.50	0.50	0.50	0.75	0.00	0.25	-0.190918	0.185059	0.858887	265.019989	34.580002	-321.860016	23.00	0.000000	0.000000	6.25	6.75	7.75	8.25	3.50	6.00	0.00	3.75	0.00	1.25	3.00	3.50	3.25	5.25	1.00	2.75	-0.239258	0.137207	0.977539	-2.380000	2.450000	0.210000	644.00	-0.101848	-0.121167
2.83	0.00	0.00	0.00	0.00	0.00	0.00	0.00	0.00	0.00	0.00	0.00	0.50	0.25	0.25	0.00	0.00	0.292480	-0.227051	0.656738	227.710007	40.040001	-342.579987	10.00	0.000000	0.000000	6.00	6.50	7.50	8.25	3.50	6.00	0.00	3.50	0.25	1.25	3.00	3.25	3.25	5.75	1.00	3.00	-0.242676	0.132812	0.988281	-2.660000	2.310000	0.210000	639.00	-0.094348	-0.116919
2.84	0.00	0.00	0.00	0.00	0.00	0.00	0.00	0.00	0.00	0.00	0.00	0.25	0.00	0.00	0.00	0.00	0.092285	-0.007324	1.145508	161.210007	6.650000	-376.320007	3.00	0.000000	0.000000	6.00	7.00	7.25	8.00	3.25	6.00	0.00	3.50	0.25	1.75	3.00	3.50	3.25	5.75	1.25	3.00	-0.239746	0.131348	0.978516	-2.590000	2.380000	0.140000	646.00	-0.088980	-0.117592
2.85	0.00	0.00	0.00	0.00	0.00	0.00	0.00	0.00	0.00	0.00	0.00	0.00	0.00	0.25	0.00	0.00	0.491211	0.112305	2.096191	89.879997	-65.309998	-378.420013	2.00	0.000000	0.000000	6.25	6.75	7.25	8.00	3.25	6.00	0.00	3.50	0.00	1.50	3.00	3.50	3.50	5.75	1.50	3.00	-0.244629	0.134766	0.984863	-2.590000	2.380000	-0.070000	645.00	-0.089257	-0.120241
2.86	0.00	0.00	0.00	0.00	0.00	0.00	0.00	0.00	0.00	0.00	0.00	0.00	0.00	0.00	0.00	0.00	0.394043	0.299316	1.713867	56.349998	-142.729996	-363.019989	0.00	0.000000	0.000000	6.00	6.50	7.00	8.00	3.25	6.00	0.00	3.75	0.25	2.00	3.50	3.50	3.75	5.75	1.50	3.00	-0.243652	0.133301	0.981445	-2.520000	2.590000	-0.070000	657.00	-0.077986	-0.121114
2.87	0.00	0.00	0.00	0.00	0.00	0.00	0.00	0.00	0.00	0.00	0.00	0.00	0.00	0.00	0.00	0.00	0.326660	0.301270	1.276855	41.439999	-188.160004	-340.410004	0.00	0.000000	0.000000	5.50	6.25	6.75	7.50	3.50	6.00	0.00	3.75	0.25	2.00	3.50	3.50	3.75	6.25	1.25	3.25	-0.243652	0.135742	0.978516	-2.450000	3.080000	-0.280000	647.00	-0.069620	-0.120643
2.88	0.00	0.00	0.00	0.00	0.00	0.00	0.00	0.00	0.00	0.00	0.00	0.00	0.50	0.00	0.00	0.00	0.213867	0.267090	0.728516	32.759998	-202.020004	-304.570007	4.00	0.000000	0.000000	5.25	6.00	6.50	7.25	3.25	5.75	0.00	3.75	0.50	2.00	3.50	3.50	3.75	6.50	1.25	3.50	-0.240723	0.128906	0.992188	-2.450000	3.290000	-0.420000	638.00	-0.060432	-0.119403
2.89	0.00	0.00	0.00	0.00	0.00	0.00	0.00	0.00	0.00	0.00	0.00	0.00	0.50	0.00	0.00	0.25	0.196289	0.264160	0.552246	33.880001	-190.399994	-279.929993	6.00	0.000000	0.000000	5.00	5.75	6.25	7.25	3.25	5.75	0.00	3.75	0.25	2.25	3.75	3.75	3.75	6.25	1.50	3.25	-0.240234	0.125000	0.975586	-2.520000	3.290000	-0.420000	634.00	-0.055486	-0.123508
2.90	0.00	0.00	0.00	0.00	0.00	0.00	0.00	0.00	0.00	0.00	0.00	0.00	0.25	0.00	0.00	0.00	0.213867	0.300781	0.498047	46.340000	-172.899994	-253.610001	2.00	0.000000	0.000000	4.75	5.75	5.75	6.75	3.00	5.50	0.00	3.75	0.00	2.50	4.25	4.00	3.75	6.75	1.75	3.50	-0.243164	0.129395	0.987793	-2.380000	3.430000	-0.420000	630.00	-0.040426	-0.125775
2.91	0.00	0.00	0.00	0.00	0.00	0.00	0.00	0.00	0.00	0.00	0.00	0.00	0.25	0.00	0.00	0.00	0.245117	0.333496	0.494629	70.910004	-155.470001	-223.720001	2.00	0.000000	0.000000	3.50	5.50	5.75	6.50	3.25	5.25	0.00	3.75	0.25	2.50	4.25	4.00	4.00	7.25	1.50	3.50	-0.244629	0.126465	0.991699	-2.310000	3.500000	-0.280000	619.00	-0.026728	-0.125772
2.92	0.00	0.00	0.00	0.00	0.00	0.00	0.00	0.00	0.00	0.00	0.00	0.00	0.25	0.00	0.00	0.00	0.271484	0.344238	0.543457	99.680000	-138.880005	-190.820007	2.00	0.000000	0.000000	3.50	5.25	5.00	6.00	3.00	5.00	0.00	3.50	0.50	2.75	4.50	4.00	4.00	7.25	1.50	3.75	-0.244629	0.123535	0.984375	-2.240000	3.360000	-0.420000	604.00	-0.013990	-0.123606
2.93	0.00	0.00	0.00	0.00	0.00	0.00	0.00	0.00	0.00	0.00	0.00	0.00	0.25	0.00	0.00	0.00	0.286621	0.325195	0.661621	124.180000	-124.669998	-154.630005	2.00	0.000000	0.000000	3.75	5.25	4.50	5.75	2.75	4.75	0.00	3.50	0.50	2.75	5.00	4.25	4.00	7.50	1.75	3.75	-0.243652	0.130859	0.989746	-2.240000	3.080000	-0.350000	605.00	-0.004596	-0.123727
2.94	0.00	0.00	0.00	0.00	0.00	0.00	0.00	0.00	0.00	0.00	0.00	0.00	0.00	0.25	0.00	0.00	0.293457	0.253906	0.862305	140.839996	-109.199997	-95.900002	2.00	0.000000	0.000000	2.75	5.00	4.50	5.25	2.50	4.25	0.00	3.50	0.50	2.75	5.25	4.50	4.25	8.00	1.75	4.00	-0.244629	0.129395	0.980957	-1.960000	2.800000	-0.420000	592.00	0.014953	-0.126412
2.95	0.00	0.00	0.00	0.00	0.00	0.00	0.00	0.00	0.00	0.00	0.00	0.00	0.00	0.25	0.00	0.00	0.278320	0.191895	1.041016	142.800003	-104.860001	-57.330002	2.00	0.000000	0.000000	2.50	5.00	3.75	5.25	2.50	4.25	0.00	3.50	0.50	2.75	5.25	4.75	4.25	8.00	1.75	4.00	-0.241211	0.128418	0.981445	-1.820000	2.520000	-0.350000	584.00	0.021701	-0.131311
2.96	0.00	0.00	0.00	0.00	0.00	0.00	0.00	0.00	0.00	0.00	0.00	0.00	0.00	0.00	0.00	0.00	0.246582	0.101074	1.193359	142.309998	-108.220001	-23.240000	0.00	0.000000	0.000000	2.50	4.50	3.25	5.00	2.50	4.25	0.00	3.50	0.75	3.00	5.50	4.75	4.50	8.25	2.00	4.00	-0.248535	0.133301	0.972656	-1.610000	2.100000	-0.210000	586.00	0.036217	-0.129381
2.97	0.00	0.00	0.00	0.00	0.00	0.00	0.00	0.00	0.00	0.00	0.00	0.00	0.00	0.00	0.00	0.00	0.191895	0.005371	1.292969	142.309998	-116.690002	2.730000	0.00	0.000000	0.000000	2.75	4.25	3.50	5.00	2.50	4.50	0.00	3.50	0.50	3.50	6.00	4.75	4.50	8.50	2.25	4.00	-0.250977	0.131348	0.976562	-1.610000	2.030000	-0.140000	604.00	0.038974	-0.126975
2.98	0.00	0.00	0.00	0.00	0.00	0.00	0.00	0.00	0.00	0.00	0.00	0.00	0.00	0.00	0.00	0.00	0.124023	-0.103516	1.326172	142.100006	-125.370003	19.670000	0.00	0.000000	0.000000	2.50	4.25	3.00	4.75	2.25	4.50	0.00	3.75	0.50	3.25	6.00	5.00	4.50	9.00	2.25	4.00	-0.245117	0.131836	0.979004	-1.750000	1.260000	-0.350000	598.00	0.048178	-0.131515
2.99	0.00	0.00	0.00	0.00	0.00	0.00	0.00	0.00	0.00	0.00	0.00	0.00	0.00	0.00	0.00	0.00	0.050293	-0.199707	1.318359	142.869995	-132.720001	27.930000	0.00	0.000000	0.000000	1.75	3.50	2.50	4.25	2.25	4.25	0.00	3.75	0.75	3.50	6.00	5.00	4.50	9.50	2.00	4.25	-0.253418	0.127930	0.975586	-1.750000	1.050000	-0.490000	579.00	0.070748	-0.130110
3.00	0.00	0.00	0.00	0.00	0.00	0.00	0.00	0.00	0.00	0.00	0.00	0.00	0.00	0.00	0.00	0.00	-0.022461	-0.292969	1.335449	144.550003	-137.479996	28.139999	0.00	0.000000	0.000000	2.00	3.75	2.25	4.00	2.25	3.50	0.00	3.75	1.00	4.00	6.50	5.50	4.75	9.75	2.25	4.25	-0.246094	0.126465	0.978027	-1.820000	0.630000	-0.770000	596.00	0.081229	-0.125167
3.01	0.00	0.00	0.00	0.00	0.00	0.00	0.00	0.00	0.00	0.00	0.00	0.00	0.25	0.00	0.00	0.00	-0.086914	-0.378418	1.352539	146.580002	-139.789993	21.700001	2.00	0.000000	0.000000	1.50	3.00	2.75	4.00	2.25	3.50	0.00	3.75	1.00	4.25	6.50	5.75	5.00	10.50	2.50	4.25	-0.247070	0.126953	0.975586	-1.540000	0.490000	-0.770000	606.00	0.094312	-0.122477
3.02	0.00	0.00	0.00	0.00	0.00	0.00	0.00	0.00	0.00	0.00	0.00	0.00	0.00	0.00	0.00	0.00	-0.222168	-0.496582	1.464355	138.809998	-143.289993	3.220000	0.00	0.000000	0.000000	1.00	2.75	2.50	3.75	2.00	3.75	0.00	4.00	1.00	4.25	7.25	5.75	5.25	11.00	2.50	4.50	-0.248535	0.133789	0.983887	-1.400000	0.350000	-0.840000	612.00	0.107775	-0.127394
3.03	0.00	0.00	0.00	0.00	0.00	0.00	0.00	0.00	0.00	0.00	0.00	0.00	0.00	0.00	0.00	0.00	-0.296387	-0.518555	1.526367	126.699997	-149.240005	-11.830000	0.00	0.000000	0.000000	0.50	2.50	2.25	3.75	2.00	3.75	0.00	3.75	1.00	4.50	7.25	5.75	5.50	11.00	2.50	4.50	-0.247559	0.123535	0.973633	-1.260000	0.630000	-0.770000	603.00	0.117444	-0.128984
3.04	0.00	0.00	0.00	0.00	0.00	0.00	0.00	0.00	0.00	0.00	0.00	0.00	0.25	0.00	0.00	0.00	-0.355469	-0.495605	1.579590	112.910004	-157.850006	-26.110001	2.00	0.000000	0.000000	0.75	2.75	2.25	3.75	2.25	3.75	0.00	3.75	1.50	5.25	8.00	6.50	5.50	11.50	2.50	4.75	-0.248535	0.124023	0.982910	-0.910000	0.700000	-0.560000	646.00	0.120194	-0.121191
3.05	0.00	0.00	0.00	0.00	0.00	0.00	0.00	0.00	0.00	0.00	0.00	0.00	0.00	0.00	0.00	0.00	-0.403320	-0.450684	1.611816	100.730003	-168.350006	-38.360001	0.00	0.000000	0.000000	0.50	2.25	1.75	3.00	2.00	3.25	0.00	3.75	1.75	5.50	8.00	6.50	5.50	12.25	2.25	5.00	-0.251465	0.124512	0.973145	-0.630000	0.980000	-0.420000	628.00	0.141982	-0.116519
3.06	0.00	0.00	0.00	0.00	0.00	0.00	0.00	0.00	0.00	0.00	0.00	0.00	0.00	0.00	0.00	0.00	-0.427246	-0.391602	1.596680	93.730003	-180.110001	-48.369999	0.00	0.000000	0.000000	0.25	2.25	1.50	3.25	2.00	3.25	0.00	3.75	1.50	5.50	8.25	6.50	6.00	12.75	2.50	5.00	-0.250977	0.125488	0.976074	-0.490000	1.470000	-0.420000	636.00	0.146996	-0.121055
3.07	0.00	0.00	0.00	0.00	0.00	0.00	0.00	0.00	0.00	0.00	0.00	0.00	0.00	0.00	0.00	0.00	-0.473145	-0.348633	1.576660	91.419998	-190.889999	-55.860001	0.00	0.000000	0.000000	0.50	2.25	1.50	2.75	1.75	3.25	0.00	4.00	1.75	5.25	8.50	7.00	6.00	12.75	2.50	5.00	-0.245117	0.128906	0.983887	-0.420000	1.960000	-0.490000	643.00	0.149703	-0.121770
3.08	0.00	0.00	0.00	0.00	0.00	0.00	0.00	0.00	0.00	0.00	0.00	0.00	0.00	0.00	0.00	0.00	-0.551758	-0.322754	1.461914	90.860001	-199.220001	-63.560001	0.00	0.000000	0.000000	0.50	2.00	1.75	2.25	1.75	2.75	0.00	4.00	2.25	5.75	8.75	7.00	6.00	12.75	2.50	5.25	-0.250000	0.133789	0.978027	-0.420000	2.940000	-0.980000	648.00	0.158715	-0.113451
3.09	0.00	0.00	0.00	0.00	0.00	0.00	0.00	0.00	0.00	0.00	0.00	0.00	0.25	0.00	0.00	0.00	-0.597656	-0.327637	1.377441	88.199997	-198.029999	-67.550003	2.00	0.000000	0.000000	0.25	1.25	1.50	2.00	1.50	2.75	0.00	3.75	2.25	5.75	9.00	7.25	6.25	13.00	2.75	5.50	-0.250977	0.128418	0.978516	-0.560000	3.780000	-1.470000	640.00	0.175999	-0.114548
3.10	0.00	0.00	0.00	0.00	0.00	0.00	0.00	0.00	0.00	0.00	0.00	0.00	0.00	0.00	0.00	0.00	-0.682129	-0.328125	1.319336	83.160004	-192.360001	-72.239998	0.00	0.000000	0.000000	0.50	1.25	1.25	2.00	1.50	2.75	0.00	3.75	2.25	5.75	9.25	7.25	6.25	13.25	2.75	5.75	-0.250488	0.128906	0.970703	-0.350000	4.760000	-1.750000	646.00	0.176957	-0.113995
3.11	0.00	0.00	0.00	0.00	0.00	0.00	0.00	0.00	0.00	0.00	0.00	0.00	0.00	0.00	0.00	0.00	-0.754883	-0.334961	1.272461	78.330002	-184.100006	-77.699997	0.00	0.000000	0.000000	0.50	0.75	0.75	1.25	1.00	2.50	0.00	3.75	2.50	6.25	9.00	7.50	6.25	14.25	2.75	5.50	-0.252441	0.125977	0.988770	-0.280000	5.740000	-1.960000	635.00	0.198819	-0.107752
3.12	0.00	0.00	0.00	0.00	0.00	0.00	0.00	0.00	0.00	0.00	0.00	0.00	0.00	0.00	0.00	0.00	-0.823730	-0.362793	1.218750	75.459999	-175.000000	-83.930000	0.00	0.000000	0.000000	0.25	0.25	0.25	0.75	1.00	2.25	0.00	3.50	2.50	6.50	9.50	7.50	6.50	15.00	2.75	5.25	-0.253418	0.138672	0.980957	0.210000	7.000000	-2.450000	625.00	0.219207	-0.103721
3.13	0.00	0.00	0.00	0.00	0.00	0.00	0.00	0.00	0.00	0.00	0.00	0.00	0.00	0.00	0.00	0.00	-0.908203	-0.386719	1.175781	73.290001	-166.039993	-91.279999	0.00	0.000000	0.000000	0.25	0.25	0.25	0.75	0.75	1.50	0.00	3.25	2.25	6.50	9.50	7.50	6.50	14.75	3.25	5.50	-0.249023	0.124023	0.994141	0.210000	8.330000	-2.800000	612.00	0.228208	-0.103695
3.14	0.00	0.00	0.00	0.00	0.00	0.00	0.00	0.00	0.00	0.00	0.00	0.00	0.00	0.00	0.00	0.00	-1.023926	-0.476562	1.023438	69.370003	-150.779999	-102.970001	0.00	0.000000	0.000000	0.00	0.25	0.25	0.25	0.25	1.50	0.00	3.00	2.75	6.50	10.00	7.75	6.50	15.50	3.25	5.50	-0.256348	0.130859	0.981445	0.910000	10.080000	-3.500000	615.00	0.242207	-0.097183
3.15	0.00	0.00	0.00	0.00	0.00	0.00	0.00	0.00	0.00	0.00	0.00	0.00	0.00	0.00	0.00	0.00	-1.090332	-0.545898	0.882812	61.740002	-136.009995	-111.650002	0.00	0.000000	0.000000	0.25	0.25	0.25	0.50	0.25	1.50	0.00	3.00	2.75	6.75	10.25	7.75	6.50	15.50	3.00	5.50	-0.249512	0.109863	1.004395	2.730000	14.420000	-3.220000	623.00	0.236423	-0.096360
3.16	0.00	0.00	0.00	0.00	0.00	0.00	0.00	0.00	0.00	0.00	0.00	0.00	0.00	0.00	0.00	0.00	-1.140137	-0.582031	0.767578	53.970001	-118.090004	-120.190002	0.00	0.000000	0.000000	0.25	0.25	0.00	0.25	0.25	1.00	0.00	2.75	3.00	6.75	10.50	8.00	6.50	15.50	2.75	5.75	-0.272949	0.132324	0.976562	4.130000	18.690001	-2.940000	616.00	0.245478	-0.092748
3.17	0.00	0.00	0.00	0.00	0.00	0.00	0.00	0.00	0.00	0.00	0.00	0.00	0.00	0.00	0.00	0.00	-1.164062	-0.615723	0.662598	51.520000	-97.790001	-127.610001	0.00	0.000000	0.000000	0.25	0.25	0.25	0.25	0.00	1.00	0.00	2.75	3.00	7.00	10.50	8.00	6.50	16.00	3.25	5.25	-0.253906	0.125488	0.984375	4.620000	21.770000	-2.730000	625.00	0.246816	-0.089070
3.18	0.00	0.00	0.00	0.00	0.00	0.00	0.00	0.00	0.00	0.00	0.00	0.00	0.00	0.00	0.00	0.00	-1.186035	-0.680664	0.599609	53.130001	-76.650002	-133.559998	0.00	0.000000	0.000000	0.00	0.50	0.25	0.25	0.25	0.25	0.00	2.75	3.25	7.00	11.00	8.25	6.50	16.00	3.00	5.50	-0.269043	0.128418	0.988281	5.320000	25.270000	-2.730000	629.00	0.249892	-0.086838
3.19	0.00	0.00	0.00	0.00	0.00	0.00	0.00	0.00	0.00	0.25	0.00	0.00	0.00	0.00	0.00	0.00	-1.212891	-0.769043	0.548828	51.380001	-56.000000	-138.250000	3.00	0.000000	0.000000	0.25	0.00	0.00	0.25	0.00	0.25	0.00	2.25	3.50	7.50	11.00	8.25	6.50	16.50	3.00	5.50	-0.273926	0.115723	0.989258	5.320000	28.000000	-2.800000	627.00	0.260279	-0.078245
3.20	0.00	0.00	0.00	0.00	0.00	0.00	0.00	0.00	0.00	0.00	0.00	0.00	0.00	0.00	0.00	0.00	-1.230469	-0.804688	0.504883	43.049999	-36.049999	-141.680008	0.00	0.000000	0.000000	0.00	0.25	0.00	0.00	0.00	0.50	0.00	2.00	3.50	8.00	11.00	8.25	6.50	16.75	3.00	5.25	-0.276367	0.132324	1.009277	6.580000	34.160000	-2.940000	629.00	0.262924	-0.075091
3.21	0.00	0.00	0.00	0.00	0.00	0.00	0.00	0.00	0.00	0.00	0.00	0.00	0.00	0.00	0.00	0.00	-1.232910	-0.803711	0.479004	30.240000	-16.520000	-143.220001	0.00	0.000000	0.000000	0.00	0.00	0.00	0.00	0.00	0.25	0.00	1.75	3.25	8.00	11.25	8.50	6.50	17.25	3.00	5.25	-0.288086	0.125000	0.995117	7.210000	38.360001	-2.940000	626.00	0.269565	-0.073178
3.22	0.00	0.00	0.00	0.00	0.00	0.00	0.00	0.00	0.00	0.00	0.00	0.00	0.00	0.00	0.00	0.00	-1.896973	-1.343262	0.393555	0.490000	7.560000	-141.259995	0.00	0.000000	0.000000	0.00	0.00	0.00	0.00	0.00	0.00	0.00	1.75	3.75	8.25	11.25	8.50	6.25	17.50	3.00	5.75	-0.287598	0.146484	0.991699	6.720000	42.490002	-3.290000	635.00	0.272320	-0.067044
3.23	0.00	0.00	0.00	0.00	0.00	0.00	0.00	0.00	0.00	0.00	0.00	0.00	0.00	0.00	0.00	0.00	-1.274902	-0.887695	0.080078	-107.940002	61.180000	-131.320007	0.00	0.000000	0.000000	0.00	0.00	0.00	0.25	0.00	0.25	0.00	1.25	4.25	8.75	11.75	8.50	6.25	18.25	3.00	5.50	-0.295898	0.125977	0.985840	7.420000	47.040001	-3.640000	655.00	0.271929	-0.057830
3.24	0.00	0.00	0.00	0.00	0.00	0.00	0.00	0.00	0.00	0.00	0.00	0.00	0.00	0.00	0.00	0.00	-1.384766	-0.513184	0.406250	-148.610001	89.669998	-118.790001	0.00	0.000000	0.000000	0.00	0.00	0.00	0.00	0.00	0.00	0.00	1.25	4.50	9.00	11.75	8.75	5.75	19.00	3.25	5.50	-0.301270	0.138672	1.016113	5.390000	51.170002	-3.920000	663.00	0.278092	-0.050273
3.25	0.00	0.00	0.00	0.00	0.00	0.00	0.00	0.00	0.00	0.00	0.00	0.00	0.00	0.00	0.00	0.00	-1.885254	1.987793	1.627441	-233.729996	71.260002	-78.540001	0.00	0.000000	0.000000	0.00	0.00	0.00	0.25	0.00	0.00	0.00	1.00	4.75	9.00	11.75	8.50	5.75	19.75	3.25	5.50	-0.330566	0.135254	0.981445	4.200000	55.230000	-4.480000	669.00	0.278888	-0.044312
3.26	0.00	0.00	0.00	0.00	0.00	0.00	0.00	0.00	0.00	0.00	0.00	0.00	0.25	0.00	0.00	0.00	-0.292480	0.435547	0.416504	-139.580002	4.200000	-19.670000	2.00	0.000000	0.000000	0.00	0.00	0.00	0.00	0.00	0.00	0.00	0.50	4.75	9.50	11.50	8.50	5.50	20.75	3.25	5.50	-0.352539	0.186035	1.058594	-1.680000	62.230000	-5.810000	667.00	0.286510	-0.034295
3.27	0.00	0.25	0.00	0.25	0.00	0.00	0.00	0.00	0.00	0.00	0.00	0.00	0.25	0.00	0.00	0.00	0.180664	0.205566	0.671875	-186.410004	25.620001	-36.820000	7.00	0.000000	0.000000	0.00	0.00	0.00	0.00	0.00	0.00	0.00	0.75	5.00	9.50	11.50	8.00	5.00	20.75	3.00	5.50	-0.344238	0.162598	1.062012	-4.060000	71.120003	-8.470000	662.00	0.285561	-0.029755
3.28	0.00	0.50	0.00	0.50	0.00	0.00	0.00	0.25	0.00	0.00	0.00	0.00	0.25	0.00	0.00	0.00	-0.215820	0.020020	1.051270	-197.680008	28.350000	-47.950001	16.00	0.000000	0.000000	0.00	0.00	0.00	0.00	0.00	0.00	0.00	0.50	5.25	9.25	11.50	7.75	4.50	21.25	3.25	5.50	-0.343750	0.180176	1.078125	-5.530000	79.379997	-11.410000	659.00	0.289701	-0.021488
3.29	0.25	0.75	0.25	2.25	0.00	0.25	0.00	1.00	0.00	0.00	0.00	0.00	0.50	0.00	0.00	0.00	-1.452637	-1.655762	3.266113	-171.990005	60.410000	-34.860001	59.00	-0.196283	-0.251110	0.00	0.00	0.00	0.00	0.00	0.00	0.00	0.25	5.25	9.50	11.00	7.50	4.25	22.00	3.25	5.25	-0.365234	0.147461	1.073242	-7.210000	88.690002	-13.790000	653.00	0.293572	-0.013105
3.30	3.00	3.00	3.00	5.25	0.00	1.00	0.00	1.25	0.00	0.00	0.00	0.00	0.75	0.00	0.00	0.00	-0.161133	-0.919434	0.969238	16.730000	-23.730000	3.080000	186.00	-0.270086	-0.132133	0.00	0.00	0.00	0.00	0.00	0.00	0.00	0.00	5.25	10.00	10.75	7.00	3.50	22.25	3.50	5.00	-0.373047	0.145996	1.107422	-8.820000	99.959999	-15.260000	643.00	0.297916	-0.001986
3.31	5.00	5.00	5.00	6.25	0.00	2.25	0.00	1.25	0.00	0.00	0.00	0.00	0.75	0.00	0.00	0.00	-0.162109	0.247559	1.166504	8.050000	-2.380000	1.190000	272.00	-0.284583	-0.108719	0.00	0.00	0.00	0.00	0.00	0.00	0.00	0.00	5.75	10.00	9.75	6.25	3.00	22.25	3.25	4.75	-0.401367	0.210449	1.161133	-15.890000	125.440002	-19.110001	623.00	0.300138	0.010781
3.32	5.25	5.00	5.50	6.75	0.00	2.50	0.00	1.50	0.00	0.00	0.00	0.00	1.00	0.25	0.00	0.25	-0.142578	0.084961	0.922852	6.930000	3.500000	2.310000	298.00	-0.269402	-0.111827	0.00	0.00	0.00	0.00	0.00	0.00	0.00	0.00	5.75	9.75	9.25	5.25	2.50	22.25	3.00	4.50	-0.435547	0.192871	1.203125	-21.700001	147.419998	-25.480000	596.00	0.303040	0.021674
3.33	5.00	5.00	5.00	6.25	0.25	2.25	0.00	1.50	0.00	0.00	0.00	0.25	1.00	0.50	0.00	0.50	-0.260742	0.077637	1.039551	3.850000	9.170000	0.630000	290.00	-0.255386	-0.112867	0.00	0.00	0.00	0.00	0.00	0.00	0.00	0.00	5.50	9.75	8.50	3.75	1.50	22.00	3.00	4.00	-0.466309	0.179199	1.166504	-28.490000	169.750000	-31.150000	556.00	0.308532	0.039759
3.34	4.00	4.75	4.75	6.00	0.25	1.75	0.00	1.50	0.00	0.00	0.00	0.00	1.25	1.00	0.00	1.00	-0.179199	0.124023	0.940430	5.740000	7.980000	2.100000	273.00	-0.234636	-0.117041	0.00	0.00	0.00	0.00	0.00	0.00	0.00	0.00	5.50	9.25	7.50	2.75	1.00	20.50	3.00	3.75	-0.529785	0.360352	1.232422	-34.160000	193.270004	-39.970001	511.00	0.311446	0.051380
3.35	3.75	3.75	4.50	5.50	0.50	2.50	0.00	1.75	0.00	0.25	0.00	0.50	1.25	2.50	0.00	1.50	-0.238281	0.113770	0.969727	8.960000	7.350000	1.960000	291.00	-0.173655	-0.114243	0.00	0.00	0.00	0.00	0.00	0.00	0.00	0.00	5.50	8.25	6.00	1.75	0.50	19.75	2.50	3.00	-0.521484	0.066895	1.431641	-44.660000	218.050003	-49.910000	454.00	0.316832	0.072892
3.36	3.75	3.75	4.50	5.75	0.50	3.00	0.00	1.75	0.00	0.25	0.25	0.75	1.75	3.75	0.00	1.75	-0.254395	0.111328	0.979492	9.520000	5.180000	1.960000	321.00	-0.141549	-0.115234	0.00	0.00	0.00	0.00	0.00	0.00	0.00	0.00	5.25	7.25	5.00	0.75	0.25	17.75	1.75	2.25	-0.566895	0.311523	1.350098	-47.389999	253.540009	-53.760002	388.00	0.319131	0.092149
3.37	3.75	4.50	5.25	6.25	0.75	3.50	0.00	2.25	0.00	0.50	0.25	0.50	2.25	3.50	0.00	2.50	-0.217285	0.124023	0.982422	9.240000	2.870000	2.100000	364.00	-0.142880	-0.125430	0.00	0.00	0.00	0.00	0.00	0.00	0.00	0.00	4.50	6.75	3.50	0.25	0.00	14.50	1.25	1.75	-0.580078	0.027344	1.554688	-51.450001	269.709991	-61.180000	314.00	0.319857	0.106536
3.38	4.50	5.00	6.00	6.75	1.00	4.25	0.00	2.50	0.00	0.25	0.25	0.50	2.25	4.00	0.00	2.50	-0.230957	0.111816	0.987305	9.170000	1.750000	1.960000	407.00	-0.150911	-0.120568	0.00	0.00	0.00	0.00	0.00	0.00	0.00	0.00	3.50	6.00	1.75	0.25	0.00	11.25	1.25	1.25	-0.619141	0.209961	1.599121	-71.750000	287.630005	-58.450001	245.00	0.321826	0.112177
3.39	5.00	5.00	6.75	7.50	1.50	4.75	0.00	2.75	0.00	0.00	0.25	0.75	2.50	5.00	0.00	2.75	-0.224121	0.105957	0.983887	8.190000	1.190000	1.750000	455.00	-0.143463	-0.116568	0.00	0.00	0.00	0.00	0.00	0.00	0.00	0.00	2.50	4.00	0.50	0.25	0.00	9.00	1.00	0.50	-0.645020	0.219727	1.163574	-53.549999	303.730011	-57.610001	172.00	0.331554	0.128784
3.40	5.50	5.25	7.50	7.75	1.50	5.50	0.00	3.00	0.00	0.00	0.75	1.25	2.75	5.25	0.25	2.75	-0.214355	0.109375	0.970703	7.630000	0.630000	2.030000	503.00	-0.135238	-0.118188	0.00	0.00	0.00	0.00	0.00	0.00	0.00	0.00	2.00	2.50	0.50	0.00	0.00	6.25	0.75	0.50	-0.860352	0.376953	1.653809	-40.040001	322.000000	-57.470001	121.00	0.332630	0.133622
3.41	5.50	5.50	7.75	8.00	2.00	6.25	0.00	3.25	0.00	0.00	0.50	1.25	3.00	5.50	0.00	2.75	-0.212402	0.118164	0.972168	7.000000	0.490000	1.960000	527.00	-0.138256	-0.120761	0.00	0.00	0.00	0.00	0.00	0.00	0.00	0.00	1.00	1.50	0.25	0.25	0.00	3.75	0.50	0.25	-0.863770	-0.033203	1.835938	-24.710001	296.799988	-56.349998	72.00	0.332015	0.114805
3.42	5.75	5.50	8.25	8.75	2.25	6.50	0.00	3.75	0.00	0.25	0.75	1.25	3.25	5.75	0.00	3.00	-0.218262	0.118652	0.973633	6.370000	-0.140000	1.750000	568.00	-0.133348	-0.122416	0.00	0.00	0.00	0.00	0.00	0.00	0.00	0.00	0.50	0.50	0.50	0.25	0.00	1.00	0.25	0.25	-0.560059	0.118164	1.762695	-61.320000	291.059998	-55.439999	32.00	0.000000	0.000000
3.43	6.50	6.00	8.75	9.75	2.25	6.75	0.00	4.00	0.00	0.50	0.75	1.50	3.75	6.00	0.25	3.00	-0.216797	0.132324	0.976074	5.950000	-0.210000	1.680000	618.00	-0.132780	-0.123195	0.00	0.00	0.00	0.00	0.00	0.00	0.00	0.00	0.25	0.50	0.50	0.00	0.00	1.00	0.25	0.00	-0.476562	0.183105	1.225586	-113.190002	272.860016	-63.209999	25.00	0.000000	0.000000
3.44	6.50	6.50	9.25	10.00	3.00	7.25	0.00	4.50	0.00	0.50	1.00	2.00	4.00	6.25	0.00	3.50	-0.220703	0.122559	0.974609	5.530000	-0.000000	1.610000	664.00	-0.128451	-0.126563	0.00	0.00	0.00	0.00	0.00	0.00	0.00	0.00	0.25	0.50	0.25	0.00	0.00	1.00	0.00	0.25	-0.350098	0.228027	1.251953	-132.089996	262.920013	-60.480000	21.00	0.000000	0.000000
3.45	6.50	6.50	9.75	10.00	2.75	7.75	0.00	4.50	0.00	0.50	1.00	2.25	3.75	6.50	0.25	3.50	-0.218262	0.121582	0.977051	5.040000	0.420000	1.540000	678.00	-0.125644	-0.125179	0.00	0.00	0.00	0.00	0.00	0.00	0.00	0.00	0.25	0.50	0.25	0.00	0.00	0.75	0.25	0.00	-0.343262	0.003906	0.851562	-165.899994	260.890015	-63.000000	20.00	0.000000	0.000000
3.46	6.75	6.75	9.75	10.50	3.00	8.00	0.00	4.75	0.00	0.75	1.00	2.25	4.25	6.50	0.25	3.50	-0.223145	0.126465	0.974121	4.550000	0.490000	1.680000	704.00	-0.125198	-0.127887	0.00	0.00	0.00	0.00	0.00	0.00	0.00	0.00	0.25	0.25	0.00	0.00	0.00	0.50	0.00	0.00	-0.388672	0.071777	0.703125	-206.430008	254.309998	-61.389999	10.00	0.000000	0.000000
3.47	6.75	6.75	9.50	10.50	3.00	8.00	0.00	5.00	0.00	0.50	1.25	2.00	4.25	7.00	0.50	3.50	-0.223633	0.132324	0.975586	3.500000	0.770000	1.540000	709.00	-0.120123	-0.128190	0.00	0.00	0.00	0.00	0.00	0.00	0.00	0.00	0.00	0.00	0.00	0.00	0.00	0.25	0.00	0.00	0.402832	0.667480	1.470703	-191.449997	236.600006	-48.930000	2.00	0.000000	0.000000
3.48	6.50	6.50	9.50	10.25	3.25	8.25	0.00	5.00	0.00	0.75	1.50	2.75	4.50	8.00	0.50	4.00	-0.226074	0.130859	0.985840	2.450000	0.770000	1.120000	734.00	-0.102835	-0.127573	0.00	0.00	0.00	0.00	0.00	0.00	0.00	0.00	0.00	0.00	0.00	0.00	0.00	0.00	0.00	0.00	0.199219	0.856934	2.555176	-108.919998	57.330002	-7.000000	0.00	0.000000	0.000000
3.49	7.00	6.50	9.25	10.25	3.25	8.25	0.00	5.25	0.00	1.00	1.50	2.75	4.75	8.25	0.50	4.00	-0.224121	0.126953	0.975098	2.170000	0.630000	0.910000	747.00	-0.100393	-0.127524	0.00	0.00	0.00	0.00	0.00	0.00	0.00	0.00	0.00	0.00	0.00	0.00	0.00	0.00	0.00	0.00	0.552734	0.436035	1.675293	-91.840004	-37.380001	17.990000	0.00	0.000000	0.000000
3.50	6.75	6.50	9.25	10.25	3.75	8.25	0.00	5.50	0.00	1.00	2.00	2.50	4.50	8.00	0.75	4.00	-0.220215	0.125488	0.974609	1.960000	0.700000	0.700000	755.00	-0.098358	-0.127370	0.00	0.00	0.00	0.00	0.00	0.00	0.00	0.00	0.00	0.00	0.00	0.00	0.00	0.25	0.00	0.00	0.247559	0.363770	1.215820	-116.550003	-93.169998	29.330000	2.00	0.000000	0.000000
3.51	6.50	6.50	9.00	10.00	3.25	8.25	0.00	5.50	0.00	1.00	2.00	3.00	4.75	8.00	0.75	3.75	-0.219727	0.127930	0.981934	1.610000	1.190000	0.560000	747.00	-0.093677	-0.131843	0.00	0.00	0.00	0.00	0.00	0.00	0.00	0.00	0.00	0.00	0.00	0.00	0.00	0.25	0.00	0.00	0.189941	0.312012	0.793945	-140.839996	-112.419998	36.610001	2.00	0.000000	0.000000
3.52	6.25	6.00	8.50	9.50	3.25	8.00	0.00	5.25	0.00	0.75	1.50	3.25	4.75	9.00	1.00	3.75	-0.221680	0.124023	0.970703	1.470000	1.820000	0.420000	728.00	-0.082628	-0.129197	0.00	0.00	0.00	0.00	0.00	0.00	0.00	0.00	0.00	0.00	0.00	0.00	0.00	0.25	0.00	0.00	0.144531	0.344727	0.577148	-154.419998	-113.050003	39.340000	2.00	0.000000	0.000000
3.53	6.00	5.75	8.25	9.00	3.25	7.75	0.00	5.25	0.00	0.75	2.75	3.75	4.75	9.00	1.00	4.00	-0.222656	0.131348	0.973633	1.260000	2.100000	0.490000	732.00	-0.069519	-0.130806	0.00	0.00	0.00	0.00	0.00	0.00	0.00	0.00	0.00	0.00	0.00	0.00	0.00	0.50	0.00	0.00	0.087891	0.400879	0.536621	-153.440002	-109.480003	40.880001	4.00	0.000000	0.000000
3.54	5.75	6.00	8.00	8.50	3.00	7.75	0.00	5.25	0.00	1.00	2.25	3.75	5.00	9.25	0.75	4.25	-0.220215	0.134766	0.973633	1.190000	2.870000	0.140000	721.00	-0.066617	-0.132657	0.00	0.00	0.00	0.00	0.00	0.00	0.00	0.00	0.00	0.00	0.00	0.00	0.00	0.25	0.00	0.00	0.066895	0.470215	0.573242	-134.539993	-106.820000	45.709999	2.00	0.000000	0.000000
3.55	5.50	5.75	7.50	8.25	3.00	7.50	0.00	5.25	0.00	1.25	2.00	3.50	5.00	9.00	1.00	4.25	-0.222168	0.131348	0.971191	0.980000	3.150000	0.000000	703.00	-0.062121	-0.133772	0.00	0.00	0.00	0.00	0.00	0.00	0.00	0.00	0.00	0.00	0.00	0.00	0.00	0.00	0.00	0.00	0.045898	0.478516	0.638184	-121.309998	-109.059998	52.009998	0.00	0.000000	0.000000
3.56	5.50	5.50	7.00	7.75	2.75	7.25	0.00	5.25	0.00	1.00	1.75	3.50	5.00	8.75	1.00	4.00	-0.223145	0.131836	0.965332	1.120000	3.150000	0.070000	675.00	-0.061409	-0.136447	0.00	0.00	0.00	0.00	0.00	0.00	0.00	0.00	0.00	0.00	0.00	0.00	0.00	0.00	0.00	0.00	0.016602	0.480957	0.701172	-115.220001	-113.750000	61.459999	0.00	0.000000	0.000000
3.57	5.00	5.50	6.75	7.50	2.75	7.25	0.00	5.25	0.00	1.25	2.50	3.75	5.00	8.75	0.75	4.00	-0.226562	0.128906	0.973145	1.120000	3.080000	-0.210000	675.00	-0.053298	-0.138722	0.00	0.00	0.00	0.00	0.00	0.00	0.00	0.00	0.00	0.00	0.00	0.00	0.00	0.00	0.00	0.00	-0.019043	0.487305	0.752441	-117.320000	-121.029999	73.919998	0.00	0.000000	0.000000
3.58	5.00	5.25	6.50	7.50	2.75	7.00	0.00	5.25	0.00	1.25	2.50	3.50	5.00	9.25	0.75	4.00	-0.220703	0.129883	0.963867	1.260000	2.940000	-0.140000	669.00	-0.048825	-0.136403	0.00	0.00	0.00	0.00	0.00	0.00	0.00	0.00	0.00	0.00	0.00	0.00	0.00	0.00	0.00	0.00	-0.077637	0.508301	0.793457	-124.040001	-130.550003	87.709999	0.00	0.000000	0.000000
3.59	4.50	5.00	6.25	7.00	2.75	7.00	0.00	5.25	0.00	0.75	2.75	3.25	5.00	9.00	1.00	4.00	-0.221191	0.134277	0.969727	1.330000	2.520000	-0.070000	649.00	-0.043660	-0.140164	0.00	0.00	0.00	0.00	0.00	0.00	0.00	0.00	0.00	0.00	0.00	0.00	0.00	0.00	0.00	0.00	-0.130859	0.542480	0.839844	-130.690002	-142.729996	101.849998	0.00	0.000000	0.000000
3.60	4.25	4.75	6.00	7.00	2.50	7.00	0.00	5.25	0.00	0.75	2.50	4.25	5.25	8.75	1.25	4.00	-0.224121	0.125488	0.963379	1.330000	2.450000	-0.210000	649.00	-0.035552	-0.147405	0.00	0.00	0.00	0.00	0.00	0.00	0.00	0.00	0.00	0.00	0.00	0.00	0.00	0.00	0.00	0.00	-0.203613	0.599609	0.917969	-133.910004	-164.990005	122.360001	0.00	0.000000	0.000000
3.61	3.75	4.75	5.75	7.00	2.50	7.00	0.00	5.25	0.00	0.75	2.75	4.50	5.25	9.00	0.75	4.25	-0.225586	0.134766	0.966309	1.540000	2.030000	-0.140000	644.00	-0.030846	-0.150774	0.00	0.00	0.00	0.00	0.00	0.00	0.00	0.00	0.00	0.00	0.00	0.00	0.00	0.00	0.00	0.00	-0.259277	0.624023	0.952148	-132.930008	-181.089996	135.729996	0.00	0.000000	0.000000
3.62	3.75	4.75	5.75	7.00	2.00	6.75	0.00	5.25	0.00	0.75	3.00	4.00	5.50	8.75	0.75	4.25	-0.224121	0.135742	0.973145	1.400000	1.820000	-0.140000	633.00	-0.031241	-0.152907	0.00	0.00	0.00	0.00	0.00	0.00	0.00	0.00	0.00	0.00	0.00	0.00	0.00	0.00	0.00	0.00	-0.314453	0.627441	0.975098	-133.000000	-196.770004	148.470001	0.00	0.000000	0.000000
3.63	4.00	5.00	5.75	6.75	2.50	6.75	0.00	5.50	0.00	0.50	3.00	4.25	5.75	8.75	0.75	4.00	-0.221680	0.132812	0.968262	1.260000	1.540000	-0.280000	646.00	-0.033971	-0.153339	0.00	0.00	0.00	0.00	0.00	0.00	0.00	0.00	0.00	0.00	0.00	0.00	0.00	0.00	0.00	0.00	-0.386719	0.628418	0.985352	-135.100006	-210.139999	159.669998	0.00	0.000000	0.000000
3.64	4.00	5.00	5.75	7.00	2.50	6.75	0.00	5.50	0.00	0.75	2.75	4.50	5.75	9.00	0.75	4.25	-0.221191	0.135742	0.968262	1.260000	1.120000	-0.070000	655.00	-0.031736	-0.152753	0.00	0.00	0.00	0.00	0.00	0.00	0.00	0.00	0.00	0.00	0.00	0.00	0.00	0.00	0.00	0.00	-0.455078	0.630859	0.985840	-138.949997	-220.639999	169.050003	0.00	0.000000	0.000000
3.65	3.75	5.00	5.75	7.00	2.25	7.00	0.00	5.75	0.00	1.00	2.75	4.25	5.75	9.00	1.00	4.25	-0.225098	0.135742	0.965332	1.330000	0.840000	-0.070000	658.00	-0.028402	-0.154844	0.00	0.00	0.00	0.00	0.00	0.00	0.00	0.00	0.00	0.00	0.00	0.00	0.00	0.00	0.00	0.00	-0.568848	0.637207	0.991211	-146.089996	-230.020004	178.500000	0.00	0.000000	0.000000
3.66	4.25	4.25	6.00	7.00	2.00	7.00	0.00	5.75	0.00	1.25	3.00	4.25	5.75	9.00	1.00	4.25	-0.223633	0.135742	0.966309	1.260000	0.700000	0.000000	662.00	-0.025817	-0.151519	0.00	0.00	0.00	0.00	0.00	0.00	0.00	0.00	0.00	0.00	0.00	0.00	0.00	0.00	0.00	0.00	-0.639648	0.657227	1.006836	-150.710007	-232.259995	182.210007	0.00	0.000000	0.000000
3.67	4.00	4.25	6.00	7.00	2.50	7.00	0.00	5.75	0.00	1.00	3.00	4.75	5.75	9.00	1.00	4.00	-0.225098	0.137207	0.966309	1.260000	0.770000	0.000000	666.00	-0.025145	-0.152424	0.00	0.00	0.00	0.00	0.00	0.00	0.00	0.00	0.00	0.00	0.00	0.00	0.00	0.00	0.00	0.00	-0.708496	0.697266	1.024414	-154.559998	-232.190002	184.380005	0.00	0.000000	0.000000
3.68	4.50	4.75	6.00	7.00	2.50	7.00	0.00	6.00	0.00	1.00	3.25	5.25	5.75	9.25	1.00	4.00	-0.220703	0.136719	0.964355	1.190000	0.630000	-0.070000	690.00	-0.026437	-0.151812	0.00	0.00	0.00	0.00	0.00	0.00	0.00	0.00	0.00	0.00	0.00	0.00	0.00	0.00	0.00	0.00	-0.767090	0.737793	1.049316	-157.710007	-230.580002	187.039993	0.00	0.000000	0.000000
3.69	4.50	5.00	6.00	7.00	2.50	7.50	0.00	6.00	0.00	1.25	3.00	5.00	6.25	9.75	1.00	4.25	-0.222656	0.138184	0.966309	1.120000	0.700000	-0.140000	705.00	-0.024910	-0.151821	0.00	0.00	0.00	0.00	0.00	0.00	0.00	0.00	0.00	0.00	0.00	0.00	0.00	0.00	0.00	0.00	-0.818848	0.796387	1.079590	-160.089996	-227.149994	191.660004	0.00	0.000000	0.000000
3.70	4.50	5.00	6.25	7.00	2.25	7.50	0.00	6.25	0.00	1.25	3.50	5.25	6.50	9.75	1.25	4.25	-0.221191	0.140137	0.967773	1.050000	0.910000	-0.280000	721.00	-0.020559	-0.153906	0.00	0.00	0.00	0.00	0.00	0.00	0.00	0.00	0.00	0.00	0.00	0.00	0.00	0.00	0.00	0.00	-0.858887	0.867188	1.077148	-161.770004	-222.180008	198.800003	0.00	0.000000	0.000000
3.71	4.00	5.00	6.25	7.25	2.50	7.50	0.00	6.25	0.00	1.25	3.75	5.25	6.25	9.50	1.25	4.25	-0.230469	0.137207	0.971680	0.840000	0.910000	-0.280000	720.00	-0.020182	-0.155160	0.00	0.00	0.00	0.00	0.00	0.00	0.00	0.00	0.00	0.00	0.00	0.00	0.00	0.00	0.00	0.00	-0.893555	0.961426	1.095215	-162.119995	-211.190002	213.430008	0.00	0.000000	0.000000
3.72	4.50	5.00	6.00	7.25	2.50	7.50	0.00	6.25	0.00	1.50	3.50	5.25	6.50	9.75	1.25	4.25	-0.227539	0.141113	0.972656	0.910000	1.260000	-0.350000	727.00	-0.020087	-0.153516	0.00	0.00	0.00	0.00	0.00	0.00	0.00	0.00	0.00	0.00	0.00	0.00	0.00	0.00	0.00	0.00	-0.911621	1.012207	1.121582	-158.550003	-203.419998	224.490005	0.00	0.000000	0.000000
3.73	4.75	4.75	6.00	7.00	2.75	7.50	0.00	6.00	0.00	1.50	3.50	5.25	6.50	10.00	1.50	4.50	-0.220215	0.144043	0.972168	0.630000	1.470000	-0.490000	729.00	-0.016110	-0.149299	0.00	0.00	0.00	0.00	0.00	0.00	0.00	0.00	0.00	0.00	0.00	0.00	0.00	0.00	0.00	0.00	-0.939453	1.067383	1.146484	-155.259995	-196.279999	236.949997	0.00	0.000000	0.000000
3.74	4.75	5.00	6.00	7.00	2.75	7.25	0.00	6.25	0.00	1.50	3.75	5.25	6.50	10.50	1.50	4.25	-0.224609	0.134277	0.969238	0.140000	1.750000	-0.630000	738.00	-0.014199	-0.147840	0.00	0.00	0.00	0.00	0.00	0.00	0.00	0.00	0.00	0.00	0.00	0.00	0.00	0.00	0.00	0.00	-0.989746	1.128418	1.196289	-154.559998	-190.399994	252.699997	0.00	0.000000	0.000000
3.75	4.25	4.75	6.00	7.00	2.50	7.50	0.00	6.00	0.00	1.50	3.75	5.75	6.50	10.50	1.50	4.00	-0.227051	0.136230	0.962891	-0.070000	1.820000	-0.560000	731.00	-0.009375	-0.150337	0.00	0.00	0.00	0.00	0.00	0.00	0.00	0.00	0.00	0.00	0.00	0.00	0.00	0.00	0.00	0.00	-1.083984	1.198730	1.239746	-157.080002	-186.270004	270.829987	0.00	0.000000	0.000000
3.76	4.25	4.75	6.00	6.75	2.75	7.25	0.00	6.00	0.00	1.50	4.00	5.75	6.50	10.75	1.50	4.00	-0.220215	0.138184	0.971680	-0.140000	1.890000	-0.770000	733.00	-0.006171	-0.147735	0.00	0.00	0.00	0.00	0.00	0.00	0.00	0.00	0.00	0.00	0.00	0.00	0.00	0.00	0.00	0.00	-1.241699	1.285156	1.244629	-165.199997	-182.210007	300.160004	0.00	0.000000	0.000000
3.77	4.00	4.75	6.00	6.50	2.75	7.00	0.00	6.00	0.00	1.50	4.00	6.00	6.50	10.50	1.50	4.00	-0.218262	0.137207	0.965332	-0.280000	2.030000	-0.770000	725.00	-0.003593	-0.149380	0.00	0.00	0.00	0.00	0.00	0.00	0.00	0.00	0.00	0.00	0.00	0.00	0.00	0.00	0.00	0.00	-1.346680	1.348145	1.215820	-171.639999	-180.389999	318.010010	0.00	0.000000	0.000000
3.78	3.75	4.25	5.75	6.25	2.50	7.00	0.00	6.00	0.00	1.75	3.75	6.00	7.00	11.50	1.75	4.25	-0.232422	0.144043	0.967773	-0.420000	2.100000	-0.910000	727.00	0.011113	-0.149072	0.00	0.00	0.00	0.00	0.00	0.00	0.00	0.00	0.00	0.00	0.00	0.00	0.00	0.00	0.00	0.00	-1.440430	1.405273	1.144531	-175.000000	-178.570007	333.339996	0.00	0.000000	0.000000
3.79	4.00	4.00	5.50	6.25	2.50	7.00	0.00	6.00	0.00	1.75	4.00	6.00	7.00	12.25	1.75	4.25	-0.223145	0.137207	0.969238	-0.420000	2.170000	-0.840000	733.00	0.016314	-0.146052	0.00	0.00	0.00	0.00	0.00	0.00	0.00	0.00	0.00	0.00	0.00	0.00	0.00	0.00	0.00	0.00	-1.499023	1.448242	1.040527	-171.220001	-175.419998	344.679993	0.00	0.000000	0.000000
3.80	3.75	4.25	5.75	6.25	2.75	6.50	0.00	6.00	0.00	1.75	4.50	6.25	7.00	12.50	1.50	4.25	-0.222168	0.133789	0.972656	-0.210000	1.960000	-0.840000	740.00	0.017999	-0.144032	0.00	0.00	0.00	0.00	0.00	0.00	0.00	0.00	0.00	0.00	0.00	0.00	0.00	0.00	0.00	0.00	-1.546387	1.491699	0.868164	-148.750000	-168.000000	354.059998	0.00	0.000000	0.000000
3.81	3.75	3.75	5.75	6.00	2.50	6.50	0.00	6.00	0.00	2.00	5.00	6.25	7.00	12.25	1.75	4.25	-0.231445	0.132812	0.968750	-0.000000	1.750000	-0.840000	739.00	0.024883	-0.144132	0.00	0.00	0.00	0.00	0.00	0.00	0.00	0.00	0.00	0.00	0.00	0.00	0.00	0.00	0.00	0.00	-1.559570	1.500488	0.815430	-137.199997	-164.430008	355.110016	0.00	0.000000	0.000000
3.82	3.25	3.25	5.75	6.00	2.75	6.50	0.00	6.00	0.00	2.00	4.75	6.50	7.25	12.50	1.50	4.25	-0.226562	0.145996	0.969727	0.350000	1.540000	-0.910000	733.00	0.030238	-0.145881	0.00	0.00	0.00	0.00	0.00	0.00	0.00	0.00	0.00	0.00	0.00	0.00	0.00	0.00	0.00	0.00	-1.573242	1.417969	0.674316	-91.000000	-149.520004	352.589996	0.00	0.000000	0.000000
3.83	3.25	3.75	5.50	6.00	2.75	6.75	0.00	6.00	0.00	2.00	4.00	6.50	7.50	13.50	1.75	4.25	-0.222656	0.136230	0.970703	0.490000	1.540000	-0.840000	743.00	0.031969	-0.144660	0.00	0.00	0.00	0.00	0.00	0.00	0.00	0.00	0.00	0.00	0.00	0.00	0.00	0.00	0.00	0.00	-1.579590	1.298340	0.579590	-52.920002	-137.479996	347.619995	0.00	0.000000	0.000000
3.84	3.50	3.25	5.25	5.75	2.50	6.50	0.00	6.25	0.00	2.00	4.50	6.75	7.75	13.75	1.75	4.50	-0.225586	0.139160	0.967285	0.700000	1.610000	-0.840000	747.00	0.040591	-0.146415	0.00	0.00	0.00	0.00	0.00	0.00	0.00	0.00	0.00	0.00	0.00	0.00	0.00	0.00	0.00	0.00	-1.592773	1.066895	0.598633	-4.830000	-122.849998	340.619995	0.00	0.000000	0.000000
3.85	3.25	3.25	5.50	5.75	2.75	6.50	0.00	6.25	0.00	2.50	5.00	7.00	7.75	14.25	1.75	4.50	-0.225586	0.134766	0.973633	0.560000	1.960000	-1.190000	768.00	0.045637	-0.142758	0.00	0.00	0.00	0.00	0.00	0.00	0.00	0.00	0.00	0.00	0.00	0.00	0.00	0.00	0.00	0.00	-1.608398	0.828613	0.595215	41.020000	-104.860001	329.980011	0.00	0.000000	0.000000
3.86	3.50	3.00	5.25	5.25	2.75	6.50	0.00	6.25	0.00	2.50	5.50	7.25	8.00	14.25	2.25	4.25	-0.227539	0.137207	0.971191	0.770000	1.960000	-1.260000	774.00	0.053026	-0.142622	0.00	0.00	0.00	0.00	0.00	0.00	0.00	0.00	0.00	0.00	0.00	0.00	0.00	0.00	0.00	0.00	-1.600098	0.597168	0.583496	72.519997	-85.889999	317.029999	0.00	0.000000	0.000000
3.87	3.50	2.25	5.25	5.25	2.50	6.00	0.00	6.25	0.00	2.00	5.25	7.25	7.75	14.25	2.50	4.50	-0.229980	0.139648	0.967285	0.560000	2.380000	-1.190000	753.00	0.059032	-0.142906	0.00	0.00	0.00	0.00	0.00	0.00	0.00	0.00	0.00	0.00	0.00	0.00	0.00	0.00	0.00	0.00	-1.581543	0.383301	0.564453	89.040001	-67.480003	303.309998	0.00	0.000000	0.000000
3.88	3.00	2.50	5.25	5.25	2.75	6.00	0.00	6.25	0.00	2.25	5.25	7.25	8.00	14.25	2.25	4.75	-0.226074	0.139648	0.967285	0.490000	2.450000	-1.330000	756.00	0.060347	-0.144679	0.00	0.00	0.00	0.00	0.00	0.00	0.00	0.00	0.00	0.00	0.00	0.00	0.00	0.00	0.00	0.00	-1.491699	0.185547	0.561523	84.209999	-40.810001	278.739990	0.00	0.000000	0.000000
3.89	3.00	2.50	4.75	5.00	2.50	6.00	0.00	6.25	0.00	3.00	5.50	7.50	8.00	14.50	2.25	4.75	-0.230469	0.143066	0.966309	0.630000	2.590000	-1.400000	760.00	0.068582	-0.144232	0.00	0.00	0.00	0.00	0.00	0.00	0.00	0.00	0.00	0.00	0.00	0.00	0.00	0.00	0.00	0.00	-1.453125	0.102539	0.551270	70.139999	-26.389999	261.450012	0.00	0.000000	0.000000
3.90	2.75	2.00	4.25	4.25	2.50	5.75	0.00	6.25	0.00	2.75	5.75	7.75	8.00	15.00	2.25	4.75	-0.229004	0.143066	0.966309	0.770000	2.870000	-1.540000	743.00	0.082907	-0.144687	0.00	0.00	0.00	0.00	0.00	0.00	0.00	0.00	0.00	0.00	0.00	0.00	0.00	0.00	0.00	0.00	-1.414551	0.051270	0.509766	50.470001	-14.630000	241.570007	0.00	0.000000	0.000000
3.91	2.25	2.00	4.00	3.50	2.25	5.75	0.00	6.25	0.00	2.75	5.50	8.00	8.25	15.00	2.50	4.75	-0.228027	0.142090	0.968262	1.120000	3.150000	-1.470000	729.00	0.094019	-0.148617	0.00	0.00	0.00	0.00	0.00	0.00	0.00	0.00	0.00	0.00	0.00	0.00	0.00	0.00	0.00	0.00	-1.385254	0.053711	0.456055	27.790001	-3.430000	219.449997	0.00	0.000000	0.000000
3.92	1.75	2.00	3.75	3.50	2.00	5.75	0.00	6.25	0.00	2.00	5.00	8.25	8.25	15.75	2.50	4.75	-0.229004	0.144531	0.967285	1.540000	3.290000	-1.610000	715.00	0.100568	-0.152401	0.00	0.00	0.00	0.00	0.00	0.00	0.00	0.00	0.00	0.00	0.00	0.00	0.00	0.00	0.00	0.00	-1.316406	0.142578	0.337891	-0.980000	14.490000	187.180008	0.00	0.000000	0.000000
3.93	1.50	2.00	3.50	3.75	2.00	5.25	0.00	6.25	0.00	2.25	5.75	8.25	8.50	15.75	2.50	4.75	-0.227051	0.143555	0.961914	2.100000	3.360000	-1.610000	719.00	0.106319	-0.153396	0.00	0.00	0.00	0.00	0.00	0.00	0.00	0.00	0.00	0.00	0.00	0.00	0.00	0.00	0.00	0.00	-1.281250	0.199707	0.313965	-6.720000	22.049999	177.449997	0.00	0.000000	0.000000
3.94	1.75	1.75	3.25	3.25	1.75	5.25	0.00	6.25	0.00	2.25	6.25	8.50	8.75	15.50	2.50	4.75	-0.233887	0.140137	0.956055	2.590000	3.430000	-1.680000	716.00	0.112039	-0.155793	0.00	0.00	0.00	0.00	0.00	0.00	0.00	0.00	0.00	0.00	0.00	0.00	0.00	0.00	0.00	0.00	-1.233398	0.349121	0.244141	-7.770000	48.790001	155.190002	0.00	0.000000	0.000000
3.95	0.75	1.50	2.25	3.00	1.50	5.00	0.00	6.25	0.00	3.00	6.50	8.75	9.25	16.00	2.50	4.75	-0.236328	0.147949	0.962891	2.800000	3.150000	-1.750000	706.00	0.135150	-0.161452	0.00	0.00	0.00	0.00	0.00	0.00	0.00	0.00	0.00	0.00	0.00	0.00	0.00	0.00	0.00	0.00	-1.199219	0.414551	0.178711	3.150000	69.650002	145.880005	0.00	0.000000	0.000000
3.96	0.50	1.50	2.25	2.75	1.50	5.00	0.00	6.25	0.00	3.00	6.00	8.75	9.25	16.00	2.50	5.00	-0.229004	0.149902	0.965332	3.010000	3.010000	-1.680000	697.00	0.138569	-0.162844	0.00	0.00	0.00	0.00	0.00	0.00	0.00	0.00	0.00	0.00	0.00	0.00	0.00	0.00	0.00	0.00	-1.106445	0.450684	0.072266	19.250000	96.599998	138.529999	0.00	0.000000	0.000000
3.97	0.75	1.50	2.50	2.50	1.50	5.25	0.00	6.25	0.00	3.00	6.25	9.25	9.50	15.50	3.00	4.75	-0.237305	0.146484	0.967285	3.360000	3.080000	-1.960000	712.00	0.136397	-0.163921	0.00	0.00	0.00	0.00	0.00	0.00	0.00	0.00	0.00	0.00	0.00	0.00	0.00	0.00	0.00	0.00	-1.031738	0.480957	0.072266	38.570000	130.270004	132.089996	0.00	0.000000	0.000000
3.98	1.00	1.25	2.50	2.00	1.50	5.25	0.00	6.50	0.00	2.75	6.25	9.00	9.75	15.75	2.75	5.00	-0.238770	0.140137	0.967285	3.500000	2.940000	-2.240000	708.00	0.138416	-0.164491	0.00	0.00	0.00	0.00	0.00	0.00	0.00	0.00	0.00	0.00	0.25	0.25	0.00	0.00	0.00	0.00	-2.713379	-0.184570	7.968750	-181.720001	191.589996	38.290001	5.00	0.000000	0.000000
3.99	0.50	0.75	2.25	2.00	1.50	5.00	0.00	6.75	0.00	2.50	6.25	9.50	9.75	16.00	2.75	5.00	-0.234863	0.148438	0.970703	3.640000	2.800000	-2.310000	701.00	0.148945	-0.169110	0.00	0.00	0.00	0.00	0.00	0.00	0.00	0.00	0.00	0.00	0.50	0.25	0.00	0.25	0.00	0.00	-1.290039	0.294922	-0.755371	28.910000	-106.889999	17.290001	10.00	0.000000	0.000000
4.00	0.75	0.50	1.50	1.75	1.25	5.00	0.00	6.50	0.00	2.50	6.25	9.50	10.00	15.75	2.75	5.00	-0.239258	0.146484	0.970703	3.780000	3.010000	-2.520000	684.00	0.156824	-0.172698	0.00	0.00	0.00	0.00	0.00	0.00	0.00	0.00	0.00	0.25	0.75	0.50	0.00	0.50	0.00	0.00	-0.607422	-0.068359	1.498535	57.400002	-62.230000	4.970000	20.00	0.000000	0.000000
4.01	0.75	1.00	1.25	1.50	1.00	4.75	0.00	6.50	0.00	2.75	6.25	9.75	10.25	15.50	2.75	5.00	-0.229004	0.156250	0.979004	3.920000	4.480000	-3.640000	683.00	0.158588	-0.175637	0.00	0.00	0.00	0.00	0.00	0.00	0.00	0.00	0.25	0.75	1.50	1.75	0.25	1.00	0.00	0.50	0.011230	0.217773	1.365234	19.250000	-80.500000	25.270000	59.00	0.254864	-0.106043
4.02	0.75	0.75	1.50	1.25	0.75	4.50	0.00	6.75	0.00	2.50	6.25	10.00	10.00	14.75	2.75	5.00	-0.239258	0.150391	0.962402	4.340000	4.830000	-4.480000	671.00	0.159490	-0.180005	0.00	0.00	0.00	0.00	0.00	0.00	0.00	0.00	0.00	1.25	2.00	2.00	0.50	1.75	0.00	0.75	0.260254	-0.017578	1.444824	58.660000	-27.580000	12.530000	78.00	0.262663	-0.107992
4.03	0.25	0.25	1.25	1.50	0.75	4.50	0.00	6.75	0.00	2.50	6.50	9.75	10.25	14.50	2.50	5.00	-0.238281	0.146484	0.975098	4.340000	5.460000	-4.970000	658.00	0.166180	-0.185460	0.00	0.00	0.00	0.25	0.00	0.00	0.00	1.00	0.00	1.50	2.75	2.50	1.50	2.75	0.25	1.25	-0.188477	0.172852	1.120605	37.520000	-14.140000	12.670000	135.00	0.223963	-0.155284
4.04	0.25	0.25	0.50	1.25	0.50	4.25	0.00	6.50	0.00	2.75	6.00	9.50	10.25	13.50	2.50	4.75	-0.233398	0.161133	0.979492	3.500000	7.350000	-4.900000	623.00	0.173587	-0.192190	0.25	0.25	0.75	1.00	0.50	0.50	0.00	1.75	0.25	1.50	2.75	2.75	2.00	3.75	0.50	1.50	-0.339355	0.178223	0.997070	17.150000	-9.030000	6.370000	201.00	0.144651	-0.142846
4.05	0.00	0.25	0.00	0.50	0.25	3.75	0.00	6.25	0.00	2.50	5.75	9.50	10.00	12.50	2.25	4.50	-0.240723	0.161621	0.979492	3.360000	9.100000	-5.460000	574.00	0.187213	-0.201125	1.00	1.75	2.75	3.00	0.75	1.00	0.00	2.00	0.00	1.50	2.25	2.50	2.50	4.00	0.50	1.75	-0.240234	0.139160	1.013672	9.170000	-10.150000	4.270000	276.00	0.022844	-0.136013
4.06	0.25	0.25	0.00	0.25	0.00	3.25	0.00	5.75	0.00	1.75	5.75	9.00	9.25	11.50	2.00	4.50	-0.224609	0.147949	0.983398	3.780000	12.110000	-6.580000	528.00	0.189270	-0.203827	1.50	3.00	4.00	4.75	0.75	2.00	0.00	2.25	0.25	1.25	2.00	2.75	2.25	4.75	0.75	1.75	-0.243164	0.136719	0.993652	4.200000	-8.680000	2.240000	348.00	-0.023009	-0.127115
4.07	0.25	0.00	0.00	0.25	0.00	2.50	0.00	5.50	0.00	1.00	5.25	8.25	8.75	10.25	2.00	4.25	-0.210938	0.147461	1.019531	8.260000	21.350000	-5.390000	476.00	0.192814	-0.211025	2.00	4.50	5.00	5.25	1.00	3.25	0.00	2.25	0.00	1.50	2.50	2.75	2.50	5.00	1.00	1.75	-0.250488	0.131836	1.001465	1.680000	-4.550000	1.400000	411.00	-0.047449	-0.126194
4.08	0.00	0.00	0.00	0.00	0.00	1.50	0.00	4.50	0.00	1.00	4.75	8.00	8.25	9.00	2.00	3.75	-0.234375	0.151855	1.024902	15.890000	35.000000	-4.830000	419.00	0.209101	-0.212009	2.75	4.75	5.25	5.75	1.50	3.50	0.00	2.25	0.00	1.75	2.50	2.75	2.75	5.25	1.00	2.00	-0.263672	0.127441	0.991211	1.540000	-2.730000	1.190000	446.00	-0.055289	-0.120405
4.09	0.00	0.00	0.25	0.25	0.00	0.75	0.00	4.00	0.00	0.75	4.00	7.25	7.75	8.00	1.75	3.00	-0.212891	0.201172	1.001953	17.639999	44.869999	-6.370000	371.00	0.206532	-0.212839	2.75	5.00	5.25	5.75	1.50	3.50	0.00	2.50	0.00	1.75	2.50	3.00	2.75	5.00	1.00	2.25	-0.257812	0.124512	0.980469	2.240000	-2.380000	1.470000	454.00	-0.056181	-0.125903
4.10	0.00	0.00	0.25	0.00	0.00	0.25	0.00	3.25	0.00	0.50	3.25	6.25	7.00	6.75	1.50	3.00	-0.227539	0.169434	1.038086	18.620001	56.000000	-9.730000	311.00	0.216412	-0.216353	3.25	5.25	5.00	5.75	1.50	4.00	0.00	2.75	0.00	1.50	2.50	3.00	3.00	4.75	0.75	2.25	-0.254883	0.125000	0.982910	3.080000	-2.870000	1.610000	463.00	-0.066765	-0.132973
4.11	0.00	0.00	0.00	0.00	0.00	0.25	0.00	2.50	0.00	0.50	2.75	6.00	6.50	6.00	1.25	3.00	-0.192871	0.207520	1.076172	19.809999	65.870003	-15.190001	275.00	0.225035	-0.219888	3.50	5.25	5.25	6.00	1.75	4.50	0.00	2.75	0.25	1.50	2.50	3.00	2.75	4.75	0.75	2.25	-0.256836	0.130859	0.984863	3.290000	-3.080000	1.820000	480.00	-0.071161	-0.127120
4.12	0.00	0.00	0.00	0.25	0.00	0.00	0.00	2.25	0.00	0.50	1.75	5.25	5.75	4.50	0.75	2.50	-0.213379	0.213379	1.063965	17.290001	73.080002	-22.120001	226.00	0.213017	-0.236210	3.50	5.25	5.25	6.25	1.50	4.50	0.00	2.75	0.00	1.00	2.50	2.75	3.00	4.50	0.75	2.25	-0.251465	0.136230	0.977539	2.940000	-3.360000	1.820000	469.00	-0.080504	-0.135693
4.13	0.00	0.00	0.00	0.00	0.00	0.25	0.00	2.00	0.00	0.75	1.25	4.25	5.25	3.50	0.75	2.25	-0.207520	0.190918	1.115234	18.059999	77.209999	-28.770000	194.00	0.210900	-0.242435	4.00	5.25	5.25	6.25	1.50	4.50	0.00	2.75	0.00	1.25	2.25	2.75	2.75	4.50	1.00	2.25	-0.251953	0.138184	0.976562	1.470000	-3.150000	1.400000	475.00	-0.082390	-0.130260
4.14	0.00	0.00	0.00	0.00	0.00	0.00	0.00	1.50	0.00	0.25	1.25	3.25	5.00	3.00	0.75	1.75	-0.184082	0.243652	1.008301	15.400000	73.989998	-42.770000	159.00	0.219679	-0.248347	4.25	5.50	5.50	6.25	1.50	4.25	0.00	2.75	0.25	1.25	2.00	2.75	2.75	4.75	1.00	2.25	-0.246094	0.140137	0.979004	-0.280000	-3.220000	0.840000	482.00	-0.083563	-0.123050
4.15	0.00	0.00	0.00	0.00	0.00	0.00	0.00	1.50	0.00	0.00	1.00	2.50	4.25	2.75	0.25	1.75	-0.186035	0.270996	0.989746	18.690001	70.910004	-55.160000	132.00	0.211749	-0.257302	4.25	5.50	5.50	6.50	1.75	4.50	0.00	2.75	0.25	1.25	2.00	2.50	2.50	5.25	1.00	2.25	-0.252441	0.130859	0.975586	-1.610000	-3.500000	0.210000	490.00	-0.083697	-0.118384
4.16	0.00	0.00	0.00	0.00	0.00	0.25	0.00	1.50	0.00	0.25	1.00	2.25	3.75	2.50	0.25	1.25	-0.170410	0.323242	0.958984	22.400000	65.309998	-69.790001	126.00	0.199405	-0.249316	4.50	5.50	6.00	6.75	2.00	4.75	0.00	2.50	0.25	1.25	1.75	2.25	2.50	5.00	0.75	2.00	-0.252441	0.131348	0.974609	-2.870000	-4.200000	-0.070000	491.00	-0.098974	-0.113156
4.17	0.00	0.00	0.00	0.00	0.00	0.25	0.00	1.00	0.00	0.00	0.50	1.50	3.25	1.75	0.00	1.25	-0.182129	0.354004	0.951660	26.110001	58.799999	-84.840004	89.00	0.194001	-0.275323	4.75	5.50	6.00	7.00	2.25	4.75	0.00	2.25	0.00	1.00	1.75	2.25	2.00	5.25	0.75	1.75	-0.251953	0.126953	0.978516	-3.570000	-4.480000	-0.070000	486.00	-0.108128	-0.108054
4.18	0.00	0.00	0.00	0.00	0.00	0.00	0.00	1.00	0.00	0.25	1.00	0.75	3.00	1.75	0.25	1.25	-0.166016	0.359375	0.924805	30.660000	50.400002	-101.220001	87.00	0.214133	-0.243268	5.50	6.00	6.25	7.25	2.25	4.75	0.00	2.00	0.00	1.00	1.50	2.00	2.00	5.25	1.00	2.00	-0.247559	0.131348	0.979492	-3.990000	-4.480000	-0.140000	499.00	-0.117595	-0.101982
4.19	0.00	0.00	0.00	0.00	0.00	0.25	0.00	0.75	0.00	0.25	0.50	0.25	2.50	1.50	0.25	1.25	-0.126465	0.318359	0.938477	37.660000	40.389999	-119.349998	68.00	0.208416	-0.241203	5.50	6.00	6.75	7.50	2.25	4.25	0.00	2.00	0.25	1.00	1.50	1.75	1.75	5.50	1.00	1.75	-0.257812	0.126465	0.978516	-4.270000	-4.550000	-0.070000	501.00	-0.119357	-0.091876
4.20	0.00	0.00	0.00	0.00	0.00	0.25	0.00	1.00	0.00	0.25	0.25	0.25	2.50	1.50	0.25	0.75	-0.151855	0.308105	0.927246	43.889999	28.420000	-139.020004	67.00	0.189051	-0.251748	6.00	6.00	7.25	7.50	2.50	4.00	0.00	1.75	0.00	1.00	1.50	1.50	1.75	5.75	1.00	1.50	-0.251465	0.125977	0.981934	-4.270000	-4.410000	0.140000	503.00	-0.127773	-0.083290
4.21	0.00	0.00	0.00	0.00	0.00	0.00	0.00	0.75	0.00	0.00	0.25	0.25	2.25	1.50	0.25	0.50	-0.182129	0.323730	0.856445	53.200001	11.970000	-166.110001	54.00	0.214301	-0.246064	6.25	6.50	7.75	8.00	2.75	4.25	0.00	1.75	0.00	0.75	1.25	1.50	1.50	5.50	1.00	1.50	-0.248535	0.125488	0.976074	-4.340000	-4.620000	0.140000	517.00	-0.142134	-0.083000
4.22	0.00	0.00	0.00	0.00	0.00	0.00	0.00	0.50	0.00	0.00	0.25	0.25	1.50	1.25	0.25	0.75	-0.190430	0.302246	0.908691	59.779999	0.140000	-183.680008	43.00	0.000000	0.000000	6.75	7.00	8.25	8.25	3.00	4.50	0.00	1.50	0.25	0.75	1.00	1.50	1.50	5.50	0.75	1.50	-0.247070	0.125000	0.974121	-4.060000	-4.410000	0.420000	535.00	-0.152012	-0.076475
4.23	0.00	0.00	0.00	0.00	0.00	0.00	0.00	0.50	0.00	0.00	0.00	0.50	1.00	1.25	0.00	0.50	-0.184082	0.305664	0.909180	65.590004	-11.690000	-200.970001	35.00	0.000000	0.000000	7.00	7.25	8.50	8.25	2.75	3.25	0.00	1.50	0.00	1.00	1.00	1.25	1.25	5.50	0.75	1.50	-0.253906	0.113770	0.976562	-3.850000	-3.920000	0.490000	521.00	-0.158945	-0.069449
4.24	0.00	0.00	0.00	0.00	0.00	0.00	0.00	0.25	0.00	0.00	0.00	0.50	0.75	1.25	0.00	0.25	-0.185059	0.413086	0.870605	72.660004	-23.450001	-216.649994	28.00	0.000000	0.000000	7.50	7.25	8.75	8.75	3.00	4.25	0.00	1.50	0.00	1.25	1.00	1.25	1.25	5.50	0.75	1.50	-0.245605	0.124023	0.969727	-3.570000	-3.710000	0.700000	550.00	-0.160877	-0.071257
4.25	0.00	0.00	0.00	0.00	0.00	0.00	0.00	0.25	0.00	0.00	0.00	0.25	0.50	1.00	0.00	0.00	-0.140137	0.324707	0.880371	80.430000	-34.160000	-231.979996	19.00	0.000000	0.000000	7.50	7.75	9.00	9.00	3.25	4.75	0.00	1.50	0.25	1.00	1.00	1.00	1.00	5.50	0.75	1.50	-0.243164	0.122559	0.974121	-3.430000	-3.080000	0.770000	565.00	-0.166263	-0.069356
4.26	0.00	0.00	0.00	0.00	0.00	0.00	0.00	0.00	0.00	0.00	0.00	0.25	0.25	0.75	0.00	0.00	-0.173828	0.258789	1.018555	96.669998	-56.279999	-251.649994	11.00	0.000000	0.000000	7.50	8.00	9.25	9.25	3.50	5.00	0.00	1.50	0.00	1.25	1.25	1.25	1.00	6.00	0.75	1.50	-0.252441	0.127441	0.973633	-3.220000	-2.730000	0.770000	587.00	-0.160947	-0.070799
4.27	0.00	0.00	0.00	0.00	0.00	0.00	0.00	0.00	0.00	0.00	0.00	0.25	0.25	1.00	0.00	0.00	-0.147949	0.167969	0.996582	105.000000	-66.290001	-259.559998	13.00	0.000000	0.000000	7.75	8.00	9.25	9.25	3.25	5.00	0.00	1.50	0.00	1.25	1.50	1.25	1.25	6.25	0.75	1.75	-0.245117	0.127441	0.976562	-3.080000	-2.380000	0.630000	595.00	-0.156017	-0.071915
4.28	0.00	0.00	0.00	0.00	0.00	0.00	0.00	0.00	0.00	0.00	0.00	0.00	0.00	0.25	0.00	0.00	-0.140625	-0.118164	0.955078	123.410004	-96.739998	-287.910004	2.00	0.000000	0.000000	8.25	8.25	9.25	9.50	3.25	5.00	0.00	1.75	0.00	1.25	1.50	1.25	1.25	6.00	0.75	1.75	-0.243164	0.123047	0.982422	-3.010000	-2.170000	0.770000	607.00	-0.160804	-0.074304
4.29	0.00	0.00	0.00	0.00	0.00	0.00	0.00	0.00	0.00	0.00	0.00	0.25	0.25	0.25	0.00	0.25	-0.355957	-0.208984	0.887207	126.910004	-110.809998	-317.100006	8.00	0.000000	0.000000	8.25	8.00	9.50	9.50	3.50	5.00	0.00	1.75	0.25	1.25	1.50	1.25	1.25	6.25	0.75	1.50	-0.245605	0.120117	0.978516	-2.870000	-2.100000	0.700000	614.00	-0.157104	-0.069348
4.30	0.00	0.00	0.00	0.00	0.00	0.00	0.00	0.00	0.00	0.00	0.00	0.00	0.00	0.25	0.00	0.00	-0.481445	-0.059082	1.072266	130.410004	-118.510002	-346.429993	2.00	0.000000	0.000000	8.25	8.50	9.75	9.50	3.75	5.00	0.00	1.75	0.00	1.00	1.50	1.00	1.25	6.25	0.75	1.75	-0.244141	0.126465	0.983398	-2.590000	-2.030000	0.700000	617.00	-0.163681	-0.070727
4.31	0.00	0.00	0.00	0.00	0.00	0.00	0.00	0.00	0.00	0.00	0.00	0.00	0.00	0.00	0.00	0.00	-0.484375	-0.070801	1.361816	108.080002	-143.779999	-362.040009	0.00	0.000000	0.000000	8.25	8.50	9.50	9.50	3.75	5.00	0.00	1.75	0.25	1.00	1.25	1.00	1.25	6.00	0.75	1.75	-0.246582	0.122070	0.979492	-2.450000	-1.890000	0.840000	613.00	-0.164641	-0.070283
4.32	0.00	0.00	0.00	0.00	0.00	0.00	0.00	0.00	0.00	0.00	0.00	0.00	0.00	0.25	0.00	0.00	-0.534180	0.015625	1.319336	79.800003	-172.550003	-364.000000	2.00	0.000000	0.000000	8.50	8.50	9.50	9.50	3.50	5.00	0.00	1.50	0.25	1.25	1.00	1.00	1.25	6.00	0.75	1.75	-0.248047	0.127441	0.979004	-2.380000	-1.750000	0.700000	609.00	-0.166734	-0.067337
4.33	0.00	0.00	0.00	0.00	0.00	0.00	0.00	0.00	0.00	0.00	0.00	0.00	0.00	0.25	0.00	0.00	-0.579102	0.059082	1.077148	65.940002	-189.000000	-359.029999	2.00	0.000000	0.000000	8.50	8.50	9.75	9.50	3.50	5.00	0.00	1.75	0.00	1.50	1.25	1.00	1.25	6.00	0.75	1.75	-0.248047	0.125977	0.977051	-2.310000	-1.470000	0.560000	617.00	-0.165091	-0.070093
4.34	0.00	0.00	0.00	0.00	0.00	0.00	0.00	0.00	0.00	0.00	0.00	0.00	0.00	0.25	0.00	0.00	-0.649902	0.068359	0.738770	71.750000	-185.430008	-351.750000	2.00	0.000000	0.000000	8.50	8.50	9.50	9.75	3.50	5.00	0.00	1.75	0.00	1.50	1.25	1.00	1.25	6.00	0.75	1.75	-0.247070	0.126953	0.975586	-2.240000	-1.260000	0.560000	617.00	-0.165181	-0.071501
4.35	0.00	0.00	0.00	0.00	0.00	0.00	0.00	0.00	0.00	0.00	0.00	0.00	0.00	0.50	0.00	0.00	-0.689941	0.070312	0.644531	82.599998	-169.750000	-348.250000	4.00	0.000000	0.000000	8.25	8.75	9.50	9.75	3.75	5.00	0.00	1.75	0.25	1.25	1.50	1.00	1.25	6.25	0.75	1.75	-0.246582	0.127930	0.979980	-2.310000	-1.050000	0.560000	625.00	-0.160823	-0.070104
4.36	0.00	0.00	0.00	0.00	0.00	0.00	0.00	0.00	0.00	0.00	0.00	0.00	0.00	0.25	0.00	0.00	-0.724609	0.072754	0.639160	88.199997	-150.570007	-343.070007	2.00	0.000000	0.000000	8.25	8.50	9.50	9.25	3.75	5.25	0.00	1.75	0.25	1.25	1.25	1.25	1.25	6.25	0.75	1.75	-0.244141	0.121094	0.980957	-2.240000	-0.980000	0.490000	620.00	-0.158775	-0.070033
4.37	0.00	0.00	0.00	0.00	0.00	0.00	0.00	0.00	0.00	0.00	0.00	0.00	0.00	0.25	0.00	0.00	-0.727539	0.096680	0.660156	84.419998	-130.899994	-334.600006	2.00	0.000000	0.000000	8.00	8.50	9.50	9.25	3.75	5.25	0.00	1.75	0.25	1.25	1.25	1.50	1.25	6.00	0.75	1.75	-0.253418	0.123047	0.973145	-2.030000	-0.770000	0.420000	618.00	-0.158151	-0.072598
4.38	0.00	0.00	0.00	0.00	0.00	0.00	0.00	0.00	0.00	0.00	0.00	0.00	0.25	0.25	0.00	0.00	-0.706543	0.177246	0.660156	70.209999	-101.430000	-312.200012	4.00	0.000000	0.000000	8.25	8.25	9.25	9.25	3.75	5.25	0.00	1.75	0.25	1.00	1.50	1.50	1.25	6.00	0.25	1.75	-0.248047	0.119141	0.980469	-2.030000	-0.700000	0.560000	610.00	-0.162652	-0.072900
4.39	0.00	0.00	0.00	0.00	0.00	0.00	0.00	0.00	0.00	0.00	0.00	0.00	0.00	0.25	0.00	0.00	-0.700684	0.204590	0.665039	64.750000	-91.349998	-302.610016	2.00	0.000000	0.000000	8.25	8.25	9.25	9.25	3.75	5.25	0.00	2.00	0.50	1.25	1.50	1.00	1.25	6.00	0.25	1.75	-0.245605	0.121094	0.980469	-1.890000	-0.630000	0.630000	615.00	-0.160972	-0.070536
4.40	0.00	0.00	0.00	0.00	0.00	0.00	0.00	0.00	0.00	0.00	0.00	0.00	0.00	0.50	0.00	0.00	-0.664551	0.270508	0.686523	56.070000	-70.139999	-281.750000	4.00	0.000000	0.000000	8.00	8.00	9.00	9.25	3.50	5.00	0.00	2.00	0.50	1.25	1.25	1.00	1.25	5.75	0.50	2.00	-0.245605	0.123535	0.975098	-1.890000	-0.560000	0.630000	601.00	-0.158714	-0.072654
4.41	0.00	0.00	0.00	0.00	0.00	0.00	0.00	0.00	0.00	0.00	0.00	0.00	0.25	0.50	0.00	0.00	-0.599609	0.323730	0.759277	56.139999	-42.209999	-246.680008	6.00	0.000000	0.000000	7.75	8.00	8.75	9.25	3.25	5.00	0.00	1.75	0.25	1.50	1.25	1.25	1.25	5.75	0.50	2.00	-0.246582	0.116699	0.976562	-1.750000	-0.700000	0.630000	591.00	-0.157138	-0.075097
4.42	0.00	0.00	0.00	0.00	0.00	0.00	0.00	0.00	0.00	0.00	0.00	0.00	0.00	0.25	0.00	0.00	-0.544434	0.308105	0.810547	65.029999	-27.440001	-222.949997	2.00	0.000000	0.000000	7.50	8.25	8.75	9.25	3.50	5.00	0.00	1.75	0.25	1.50	1.25	1.50	1.25	5.75	0.50	2.00	-0.244141	0.120117	0.977051	-1.680000	-0.840000	0.490000	596.00	-0.155307	-0.076595
4.43	0.00	0.00	0.00	0.00	0.00	0.00	0.00	0.00	0.00	0.00	0.00	0.00	0.00	0.25	0.00	0.00	-0.485352	0.247070	0.869629	74.129997	-16.940001	-199.639999	2.00	0.000000	0.000000	7.50	8.25	8.75	9.25	3.50	5.00	0.00	1.75	0.50	1.25	1.50	1.50	1.25	6.00	0.50	2.00	-0.243652	0.119629	0.966797	-1.470000	-0.840000	0.490000	601.00	-0.151109	-0.074564
4.44	0.00	0.00	0.00	0.00	0.00	0.00	0.00	0.00	0.00	0.00	0.00	0.00	0.00	0.50	0.00	0.00	-0.427246	0.165527	0.911133	79.239998	-9.800000	-177.380005	4.00	0.000000	0.000000	7.75	8.25	8.75	9.00	3.50	5.00	0.00	1.75	0.50	1.25	1.75	1.50	1.25	6.00	0.75	2.00	-0.244629	0.124512	0.973633	-1.470000	-0.280000	0.280000	606.00	-0.147518	-0.073313
4.45	0.00	0.00	0.00	0.00	0.00	0.00	0.00	0.00	0.00	0.00	0.00	0.00	0.00	0.50	0.00	0.00	-0.386719	0.071777	0.916504	77.419998	-4.760000	-157.990005	4.00	0.000000	0.000000	7.50	8.00	8.75	9.00	3.25	5.50	0.00	1.75	0.50	1.50	1.75	1.25	1.25	6.00	0.75	2.00	-0.249023	0.118164	0.977539	-1.680000	0.000000	0.140000	604.00	-0.145425	-0.074587
4.46	0.00	0.00	0.00	0.00	0.00	0.00	0.00	0.00	0.00	0.00	0.00	0.00	0.00	0.50	0.00	0.00	-0.358398	-0.001953	0.931152	69.720001	0.140000	-142.729996	4.00	0.000000	0.000000	7.50	8.00	8.75	9.00	3.50	5.25	0.00	2.00	0.50	1.75	2.00	1.25	1.50	6.25	1.25	1.75	-0.247559	0.123047	0.975586	-1.960000	0.210000	-0.000000	621.00	-0.134728	-0.074683
4.47	0.00	0.00	0.00	0.00	0.00	0.00	0.00	0.00	0.00	0.00	0.00	0.00	0.00	0.50	0.00	0.00	-0.327637	-0.043457	0.955566	61.529999	3.920000	-132.020004	4.00	0.000000	0.000000	7.25	8.00	8.50	9.00	3.75	5.25	0.00	2.00	0.50	1.75	1.75	1.50	1.50	6.50	0.75	1.75	-0.242188	0.124512	0.978516	-2.450000	0.490000	-0.140000	616.00	-0.135768	-0.075425
4.48	0.00	0.00	0.00	0.00	0.00	0.00	0.00	0.00	0.00	0.00	0.00	0.00	0.00	0.25	0.00	0.00	-0.296387	-0.097656	0.982422	51.029999	6.160000	-124.879997	2.00	0.000000	0.000000	7.00	7.50	8.00	8.75	3.75	5.25	0.00	2.00	0.50	2.00	2.00	1.50	1.75	6.50	0.75	2.00	-0.248047	0.120117	0.973633	-2.800000	0.910000	-0.070000	609.00	-0.125278	-0.077843
4.49	0.00	0.00	0.00	0.00	0.00	0.00	0.00	0.00	0.00	0.00	0.00	0.00	0.00	0.00	0.00	0.00	-0.277344	-0.118652	0.991699	45.009998	5.670000	-126.070000	0.00	0.000000	0.000000	7.00	7.25	8.00	8.75	3.75	5.50	0.00	2.00	0.75	2.00	1.75	1.50	1.50	6.50	1.00	2.25	-0.247559	0.125488	0.974609	-2.730000	1.120000	-0.210000	612.00	-0.121436	-0.075515
4.50	0.00	0.00	0.00	0.00	0.00	0.00	0.00	0.00	0.00	0.00	0.00	0.00	0.00	0.00	0.00	0.00	-0.268555	-0.142090	0.998047	39.759998	4.760000	-130.899994	0.00	0.000000	0.000000	6.75	7.25	7.75	8.50	4.00	5.25	0.00	2.25	0.75	2.00	2.00	1.50	1.50	6.75	1.00	2.25	-0.247070	0.125000	0.977539	-2.940000	1.260000	-0.140000	612.00	-0.114705	-0.076144
4.51	0.00	0.00	0.00	0.00	0.00	0.00	0.00	0.00	0.00	0.00	0.00	0.00	0.00	0.00	0.00	0.00	-0.253418	-0.138672	0.980957	34.860001	4.200000	-137.410004	0.00	0.000000	0.000000	6.75	7.25	7.50	8.50	4.00	5.25	0.00	2.25	0.50	2.00	2.25	1.50	1.75	7.00	1.00	2.50	-0.251465	0.114746	0.977051	-2.800000	1.190000	-0.000000	614.00	-0.110665	-0.079936
4.52	0.00	0.00	0.00	0.00	0.00	0.00	0.00	0.00	0.00	0.00	0.00	0.00	0.00	0.25	0.00	0.00	-0.235352	-0.106934	0.980469	30.100000	3.920000	-143.990005	2.00	0.000000	0.000000	6.50	7.00	7.50	8.50	4.00	5.25	0.00	2.25	0.75	2.50	2.75	2.25	2.00	7.00	0.75	2.50	-0.250488	0.119629	0.978516	-2.660000	1.050000	0.070000	631.00	-0.097951	-0.081677
4.53	0.00	0.00	0.00	0.00	0.00	0.00	0.00	0.00	0.00	0.00	0.00	0.00	0.25	0.25	0.00	0.00	-0.225098	-0.076172	0.985840	24.850000	3.640000	-149.309998	4.00	0.000000	0.000000	6.50	7.00	7.25	8.25	4.00	5.50	0.00	2.50	0.75	2.75	3.00	2.50	2.00	7.25	1.00	2.50	-0.253418	0.122070	0.978516	-2.660000	1.050000	-0.070000	644.00	-0.088457	-0.084018
4.54	0.00	0.00	0.00	0.00	0.00	0.00	0.00	0.00	0.00	0.00	0.00	0.00	0.25	0.00	0.00	0.00	-0.223633	0.010742	1.011230	17.010000	2.870000	-154.699997	2.00	0.000000	0.000000	6.50	7.00	7.25	8.25	4.00	5.25	0.25	2.75	0.75	2.75	2.75	2.25	2.25	7.75	1.50	2.50	-0.247559	0.118164	0.985352	-2.590000	1.050000	0.070000	656.00	-0.081137	-0.081690
4.55	0.00	0.00	0.00	0.00	0.00	0.00	0.00	0.00	0.00	0.00	0.00	0.00	0.00	0.00	0.00	0.00	-0.205566	0.065918	1.038574	12.670000	1.960000	-155.960007	0.00	0.000000	0.000000	6.00	6.50	7.00	8.00	4.00	5.25	0.25	2.75	1.00	3.00	3.50	2.50	2.25	8.25	1.25	3.00	-0.253906	0.117676	0.982910	-2.520000	0.840000	0.070000	661.00	-0.063854	-0.080927
4.56	0.00	0.00	0.00	0.00	0.00	0.00	0.00	0.00	0.00	0.00	0.00	0.00	0.00	0.00	0.00	0.00	-0.203613	0.113770	1.041016	9.030000	0.210000	-155.610001	0.00	0.000000	0.000000	6.00	6.00	6.75	7.75	4.00	5.25	0.25	2.75	1.00	3.00	3.75	2.25	2.25	8.50	1.25	3.00	-0.252441	0.114746	0.982910	-2.520000	0.630000	0.140000	653.00	-0.057948	-0.078879
4.57	0.00	0.00	0.00	0.00	0.00	0.00	0.00	0.00	0.00	0.00	0.00	0.00	0.00	0.00	0.00	0.00	-0.187500	0.158691	1.045410	6.580000	-2.450000	-153.369995	0.00	0.000000	0.000000	5.75	6.25	6.50	7.75	4.00	5.25	0.00	2.75	1.25	3.00	3.75	2.75	2.25	8.50	1.25	3.25	-0.250977	0.118652	0.981445	-2.310000	0.420000	-0.140000	656.00	-0.053188	-0.082964
4.58	0.00	0.00	0.00	0.00	0.00	0.00	0.00	0.00	0.00	0.00	0.00	0.00	0.00	0.00	0.00	0.00	-0.177246	0.190430	1.045898	4.620000	-4.970000	-150.220001	0.00	0.000000	0.000000	5.50	6.25	6.50	7.75	4.00	5.25	0.00	2.75	1.25	3.00	3.75	3.00	2.50	8.75	1.50	3.25	-0.249512	0.117188	0.982422	-2.100000	0.140000	0.070000	663.00	-0.046731	-0.084955
4.59	0.00	0.00	0.00	0.00	0.00	0.00	0.00	0.00	0.00	0.00	0.00	0.00	0.00	0.00	0.00	0.00	-0.163574	0.224121	1.025879	2.660000	-6.930000	-146.020004	0.00	0.000000	0.000000	5.25	6.00	6.50	7.75	4.00	5.25	0.25	2.75	1.00	3.25	4.00	3.00	2.75	9.25	1.75	3.25	-0.251953	0.125488	0.976562	-1.890000	-0.070000	0.210000	673.00	-0.037303	-0.084411
4.60	0.00	0.00	0.00	0.00	0.00	0.00	0.00	0.00	0.00	0.00	0.00	0.00	0.00	0.00	0.00	0.00	-0.143066	0.250488	1.018555	1.120000	-8.470000	-141.190002	0.00	0.000000	0.000000	5.50	5.75	6.00	7.50	4.25	5.25	0.25	3.00	1.50	3.50	4.25	3.00	2.75	9.25	1.75	3.25	-0.256348	0.119141	0.974609	-1.610000	-0.140000	0.070000	683.00	-0.029877	-0.081505
4.61	0.00	0.00	0.00	0.00	0.00	0.00	0.00	0.00	0.00	0.00	0.00	0.00	0.00	0.00	0.00	0.00	-0.094238	0.291504	1.001465	1.540000	-10.150000	-131.809998	0.00	0.000000	0.000000	5.50	6.00	6.00	7.25	3.75	5.25	0.25	3.00	1.75	3.50	4.00	3.25	3.00	9.75	2.00	3.50	-0.259277	0.118164	0.981934	-1.260000	-0.210000	0.070000	691.00	-0.022306	-0.081409
4.62	0.00	0.00	0.00	0.00	0.00	0.00	0.00	0.00	0.00	0.00	0.00	0.00	0.00	0.00	0.00	0.00	-0.056641	0.300293	1.008789	2.730000	-11.130000	-124.250000	0.00	0.000000	0.000000	5.25	5.75	5.75	7.25	3.75	5.25	0.25	3.00	1.50	3.50	4.50	3.25	3.25	10.25	1.75	3.25	-0.250488	0.116211	0.982422	-1.050000	-0.140000	0.070000	688.00	-0.017104	-0.083621
4.63	0.00	0.00	0.00	0.00	0.00	0.00	0.00	0.00	0.00	0.00	0.00	0.00	0.00	0.00	0.00	0.00	-0.020508	0.298828	1.008301	2.800000	-12.600000	-116.199997	0.00	0.000000	0.000000	5.00	5.75	5.50	6.75	4.00	5.25	0.25	3.00	1.75	3.75	4.75	3.50	3.00	10.25	1.75	3.75	-0.248535	0.118652	0.979004	-0.770000	-0.070000	0.070000	691.00	-0.007999	-0.081744
4.64	0.00	0.00	0.00	0.00	0.00	0.00	0.00	0.00	0.00	0.00	0.00	0.00	0.00	0.00	0.00	0.00	0.005371	0.296875	1.012207	2.730000	-14.420000	-108.010002	0.00	0.000000	0.000000	4.75	5.75	5.50	6.75	3.75	5.00	0.25	3.00	2.00	3.50	5.00	3.50	3.25	10.00	1.75	3.75	-0.251465	0.120605	0.979004	-0.560000	0.070000	0.350000	687.00	-0.005004	-0.083265
4.65	0.00	0.00	0.00	0.00	0.00	0.00	0.00	0.00	0.00	0.00	0.00	0.00	0.00	0.00	0.00	0.00	0.037109	0.291016	0.993164	5.810000	-16.240000	-100.519997	0.00	0.000000	0.000000	4.50	5.75	5.50	7.00	3.50	5.00	0.25	3.00	2.00	3.75	4.50	3.50	3.25	10.50	1.75	4.00	-0.257324	0.123047	0.979004	-0.560000	0.000000	0.140000	687.00	-0.001671	-0.083165
4.66	0.00	0.00	0.00	0.00	0.00	0.00	0.00	0.00	0.00	0.00	0.00	0.00	0.00	0.00	0.00	0.00	0.062500	0.255859	0.937988	11.830000	-16.870001	-91.000000	0.00	0.000000	0.000000	3.75	5.75	5.50	6.50	3.75	5.00	0.25	3.00	2.00	4.25	4.75	3.50	3.25	10.25	1.75	3.75	-0.259277	0.120117	0.983887	-0.420000	-0.140000	0.420000	681.00	0.005419	-0.082988
4.67	0.00	0.00	0.00	0.00	0.00	0.00	0.00	0.00	0.00	0.00	0.00	0.00	0.00	0.00	0.00	0.00	0.074707	0.237793	0.923828	13.300000	-16.170000	-88.340004	0.00	0.000000	0.000000	3.75	5.75	5.25	6.50	3.75	5.00	0.25	3.00	2.00	4.25	4.75	3.75	3.50	10.00	2.00	4.00	-0.250488	0.116699	0.978027	-0.420000	0.000000	0.490000	685.00	0.008806	-0.086972
4.68	0.00	0.00	0.00	0.00	0.00	0.00	0.00	0.00	0.00	0.00	0.00	0.00	0.00	0.00	0.00	0.00	0.085449	0.216797	0.911621	17.219999	-14.000000	-80.639999	0.00	0.000000	0.000000	3.75	5.50	5.25	6.50	3.75	5.00	0.25	3.00	2.00	4.00	5.00	4.00	3.50	10.00	2.25	4.00	-0.259277	0.122559	0.978027	-0.420000	0.070000	0.350000	688.00	0.012471	-0.088169
4.69	0.00	0.00	0.00	0.00	0.00	0.00	0.00	0.00	0.00	0.00	0.00	0.00	0.00	0.00	0.00	0.00	0.090820	0.208984	0.897461	19.530001	-13.020000	-75.389999	0.00	0.000000	0.000000	3.75	5.75	5.00	6.50	3.50	5.00	0.25	3.00	2.00	4.25	5.00	3.75	3.25	9.75	2.00	4.00	-0.253906	0.119629	0.977539	-0.350000	0.140000	0.280000	677.00	0.009534	-0.088044
4.70	0.00	0.00	0.00	0.00	0.00	0.00	0.00	0.00	0.00	0.00	0.00	0.00	0.00	0.00	0.00	0.00	0.088379	0.206543	0.848633	22.120001	-11.130000	-70.279999	0.00	0.000000	0.000000	3.00	5.50	4.75	6.25	3.50	4.25	0.25	3.00	2.00	4.25	5.25	3.75	3.25	10.25	1.75	3.75	-0.251953	0.113770	0.978027	-0.630000	0.140000	0.140000	657.00	0.021486	-0.085927
4.71	0.00	0.00	0.00	0.00	0.00	0.00	0.00	0.00	0.00	0.00	0.00	0.00	0.00	0.00	0.00	0.00	0.086426	0.214844	0.770020	25.340000	-6.650000	-64.889999	0.00	0.000000	0.000000	3.00	5.25	4.75	6.25	3.50	4.25	0.25	2.75	2.00	4.00	5.25	3.75	3.25	10.25	2.00	3.75	-0.255371	0.121582	0.979980	-0.840000	0.070000	-0.000000	650.00	0.023921	-0.084438
4.72	0.00	0.00	0.00	0.00	0.00	0.00	0.00	0.00	0.00	0.00	0.00	0.00	0.00	0.00	0.00	0.00	0.068848	0.223145	0.657715	30.730000	1.750000	-59.010002	0.00	0.000000	0.000000	3.50	5.25	4.75	6.25	3.25	4.25	0.25	3.00	2.00	4.00	5.00	3.75	3.25	10.25	2.00	3.75	-0.257812	0.122559	0.979492	-0.840000	0.000000	-0.000000	654.00	0.020149	-0.085182
4.73	0.00	0.00	0.00	0.00	0.00	0.00	0.00	0.00	0.00	0.00	0.00	0.00	0.00	0.00	0.00	0.00	0.057129	0.252441	0.605469	36.049999	15.260000	-53.480000	0.00	0.000000	0.000000	3.50	5.50	4.75	6.00	3.25	4.50	0.25	2.75	2.00	4.00	5.00	3.75	3.50	10.25	2.00	3.75	-0.249023	0.118164	0.979980	-1.050000	-0.210000	0.070000	655.00	0.019868	-0.085125
4.74	0.00	0.00	0.00	0.00	0.00	0.00	0.00	0.00	0.00	0.00	0.00	0.00	0.00	0.00	0.00	0.00	0.054688	0.309570	0.749023	46.340000	34.369999	-42.279999	0.00	0.000000	0.000000	2.50	5.25	4.50	6.00	3.50	4.25	0.25	2.75	1.75	4.00	5.00	3.75	3.50	10.00	2.00	4.00	-0.259277	0.118164	0.975098	-1.190000	-0.420000	-0.000000	635.00	0.027900	-0.090542
4.75	0.00	0.00	0.00	0.00	0.00	0.00	0.00	0.00	0.00	0.00	0.00	0.25	0.00	0.00	0.00	0.00	-0.112305	0.569824	0.098145	-46.480000	-74.480003	-5.460000	3.00	0.000000	0.000000	3.50	5.00	4.75	5.75	3.25	4.25	0.25	2.75	2.00	3.75	5.00	4.00	3.25	10.00	1.75	4.00	-0.252441	0.116211	0.977539	-1.120000	-0.700000	0.140000	639.00	0.022254	-0.084714
4.76	0.00	0.00	0.00	0.00	0.00	0.00	0.00	0.00	0.00	0.00	0.00	0.25	0.00	0.00	0.00	0.00	-0.390137	-0.338867	0.892578	20.370001	-37.380001	-7.630000	3.00	0.000000	0.000000	3.50	5.25	4.50	6.25	3.00	4.50	0.25	2.75	2.00	4.25	5.00	3.50	3.25	10.00	2.00	3.75	-0.256836	0.120117	0.968750	-1.330000	-0.840000	0.210000	645.00	0.020292	-0.084950
4.77	0.00	0.00	0.00	0.00	0.00	0.00	0.00	0.00	0.00	0.00	0.00	0.50	0.00	0.00	0.00	0.00	0.380371	-0.004883	0.987305	3.150000	-30.309999	4.270000	5.00	0.000000	0.000000	3.50	5.25	4.50	6.25	3.00	4.25	0.25	2.75	1.75	4.00	5.00	3.75	3.25	10.00	1.75	3.50	-0.257324	0.124023	0.974121	-1.330000	-0.840000	0.280000	635.00	0.017363	-0.087001
4.78	0.00	0.00	0.00	0.00	0.00	0.00	0.00	0.00	0.00	0.00	0.00	0.75	0.25	0.50	0.00	0.00	-0.174805	0.124023	0.995117	10.990000	-0.980000	3.990000	14.00	0.000000	0.000000																									
4.79	0.00	0.00	0.25	0.00	0.00	0.00	0.00	0.00	0.00	0.00	0.00	0.75	0.50	0.75	0.00	0.25	-0.291504	0.109863	1.001465	10.920000	-1.890000	3.640000	23.00	0.000000	0.000000	3.75	5.25	4.50	6.25	3.00	4.25	0.25	2.75	2.00	4.25	4.75	3.50	3.25	10.00	2.00	3.75	-0.260254	0.125977	0.975098	-1.750000	-0.630000	0.070000	643.00	0.018480	-0.083248
4.80	0.25	0.25	0.75	0.50	0.00	0.25	0.00	0.25	0.00	0.00	0.00	0.50	0.25	1.00	0.00	0.50	-0.204590	0.113281	0.995117	10.010000	2.030000	3.290000	44.00	0.000000	0.000000	3.25	5.25	4.50	6.00	3.00	4.25	0.25	2.75	2.00	3.75	4.75	3.25	3.00	10.00	2.00	3.75	-0.250000	0.123535	0.988281	-2.100000	-0.070000	-0.280000	625.00	0.020144	-0.083234
4.81	0.50	0.50	1.00	0.75	0.25	0.25	0.00	0.25	0.00	0.00	0.00	0.50	0.25	1.25	0.00	0.75	-0.225586	0.104980	0.971191	7.980000	4.480000	1.120000	61.00	-0.046413	-0.083610	3.00	5.25	4.25	6.00	2.75	3.75	0.25	2.50	2.00	3.75	4.75	3.25	3.00	10.25	2.00	3.50	-0.254395	0.115234	0.976074	-2.380000	0.420000	-0.560000	608.00	0.026273	-0.080439
4.82	0.75	0.50	0.50	0.50	0.25	0.25	0.00	0.50	0.00	0.00	0.25	0.75	0.50	1.50	0.00	1.00	-0.235352	0.105957	0.985840	6.790000	5.810000	0.700000	70.00	0.017845	-0.119106	2.75	5.00	3.75	5.25	2.75	3.00	0.25	2.25	2.00	3.75	4.50	3.00	2.75	10.00	1.75	3.75	-0.255371	0.120117	0.979980	-2.380000	1.960000	-0.700000	567.00	0.035558	-0.074565
4.83	0.50	0.25	0.50	0.50	0.25	0.00	0.00	0.50	0.00	0.00	0.25	1.00	0.50	1.75	0.25	1.25	-0.229980	0.107422	0.991699	5.460000	6.090000	0.350000	71.00	0.093941	-0.120002	2.25	4.75	3.75	5.50	2.50	2.75	0.25	2.00	2.00	3.75	4.25	3.00	2.75	10.50	2.00	3.50	-0.255859	0.125977	0.986816	-2.310000	2.660000	-0.770000	555.00	0.044930	-0.071487
4.84	0.00	0.25	0.50	0.75	0.25	0.00	0.00	0.50	0.00	0.25	0.50	0.75	0.75	2.75	0.25	1.50	-0.235840	0.105469	0.979004	4.690000	5.740000	0.210000	83.00	0.156576	-0.107820	2.00	4.75	2.75	4.50	2.50	2.25	0.25	2.00	2.00	3.75	4.25	2.75	2.50	10.50	2.00	3.50	-0.257812	0.119629	0.981934	-2.310000	3.500000	-0.770000	520.00	0.061539	-0.067733
4.85	0.00	0.25	0.50	0.75	0.00	0.25	0.00	0.50	0.00	0.25	0.50	0.75	0.75	2.75	0.25	1.50	-0.237793	0.106934	0.974121	3.990000	5.040000	0.280000	83.00	0.155769	-0.118835	1.25	4.25	2.50	3.75	2.00	2.25	0.25	1.75	2.25	4.00	4.00	2.75	2.50	10.25	2.00	3.50	-0.258789	0.113281	0.971191	-2.380000	3.850000	-0.700000	489.00	0.083677	-0.064611
4.86	0.00	0.25	0.50	0.75	0.00	0.00	0.00	0.50	0.00	0.25	0.50	1.25	1.00	2.75	0.50	1.50	-0.237305	0.111816	0.968750	3.360000	4.760000	0.140000	90.00	0.175736	-0.131666	1.50	4.00	2.00	2.75	1.50	1.75	0.25	1.50	2.25	4.00	4.00	2.50	2.25	10.25	1.75	3.50	-0.259277	0.122559	0.973145	-2.380000	3.920000	-0.840000	450.00	0.099976	-0.053991
4.87	0.25	0.00	0.75	0.75	0.00	0.25	0.00	0.50	0.00	0.25	0.50	1.25	1.00	3.50	0.50	1.75	-0.231445	0.106934	0.965820	2.590000	3.640000	0.140000	104.00	0.170990	-0.106024	1.50	3.00	1.50	2.75	1.75	1.25	0.00	1.25	2.25	3.75	4.25	2.50	2.25	10.25	1.75	3.50	-0.262207	0.125977	0.969238	-2.380000	3.640000	-0.980000	425.00	0.118824	-0.050619
4.88	0.25	0.25	1.00	0.00	0.25	0.25	0.00	0.50	0.00	0.25	0.75	1.25	1.00	3.50	0.50	2.00	-0.235352	0.106934	0.972656	2.030000	2.940000	0.070000	107.00	0.178323	-0.091725	1.50	3.50	1.75	2.75	1.25	0.75	0.00	1.00	2.25	3.75	4.25	2.75	2.25	10.25	1.75	3.50	-0.257324	0.120117	0.973145	-2.590000	3.010000	-1.050000	421.00	0.118842	-0.047994
4.89	0.25	0.25	0.75	0.25	0.25	0.50	0.00	0.75	0.00	0.25	1.00	1.25	1.00	3.75	0.50	2.00	-0.242188	0.103516	0.974121	1.890000	1.960000	0.140000	119.00	0.169569	-0.108540	1.00	1.75	1.25	2.75	0.75	0.75	0.00	1.00	2.25	3.75	4.25	2.75	2.00	10.50	1.50	3.50	-0.265137	0.118652	0.969238	-2.730000	2.590000	-0.980000	386.00	0.156625	-0.044901
4.90	0.25	0.00	0.75	0.50	0.25	0.50	0.00	0.75	0.00	0.25	0.75	1.50	1.50	4.00	0.25	2.25	-0.236328	0.105957	0.961426	1.680000	1.470000	0.280000	124.00	0.171167	-0.124055	1.00	2.00	1.00	2.50	1.25	1.00	0.00	1.00	2.25	3.75	4.00	2.50	2.00	10.00	1.25	3.50	-0.269531	0.116699	0.975098	-2.800000	1.330000	-0.980000	379.00	0.147702	-0.045428
4.91	0.50	0.25	1.50	0.75	0.25	0.50	0.00	0.75	0.00	0.25	0.75	1.50	1.50	4.00	0.25	2.25	-0.229492	0.103027	0.961914	1.890000	1.050000	0.420000	140.00	0.115900	-0.109692	0.50	2.25	1.25	2.25	1.50	1.00	0.00	1.00	2.00	3.75	3.75	2.50	1.75	10.25	1.50	3.25	-0.265625	0.119141	0.969238	-2.800000	0.560000	-0.840000	374.00	0.150898	-0.043108
4.92	0.25	0.25	1.75	1.00	0.25	0.75	0.00	0.75	0.00	0.50	1.00	1.25	1.50	3.75	0.50	2.25	-0.229004	0.111816	0.961914	2.450000	1.050000	0.490000	149.00	0.108848	-0.112273	0.75	1.25	1.25	2.50	1.50	0.75	0.00	0.75	2.25	3.75	4.00	2.25	2.00	10.00	1.50	3.25	-0.266113	0.116211	0.965820	-2.730000	0.000000	-0.700000	367.00	0.161570	-0.034606
4.93	0.50	0.25	1.75	1.00	0.25	0.75	0.00	1.00	0.00	0.50	0.75	1.25	1.75	4.00	0.50	2.25	-0.234375	0.110352	0.965820	2.660000	1.050000	0.700000	157.00	0.100491	-0.116231	0.75	2.00	1.50	2.50	1.50	0.75	0.00	0.75	2.25	3.75	3.75	2.25	1.75	10.00	2.00	3.50	-0.264648	0.119629	0.970215	-2.590000	-0.490000	-0.560000	378.00	0.151500	-0.034751
4.94	0.75	0.50	1.75	1.75	0.50	0.75	0.00	1.00	0.00	0.50	0.75	1.50	1.75	4.25	0.50	2.25	-0.236328	0.112793	0.971191	2.590000	0.840000	0.700000	178.00	0.070344	-0.115028	0.50	2.25	1.50	2.50	1.50	0.75	0.00	0.75	2.25	3.50	3.75	2.25	1.75	10.50	1.75	3.25	-0.265137	0.115723	0.976562	-2.520000	-0.700000	-0.700000	376.00	0.151636	-0.033480
4.95	1.00	0.75	2.25	2.00	0.50	1.00	0.00	1.00	0.00	0.75	1.00	1.50	1.75	4.00	0.50	2.50	-0.241211	0.115234	0.967773	2.450000	0.630000	0.770000	198.00	0.043621	-0.112801																									
4.96	1.00	1.00	2.50	2.25	0.75	1.50	0.00	1.00	0.00	0.25	1.00	2.25	1.75	4.00	0.50	2.50	-0.232422	0.109375	0.971191	2.170000	0.420000	0.840000	217.00	0.024786	-0.124894	0.50	1.75	1.25	2.50	1.50	1.25	0.00	0.75	2.00	3.50	4.00	2.25	1.75	10.25	1.75	2.75	-0.265625	0.122070	0.974609	-2.520000	-0.420000	-0.770000	368.00	0.153970	-0.038762
4.97	1.25	1.25	3.00	2.75	0.75	1.75	0.00	1.25	0.00	0.00	1.00	2.25	1.75	4.00	0.25	3.00	-0.228516	0.122559	0.966797	2.100000	-0.280000	1.120000	237.00	-0.003655	-0.130707	1.25	2.00	1.50	2.50	1.50	1.00	0.00	0.75	2.00	3.50	3.75	2.00	1.75	10.00	1.50	2.75	-0.268066	0.121582	0.982422	-2.380000	0.280000	-1.050000	368.00	0.133538	-0.032299
4.98	1.50	1.50	3.25	3.50	0.75	2.00	0.00	1.25	0.00	0.25	1.00	2.25	1.75	4.50	0.25	2.75	-0.238281	0.121094	0.975586	1.890000	-0.700000	1.190000	261.00	-0.017226	-0.122825	0.50	2.25	1.25	2.50	1.25	1.00	0.00	0.75	2.00	3.50	3.75	2.00	1.75	10.00	1.50	2.75	-0.261719	0.115723	0.979004	-2.100000	0.910000	-1.190000	357.00	0.146757	-0.037899
4.99	1.50	1.50	3.50	4.50	1.25	2.25	0.00	1.50	0.00	0.25	1.00	2.00	2.00	4.50	0.50	2.75	-0.244629	0.121094	0.973633	1.890000	-1.190000	1.330000	289.00	-0.029932	-0.126705	0.25	2.25	1.25	2.00	0.75	0.75	0.00	0.75	1.75	3.00	3.50	1.75	1.50	9.75	1.50	2.50	-0.266113	0.119141	0.976562	-2.030000	1.610000	-1.470000	322.00	0.159168	-0.035078
5.00	2.25	2.25	4.25	5.00	1.25	2.25	0.00	1.75	0.00	0.25	1.25	2.00	2.00	4.00	0.50	2.75	-0.234375	0.114746	0.972656	2.240000	-2.380000	1.400000	320.00	-0.061544	-0.124986	0.25	1.75	1.25	2.25	0.75	0.25	0.00	0.75	1.75	2.75	3.50	1.75	1.50	9.00	1.50	2.00	-0.267090	0.123047	0.988281	-2.030000	2.170000	-1.680000	303.00	0.161628	-0.033365
5.01	2.75	3.25	5.25	5.25	1.25	2.75	0.00	1.75	0.00	0.25	0.50	1.75	2.00	4.00	0.25	2.50	-0.246094	0.123047	0.972656	2.730000	-4.270000	1.750000	339.00	-0.100517	-0.117119	0.25	0.75	0.75	2.00	0.50	0.25	0.00	0.50	1.75	3.00	3.00	2.00	1.25	8.75	1.25	2.25	-0.266602	0.120117	0.983398	-2.590000	3.570000	-2.450000	273.00	0.196244	-0.024623
5.02	4.00	4.25	5.50	5.75	1.25	3.25	0.00	2.00	0.00	0.00	0.50	1.50	2.00	3.50	0.50	2.50	-0.232422	0.116211	0.979492	2.940000	-5.810000	2.310000	372.00	-0.129609	-0.118733	0.25	0.50	1.00	1.50	0.50	0.25	0.00	0.50	1.75	2.75	2.50	1.50	1.00	8.75	1.25	2.00	-0.262695	0.123047	0.994141	-3.150000	4.900000	-3.150000	251.00	0.205327	-0.005685
5.03	4.75	4.75	6.25	7.00	1.50	3.50	0.00	2.00	0.00	0.00	0.75	1.50	1.75	3.50	0.50	2.50	-0.237305	0.116699	0.980957	2.940000	-6.930000	2.450000	412.00	-0.145427	-0.112279	0.25	0.75	0.50	0.75	0.25	0.25	0.00	0.00	1.50	2.50	2.25	1.50	0.75	8.00	1.25	2.00	-0.254883	0.116211	1.000000	-4.270000	6.790000	-3.640000	212.00	0.234754	0.006864
5.04	5.50	5.00	7.00	7.75	1.50	4.00	0.00	2.00	0.00	0.00	0.50	1.25	2.00	3.00	0.25	2.50	-0.232910	0.119629	0.968750	2.800000	-7.770000	2.730000	434.00	-0.168214	-0.112505	0.25	0.25	0.00	0.25	0.25	0.00	0.00	0.00	1.25	2.00	2.50	1.00	0.75	7.75	1.50	1.75	-0.269043	0.130371	1.020508	-5.600000	9.730000	-4.900000	182.00	0.287715	0.019563
5.05	6.00	6.00	7.50	8.50	1.50	4.50	0.00	2.25	0.00	0.00	0.00	1.25	1.75	2.25	0.00	2.25	-0.241211	0.119629	0.979492	2.730000	-8.400000	2.940000	454.00	-0.197054	-0.116842	0.25	0.50	0.25	0.25	0.00	0.00	0.00	0.00	1.00	2.00	2.25	1.00	0.75	7.25	1.00	1.50	-0.247559	0.106445	1.105469	-6.930000	13.510000	-5.460000	168.00	0.269625	0.016505
5.06	7.00	6.50	8.25	10.00	1.75	5.00	0.00	2.50	0.00	0.00	0.00	1.00	1.75	2.00	0.00	2.00	-0.231445	0.121094	0.969238	3.150000	-9.310000	3.080000	499.00	-0.211453	-0.115317	0.25	0.25	0.00	0.00	0.25	0.00	0.00	0.00	1.00	1.75	1.75	0.75	0.25	6.50	0.75	1.00	-0.251953	0.130859	1.054199	-12.740000	25.690001	-6.440000	136.00	0.290930	0.050302
5.07	7.50	7.25	9.25	11.25	1.75	5.50	0.00	2.25	0.00	0.00	0.00	1.00	1.75	1.75	0.00	2.00	-0.229492	0.125000	0.969727	3.360000	-8.890000	3.290000	536.00	-0.222317	-0.113150	0.25	0.50	0.00	0.25	0.00	0.00	0.00	0.00	0.75	1.75	0.75	0.25	0.25	5.75	0.75	0.50	-0.265137	0.090820	1.068848	-15.610000	33.599998	-7.630000	110.00	0.274569	0.065978
5.08	8.25	8.25	10.25	12.25	1.50	6.00	0.00	2.25	0.00	0.00	0.00	0.75	1.75	1.25	0.00	1.75	-0.224609	0.131348	0.976074	3.850000	-8.610000	3.220000	569.00	-0.237967	-0.112385	0.25	0.25	0.00	0.25	0.00	0.00	0.00	0.00	0.50	1.25	0.25	0.25	0.00	5.00	0.25	0.25	-0.275391	0.106934	1.059082	-15.610000	44.240002	-7.210000	79.00	0.282271	0.098135
5.09	9.00	9.00	10.75	13.00	1.50	6.50	0.00	3.00	0.00	0.00	0.00	1.00	1.75	1.00	0.00	1.50	-0.210449	0.131348	0.958008	4.270000	-7.980000	3.080000	614.00	-0.239690	-0.117832	0.25	0.25	0.25	0.25	0.00	0.00	0.00	0.00	0.50	0.75	0.25	0.25	0.00	3.75	0.00	0.00	-0.272461	0.102539	1.083496	-20.020000	50.400002	-7.350000	62.00	0.231576	0.103609
5.10	10.00	10.25	11.50	14.00	1.50	6.50	0.00	2.75	0.00	0.00	0.00	1.00	1.75	1.00	0.00	1.25	-0.202148	0.124023	0.968750	4.830000	-6.790000	2.870000	650.00	-0.249159	-0.112205	0.25	0.25	0.00	0.00	0.00	0.00	0.00	0.00	0.50	0.25	0.00	0.25	0.00	3.00	0.00	0.25	-0.297363	0.120605	1.105957	-26.600000	54.810001	-6.720000	44.00	0.000000	0.000000
5.11	10.50	11.00	11.75	15.50	1.75	6.75	0.00	2.75	0.00	0.00	0.00	0.75	2.00	1.00	0.00	1.25	-0.224609	0.122559	0.976074	5.320000	-6.930000	2.730000	686.00	-0.252556	-0.113306	0.00	0.25	0.25	0.25	0.00	0.00	0.00	0.00	0.50	0.25	0.25	0.00	0.00	1.75	0.00	0.00	-0.297852	0.086914	1.097656	-32.759998	57.750000	-6.650000	34.00	0.000000	0.000000
5.12	11.00	11.25	11.75	16.25	1.75	7.25	0.00	2.75	0.00	0.00	0.00	0.75	2.00	1.00	0.00	1.00	-0.217773	0.121582	0.974609	5.530000	-6.720000	2.590000	706.00	-0.255013	-0.113995	0.25	0.25	0.25	0.00	0.00	0.00	0.00	0.00	0.50	0.25	0.25	0.00	0.00	1.25	0.00	0.00	-0.272461	0.120117	1.093262	-39.130001	59.709999	-6.160000	30.00	0.000000	0.000000
5.13	11.25	11.75	12.00	16.50	1.75	7.25	0.00	3.00	0.00	0.00	0.00	0.75	2.25	0.50	0.00	1.00	-0.220215	0.128906	0.969727	5.110000	-6.230000	2.380000	720.00	-0.258131	-0.117399	0.25	0.25	0.00	0.25	0.00	0.00	0.00	0.00	0.00	0.25	0.00	0.00	0.00	0.50	0.00	0.00	-0.257324	0.424316	1.369141	-51.170002	58.170002	-5.320000	14.00	0.000000	0.000000
5.14	12.00	12.00	12.25	16.75	1.50	7.50	0.00	3.25	0.00	0.00	0.00	0.75	2.00	0.25	0.00	1.25	-0.206543	0.130859	0.972656	4.200000	-5.460000	1.680000	737.00	-0.261181	-0.117644	0.00	0.25	0.00	0.25	0.00	0.00	0.00	0.00	0.00	0.00	0.00	0.00	0.00	0.50	0.00	0.00	-0.233398	0.260254	1.557617	-117.669998	39.970001	3.710000	9.00	0.000000	0.000000
5.15	12.00	12.75	12.25	16.75	1.50	8.00	0.00	3.00	0.00	0.00	0.00	1.00	2.00	0.00	0.00	1.00	-0.205078	0.126465	0.966797	3.640000	-4.550000	1.400000	745.00	-0.264495	-0.118944	0.25	0.50	0.00	0.25	0.00	0.00	0.00	0.00	0.00	0.00	0.00	0.00	0.00	0.00	0.00	0.00	-0.273438	0.265625	1.317871	-196.979996	21.420000	25.129999	10.00	0.000000	0.000000
5.16	11.75	12.50	12.00	16.50	1.50	7.50	0.00	3.50	0.00	0.00	0.00	0.75	2.00	0.25	0.00	0.75	-0.202148	0.126953	0.974121	2.940000	-3.920000	1.050000	734.00	-0.262554	-0.119828	0.25	0.50	0.00	0.25	0.00	0.00	0.00	0.00	0.00	0.00	0.00	0.00	0.00	0.25	0.00	0.00	-0.292480	0.319824	1.074219	-238.839996	11.830000	41.580002	12.00	0.000000	0.000000
5.17	11.75	12.25	11.50	16.25	1.50	7.50	0.00	3.50	0.00	0.00	0.00	0.75	2.25	0.00	0.00	0.75	-0.212891	0.138672	0.976074	2.310000	-3.080000	0.630000	724.00	-0.262639	-0.122792	0.00	0.25	0.00	0.00	0.00	0.00	0.00	0.00	0.00	0.00	0.00	0.00	0.00	0.00	0.00	0.00	-0.382324	0.622070	0.849609	-241.290009	11.410000	55.510002	2.00	0.000000	0.000000
5.18	11.50	12.25	11.25	15.75	1.00	7.50	0.00	3.25	0.00	0.00	0.00	0.75	2.00	0.00	0.00	0.75	-0.206055	0.135742	0.952637	1.820000	-2.240000	0.350000	702.00	-0.265680	-0.122627	0.00	0.25	0.00	0.00	0.00	0.00	0.00	0.00	0.00	0.00	0.00	0.00	0.00	0.00	0.00	0.00	-0.357910	0.916992	0.956543	-199.360001	17.990000	90.580002	2.00	0.000000	0.000000
5.19	11.00	12.00	11.00	15.25	1.00	7.75	0.00	3.25	0.00	0.00	0.00	1.00	2.25	0.25	0.00	1.00	-0.200195	0.137207	0.953613	1.540000	-0.630000	0.140000	697.00	-0.257100	-0.125995	0.00	0.25	0.00	0.25	0.00	0.00	0.00	0.00	0.00	0.00	0.00	0.00	0.00	0.00	0.00	0.00	-0.192871	0.882324	1.161133	-98.349998	6.090000	144.410004	5.00	0.000000	0.000000
5.20	11.00	11.50	10.75	14.50	1.25	7.75	0.00	3.50	0.00	0.00	0.00	1.00	2.25	0.25	0.00	1.00	-0.205078	0.133301	0.951660	1.400000	1.050000	0.000000	688.00	-0.253753	-0.126140	0.00	0.25	0.00	0.50	0.00	0.00	0.00	0.00	0.00	0.00	0.00	0.00	0.00	0.00	0.00	0.00	-0.199707	0.582031	0.911133	-79.239998	-4.690000	173.880005	8.00	0.000000	0.000000
5.21	10.25	11.25	10.25	14.25	1.25	7.75	0.00	3.25	0.00	0.00	0.00	0.75	2.50	0.25	0.00	1.25	-0.200195	0.134277	0.954590	1.750000	3.850000	-0.140000	666.00	-0.251791	-0.129423	0.25	0.25	0.00	0.25	0.00	0.00	0.00	0.00	0.00	0.00	0.00	0.00	0.00	0.25	0.00	0.00	-0.226562	0.463379	0.713379	-88.129997	-1.890000	194.460007	10.00	0.000000	0.000000
5.22	9.75	10.75	9.75	13.75	1.25	8.00	0.00	3.75	0.00	0.00	0.00	0.75	2.50	0.50	0.00	1.50	-0.195801	0.137207	0.929688	3.010000	5.740000	-0.140000	659.00	-0.242454	-0.135101	0.50	0.25	0.00	0.25	0.00	0.00	0.00	0.00	0.00	0.00	0.00	0.00	0.00	0.25	0.00	0.00	-0.218750	0.407715	0.645508	-88.340004	6.720000	206.850006	12.00	0.000000	0.000000
5.23	9.25	9.75	9.25	13.00	1.00	8.25	0.00	4.50	0.00	0.00	0.00	1.25	3.00	0.75	0.00	2.00	-0.204590	0.134277	0.955078	4.270000	8.330000	-0.210000	657.00	-0.223144	-0.146383	0.25	0.00	0.00	0.00	0.00	0.00	0.00	0.00	0.00	0.00	0.00	0.00	0.00	0.00	0.00	0.00	-0.185547	0.339844	0.684082	-70.910004	13.720000	210.070007	3.00	0.000000	0.000000
5.24	8.50	8.75	8.75	12.00	1.50	8.50	0.00	5.00	0.00	0.00	0.00	1.50	3.25	0.75	0.00	2.50	-0.208008	0.137207	0.969238	4.970000	9.730000	-0.560000	647.00	-0.207630	-0.153887	0.00	0.25	0.00	0.00	0.00	0.00	0.00	0.00	0.00	0.00	0.00	0.00	0.00	0.00	0.00	0.00	-0.142578	0.172852	0.743652	-41.369999	16.100000	202.089996	2.00	0.000000	0.000000
5.25	7.75	8.25	8.25	11.25	1.75	8.75	0.00	5.25	0.00	0.00	0.25	2.25	4.00	1.00	0.00	2.50	-0.220703	0.137695	0.965332	5.180000	10.220000	-0.630000	649.00	-0.187939	-0.162679	0.25	0.25	0.00	0.00	0.00	0.00	0.00	0.00	0.00	0.00	0.00	0.00	0.00	0.25	0.00	0.00	-0.120605	0.084473	0.741211	-32.130001	17.010000	192.080002	7.00	0.000000	0.000000
5.26	7.00	7.50	7.50	10.75	1.50	9.00	0.00	5.50	0.00	0.00	0.50	2.75	4.25	1.25	0.25	3.25	-0.214355	0.142090	0.971680	4.480000	10.990000	-0.840000	643.00	-0.166066	-0.172845	0.25	0.00	0.00	0.00	0.00	0.00	0.00	0.00	0.00	0.00	0.00	0.00	0.00	0.00	0.00	0.00	-0.100098	0.023926	0.745605	-28.420000	18.969999	181.160004	3.00	0.000000	0.000000
5.27	6.25	7.00	7.25	10.00	1.75	9.25	0.00	6.00	0.00	0.00	0.75	3.50	4.50	1.50	0.50	3.50	-0.214844	0.137695	0.971680	4.060000	11.200000	-0.770000	652.00	-0.144948	-0.179698	0.00	0.25	0.00	0.00	0.00	0.00	0.00	0.00	0.00	0.00	0.00	0.00	0.00	0.00	0.00	0.00	-0.066895	-0.006836	0.798340	-26.740000	20.020000	169.960007	2.00	0.000000	0.000000
5.28	5.50	6.50	6.75	9.00	2.00	9.00	0.00	6.00	0.00	0.00	1.25	4.25	5.00	1.75	0.50	3.75	-0.222168	0.144043	0.965332	3.850000	10.920000	-0.910000	644.00	-0.123920	-0.185310	0.00	0.25	0.00	0.00	0.00	0.00	0.00	0.00	0.00	0.00	0.00	0.00	0.00	0.00	0.00	0.00	-0.040039	-0.025391	0.853516	-25.620001	19.040001	158.759995	2.00	0.000000	0.000000
5.29	5.50	6.25	6.25	8.75	2.00	9.25	0.00	6.25	0.00	0.00	1.50	4.75	5.25	2.00	0.50	4.25	-0.219238	0.147949	0.973145	3.710000	10.570000	-0.840000	655.00	-0.111666	-0.189989	0.25	0.25	0.00	0.00	0.00	0.00	0.00	0.00	0.00	0.00	0.00	0.00	0.00	0.00	0.00	0.00	-0.008301	-0.020996	0.959961	-24.920000	12.180000	142.940002	5.00	0.000000	0.000000
5.30	5.25	5.75	5.75	8.50	2.00	8.75	0.00	7.00	0.00	0.50	2.25	5.00	6.00	2.75	0.50	4.75	-0.222168	0.139160	0.980469	2.800000	9.730000	-0.910000	677.00	-0.087072	-0.193430	0.00	0.25	0.00	0.00	0.00	0.00	0.00	0.00	0.00	0.00	0.00	0.00	0.00	0.00	0.00	0.00	-0.002930	-0.011230	1.024414	-24.780001	3.290000	133.910004	2.00	0.000000	0.000000
5.31	4.00	5.25	5.75	8.00	2.00	8.75	0.00	7.00	0.00	0.50	3.00	5.25	6.50	2.75	0.25	4.75	-0.224609	0.142578	0.983398	2.450000	8.680000	-0.840000	666.00	-0.072420	-0.200906	0.00	0.25	0.00	0.00	0.00	0.00	0.00	0.00	0.00	0.00	0.00	0.00	0.00	0.00	0.00	0.00	-0.010742	0.007324	1.053223	-25.340000	-7.490000	125.930000	2.00	0.000000	0.000000
5.32	3.75	4.75	5.75	7.75	2.00	8.75	0.00	7.25	0.00	0.50	3.50	6.00	7.00	3.50	0.25	5.00	-0.232910	0.143555	0.981934	2.590000	7.350000	-0.840000	685.00	-0.055224	-0.202056	0.00	0.00	0.00	0.00	0.00	0.00	0.00	0.00	0.00	0.00	0.00	0.00	0.00	0.00	0.00	0.00	-0.014160	0.031250	1.051270	-26.389999	-17.850000	118.860001	0.00	0.000000	0.000000
5.33	3.50	4.25	5.00	7.25	2.00	8.75	0.00	7.25	0.00	0.75	3.75	6.00	7.25	3.75	0.75	5.25	-0.229004	0.145996	0.976074	2.870000	5.880000	-0.700000	680.00	-0.038183	-0.204472	0.00	0.00	0.00	0.00	0.00	0.00	0.00	0.00	0.00	0.00	0.00	0.00	0.00	0.00	0.00	0.00	-0.036133	0.063477	1.048340	-27.580000	-26.530001	112.910004	0.00	0.000000	0.000000
5.34	2.75	3.75	5.25	7.25	2.00	8.50	0.00	7.50	0.00	0.75	3.75	6.00	7.75	4.00	1.00	5.50	-0.233398	0.152344	0.972656	3.290000	4.550000	-0.420000	682.00	-0.026561	-0.208054	0.00	0.00	0.00	0.00	0.00	0.00	0.00	0.00	0.00	0.00	0.00	0.00	0.00	0.25	0.00	0.00	-0.056641	0.100098	1.050781	-28.420000	-33.880001	108.290001	2.00	0.000000	0.000000
5.35	2.25	3.50	5.25	7.00	2.00	8.50	0.00	7.50	0.00	0.75	4.50	6.75	8.00	4.25	1.25	5.25	-0.237305	0.147461	0.971191	3.500000	3.780000	-0.420000	693.00	-0.013029	-0.209366	0.00	0.25	0.00	0.00	0.00	0.00	0.00	0.00	0.00	0.00	0.00	0.00	0.00	0.00	0.00	0.00	-0.074707	0.146484	1.045898	-29.260000	-40.320000	105.559998	2.00	0.000000	0.000000
5.36	2.00	3.50	4.75	6.75	1.75	8.25	0.00	7.50	0.00	0.75	4.75	7.25	8.25	4.25	1.25	5.75	-0.232910	0.153320	0.968750	3.220000	3.220000	-0.350000	689.00	-0.002790	-0.215246	0.25	0.25	0.00	0.00	0.00	0.00	0.00	0.00	0.00	0.00	0.00	0.00	0.00	0.00	0.00	0.00	-0.107422	0.215820	1.038574	-28.490000	-48.020000	104.860001	5.00	0.000000	0.000000
5.37	2.50	3.75	4.50	6.50	2.00	8.25	0.00	7.50	0.00	0.75	5.00	7.00	8.50	4.75	1.25	6.00	-0.232422	0.146484	0.971191	3.220000	2.660000	-0.490000	702.00	-0.001605	-0.210686	0.50	0.25	0.00	0.00	0.00	0.00	0.00	0.00	0.00	0.00	0.00	0.00	0.00	0.00	0.00	0.00	-0.130371	0.248535	1.020508	-26.670000	-51.240002	106.330002	7.00	0.000000	0.000000
5.38	2.75	4.00	4.75	6.50	1.75	8.50	0.00	7.50	0.00	1.00	5.00	7.00	8.25	4.75	1.25	5.75	-0.233398	0.146973	0.974609	2.310000	2.520000	-0.490000	709.00	-0.005888	-0.207514	0.50	0.25	0.00	0.00	0.00	0.00	0.00	0.00	0.00	0.00	0.00	0.00	0.00	0.00	0.00	0.00	-0.158691	0.282227	1.004395	-24.150000	-52.920002	108.849998	7.00	0.000000	0.000000
5.39	2.50	4.00	4.50	6.50	1.75	8.50	0.00	7.50	0.00	1.25	5.00	7.00	8.25	5.00	1.25	5.50	-0.233887	0.143066	0.971191	2.030000	2.380000	-0.420000	707.00	-0.001944	-0.207483	0.00	0.25	0.00	0.00	0.00	0.00	0.00	0.00	0.00	0.00	0.00	0.00	0.00	0.00	0.00	0.00	-0.172363	0.303711	0.989746	-20.230000	-52.849998	111.370003	2.00	0.000000	0.000000
5.40	2.75	3.50	4.25	6.25	1.75	8.25	0.00	7.50	0.00	1.25	5.00	7.50	8.00	4.75	1.25	5.50	-0.234375	0.145020	0.966309	1.820000	2.310000	-0.490000	697.00	0.001859	-0.208493	0.00	0.00	0.00	0.00	0.00	0.00	0.00	0.00	0.00	0.00	0.00	0.00	0.00	0.00	0.00	0.00	-0.184570	0.307617	0.968262	-14.630000	-51.029999	113.680000	0.00	0.000000	0.000000
5.41	2.75	3.25	4.50	6.25	1.75	8.00	0.00	7.50	0.00	1.25	5.00	7.50	8.50	4.75	1.50	5.50	-0.232422	0.148926	0.962891	1.470000	2.100000	-0.420000	702.00	0.005322	-0.208289	0.00	0.00	0.00	0.00	0.00	0.00	0.00	0.00	0.00	0.00	0.00	0.00	0.00	0.00	0.00	0.00	-0.207031	0.293457	0.932129	-5.670000	-44.799999	115.709999	0.00	0.000000	0.000000
5.42	3.00	3.50	4.50	6.50	1.75	7.75	0.00	7.25	0.00	1.25	5.50	7.25	8.50	5.00	1.75	5.50	-0.228027	0.150391	0.963867	1.260000	2.100000	-0.490000	711.00	0.005617	-0.203208	0.00	0.00	0.00	0.00	0.00	0.00	0.00	0.00	0.00	0.00	0.00	0.00	0.00	0.00	0.00	0.00	-0.212891	0.268555	0.912109	-0.490000	-38.220001	115.570000	0.00	0.000000	0.000000
5.43	2.75	3.75	4.50	6.25	2.00	8.00	0.00	7.50	0.00	1.25	5.50	7.00	8.50	5.00	1.75	5.75	-0.230957	0.149902	0.963867	1.190000	2.030000	-0.630000	715.00	0.005590	-0.204258	0.00	0.25	0.00	0.00	0.00	0.00	0.00	0.00	0.00	0.00	0.00	0.00	0.00	0.00	0.00	0.00	-0.218262	0.247559	0.937012	4.900000	-30.730000	114.309998	2.00	0.000000	0.000000
5.44	2.75	3.25	4.50	5.75	1.75	8.00	0.00	7.50	0.00	1.25	5.25	7.25	8.00	5.00	1.75	6.00	-0.226074	0.150879	0.961914	1.120000	1.960000	-0.490000	700.00	0.010791	-0.204677	0.00	0.00	0.00	0.00	0.00	0.00	0.00	0.00	0.00	0.00	0.00	0.00	0.00	0.00	0.00	0.00	-0.223633	0.246094	1.040527	11.130000	-24.570000	112.419998	0.00	0.000000	0.000000
5.45	3.00	3.25	4.00	5.75	1.50	8.00	0.00	7.25	0.00	1.25	5.25	7.25	8.25	5.00	1.25	6.00	-0.235352	0.148438	0.963867	1.050000	1.890000	-0.490000	687.00	0.009610	-0.207659	0.00	0.00	0.00	0.00	0.00	0.00	0.00	0.00	0.00	0.00	0.00	0.00	0.00	0.00	0.00	0.00	-0.208496	0.237305	1.205078	17.920000	-24.430000	110.599998	0.00	0.000000	0.000000
5.46	2.75	3.75	4.00	5.75	1.50	8.00	0.00	7.25	0.00	1.25	5.50	7.75	8.50	5.00	1.50	5.50	-0.233398	0.147949	0.966309	0.980000	1.890000	-0.560000	699.00	0.011266	-0.208777	0.00	0.00	0.00	0.00	0.00	0.00	0.00	0.00	0.00	0.00	0.00	0.00	0.00	0.00	0.00	0.00	-0.204590	0.213379	1.305176	23.030001	-31.639999	108.919998	0.00	0.000000	0.000000
5.47	2.25	3.25	4.25	6.00	1.50	8.00	0.00	7.50	0.00	1.00	5.25	8.00	8.50	5.00	1.75	5.50	-0.240234	0.150879	0.960449	0.560000	1.610000	-0.560000	699.00	0.015328	-0.212491	0.00	0.00	0.00	0.00	0.00	0.00	0.00	0.00	0.00	0.00	0.00	0.00	0.00	0.00	0.00	0.00	-0.213867	0.148438	1.375488	25.900000	-50.680000	105.070000	0.00	0.000000	0.000000
5.48	3.00	3.50	4.50	6.25	1.75	7.75	0.00	7.50	0.00	1.25	5.25	8.00	8.50	5.50	1.75	5.50	-0.234375	0.147461	0.963379	0.280000	1.470000	-0.490000	721.00	0.010461	-0.203196	0.00	0.25	0.00	0.00	0.00	0.00	0.00	0.00	0.00	0.00	0.00	0.00	0.00	0.00	0.00	0.00	-0.209961	0.111816	1.356445	26.180000	-64.400002	100.519997	2.00	0.000000	0.000000
5.49	3.00	3.75	4.00	6.00	1.75	7.75	0.00	7.25	0.00	1.25	5.25	7.75	8.50	5.25	2.00	5.50	-0.233887	0.154785	0.962891	0.140000	1.190000	-0.490000	709.00	0.012051	-0.204635	0.00	0.00	0.00	0.00	0.00	0.00	0.00	0.00	0.00	0.00	0.00	0.00	0.00	0.00	0.00	0.00	-0.218262	0.067383	1.295410	26.809999	-75.809998	94.220001	0.00	0.000000	0.000000
5.50	2.75	3.25	3.75	6.00	1.75	8.00	0.00	7.25	0.00	1.50	5.25	7.50	8.25	5.00	1.75	5.50	-0.233887	0.152344	0.969727	-0.070000	1.050000	-0.420000	695.00	0.013806	-0.206989	0.00	0.00	0.00	0.00	0.00	0.00	0.00	0.00	0.00	0.00	0.00	0.00	0.00	0.00	0.00	0.00	-0.235352	0.021484	1.210449	26.670000	-82.809998	86.029999	0.00	0.000000	0.000000
5.51	3.00	3.50	4.25	6.25	1.75	8.00	0.00	7.25	0.00	1.50	5.25	7.50	8.25	5.00	2.00	5.50	-0.237305	0.156738	0.964355	-0.210000	0.980000	-0.350000	711.00	0.008995	-0.202989	0.00	0.00	0.00	0.25	0.00	0.00	0.00	0.00	0.00	0.00	0.00	0.00	0.00	0.00	0.00	0.00	-0.232910	-0.013672	1.150879	25.410000	-84.840004	76.860001	3.00	0.000000	0.000000
5.52	2.50	3.25	4.50	6.00	1.75	7.75	0.00	7.00	0.00	1.25	5.25	7.75	8.25	5.25	2.25	5.50	-0.234375	0.156250	0.964844	-0.490000	0.840000	-0.420000	702.00	0.016848	-0.202593	0.25	0.00	0.00	0.25	0.00	0.00	0.00	0.00	0.00	0.00	0.00	0.00	0.00	0.00	0.00	0.00	-0.243652	-0.023438	1.130371	23.450001	-84.769997	67.340004	5.00	0.000000	0.000000
5.53	2.75	3.50	4.50	6.00	1.75	7.75	0.00	7.25	0.00	1.25	5.25	7.50	8.00	5.00	2.00	5.50	-0.239746	0.148926	0.962402	-0.700000	0.840000	-0.420000	701.00	0.009854	-0.202809	0.25	0.00	0.00	0.00	0.00	0.00	0.00	0.00	0.00	0.00	0.00	0.00	0.00	0.00	0.00	0.00	-0.240234	-0.017090	1.156738	20.580000	-84.980003	53.830002	3.00	0.000000	0.000000
5.54	3.50	3.50	4.75	6.25	2.00	7.50	0.00	7.25	0.00	1.50	5.25	7.50	8.25	5.00	1.75	5.75	-0.234863	0.149414	0.964844	-0.980000	0.700000	-0.490000	718.00	0.003800	-0.197577	0.00	0.00	0.00	0.00	0.00	0.00	0.00	0.00	0.00	0.00	0.00	0.00	0.00	0.00	0.00	0.00	-0.231445	-0.008301	1.160156	18.129999	-86.239998	45.990002	0.00	0.000000	0.000000
5.55	3.25	3.75	4.75	6.25	2.00	7.75	0.00	7.25	0.00	1.75	5.50	7.00	8.00	5.25	2.00	5.25	-0.233887	0.152344	0.966309	-1.120000	0.700000	-0.490000	720.00	0.004336	-0.194146	0.00	0.00	0.00	0.00	0.00	0.00	0.00	0.00	0.00	0.00	0.00	0.00	0.00	0.00	0.00	0.00	-0.221191	0.005371	1.148438	15.610000	-87.709999	38.849998	0.00	0.000000	0.000000
5.56	3.00	4.00	5.00	6.50	1.75	7.75	0.00	7.00	0.00	1.50	4.75	7.25	8.00	5.25	1.75	5.25	-0.232422	0.152344	0.964355	-1.330000	0.350000	-0.420000	708.00	-0.001211	-0.196697	0.00	0.25	0.00	0.00	0.00	0.00	0.00	0.00	0.00	0.00	0.00	0.00	0.00	0.00	0.00	0.00	-0.217773	0.042969	1.133789	14.420000	-88.830002	32.759998	2.00	0.000000	0.000000
5.57	3.50	4.00	5.00	6.75	1.75	7.75	0.00	6.75	0.00	1.25	5.00	7.00	7.75	5.50	1.25	5.25	-0.232422	0.149414	0.968262	-1.400000	0.210000	-0.490000	704.00	-0.008380	-0.192710	0.25	0.00	0.00	0.00	0.00	0.00	0.00	0.00	0.00	0.00	0.00	0.00	0.00	0.00	0.00	0.00	-0.216309	0.075195	1.124023	15.260000	-89.809998	27.650000	3.00	0.000000	0.000000
5.58	3.50	4.00	5.25	6.75	1.75	7.75	0.00	7.00	0.00	1.25	4.75	7.00	7.50	5.50	1.75	5.25	-0.237305	0.147461	0.960938	-1.470000	0.280000	-0.280000	711.00	-0.007737	-0.191315	0.00	0.00	0.25	0.00	0.00	0.00	0.00	0.00	0.00	0.00	0.00	0.00	0.00	0.00	0.00	0.00	-0.197754	0.108398	1.158203	16.100000	-92.889999	22.540001	3.00	0.000000	0.000000
5.59	4.25	4.00	5.50	6.75	2.00	7.75	0.00	7.00	0.00	1.00	5.00	7.00	7.50	5.25	2.25	5.25	-0.229980	0.149414	0.960449	-1.400000	0.280000	-0.420000	728.00	-0.011660	-0.187017	0.25	0.00	0.00	0.25	0.00	0.00	0.00	0.00	0.00	0.00	0.00	0.00	0.00	0.00	0.00	0.00	-0.171387	0.140625	1.153320	14.280000	-96.320000	21.139999	5.00	0.000000	0.000000
5.60	4.00	4.25	5.25	6.75	2.25	8.25	0.00	6.75	0.00	1.00	4.75	7.00	7.50	5.25	2.00	5.25	-0.235840	0.145996	0.969238	-1.260000	0.140000	-0.350000	724.00	-0.014437	-0.188338	0.00	0.00	0.00	0.00	0.00	0.00	0.00	0.00	0.00	0.00	0.00	0.00	0.00	0.00	0.00	0.00	-0.169922	0.164551	1.129883	12.460000	-99.260002	21.350000	0.00	0.000000	0.000000
5.61	3.75	4.00	5.25	6.75	2.00	7.75	0.00	6.75	0.00	1.25	4.75	7.00	7.75	5.25	2.25	5.25	-0.234863	0.147461	0.963867	-1.190000	0.280000	-0.140000	718.00	-0.007255	-0.189316	0.00	0.00	0.25	0.00	0.00	0.00	0.00	0.00	0.00	0.00	0.00	0.00	0.00	0.00	0.00	0.00	-0.157227	0.179688	1.086914	12.950000	-100.519997	22.330000	3.00	0.000000	0.000000
5.62	4.50	4.25	5.00	6.75	2.00	7.75	0.00	6.75	0.00	1.25	4.75	7.00	7.75	5.25	2.00	5.25	-0.234375	0.149902	0.960449	-1.260000	0.350000	-0.350000	723.00	-0.013324	-0.187506	0.00	0.00	0.00	0.00	0.00	0.00	0.00	0.00	0.00	0.00	0.00	0.00	0.00	0.00	0.00	0.00	-0.154785	0.182129	1.057617	15.400000	-99.750000	24.150000	0.00	0.000000	0.000000
5.63	4.25	5.00	5.50	7.00	2.25	8.00	0.00	6.50	0.00	1.25	5.00	6.75	7.25	5.25	1.75	5.25	-0.235840	0.151367	0.964844	-1.330000	0.350000	-0.280000	730.00	-0.022204	-0.182804	0.00	0.00	0.00	0.00	0.00	0.00	0.00	0.00	0.00	0.00	0.00	0.00	0.00	0.00	0.00	0.00	-0.163574	0.171875	1.037109	18.340000	-97.370003	26.389999	0.00	0.000000	0.000000
5.64	5.00	5.00	5.75	7.25	2.25	8.00	0.00	6.50	0.00	1.25	5.00	6.75	7.25	5.25	1.75	5.00	-0.233398	0.152832	0.965820	-1.400000	0.560000	-0.350000	742.00	-0.028786	-0.178647	0.00	0.00	0.00	0.25	0.00	0.00	0.00	0.00	0.00	0.00	0.00	0.00	0.00	0.00	0.00	0.00	-0.169922	0.144043	1.032227	18.969999	-92.820000	30.730000	3.00	0.000000	0.000000
5.65	4.75	5.00	6.00	7.25	2.25	7.75	0.00	6.50	0.00	1.50	5.00	6.50	7.25	5.50	2.00	5.00	-0.234375	0.153809	0.964844	-1.260000	0.210000	-0.210000	744.00	-0.025014	-0.175678	0.00	0.00	0.25	0.25	0.00	0.00	0.00	0.00	0.00	0.00	0.00	0.00	0.00	0.00	0.00	0.00	-0.176270	0.133301	1.022949	17.080000	-90.300003	33.740002	6.00	0.000000	0.000000
5.66	5.00	5.00	6.00	7.25	2.25	7.75	0.00	6.50	0.00	1.50	4.75	6.75	7.00	5.50	2.00	4.75	-0.231934	0.145996	0.960449	-1.400000	0.280000	-0.210000	743.00	-0.027658	-0.174237	0.00	0.00	0.00	0.25	0.00	0.00	0.00	0.00	0.00	0.00	0.00	0.00	0.00	0.00	0.00	0.00	-0.180176	0.126465	1.016602	15.610000	-88.129997	36.610001	3.00	0.000000	0.000000
5.67	4.50	5.00	6.25	7.25	2.00	7.75	0.00	6.50	0.00	1.25	5.00	6.75	7.25	5.50	2.00	5.00	-0.236328	0.151855	0.969238	-1.330000	0.280000	-0.280000	742.00	-0.024331	-0.177815	0.00	0.00	0.00	0.25	0.00	0.00	0.00	0.00	0.00	0.00	0.00	0.00	0.00	0.00	0.00	0.00	-0.197266	0.109863	0.996094	15.400000	-85.540001	38.849998	3.00	0.000000	0.000000
5.68	4.75	5.00	5.75	7.25	2.25	7.75	0.00	6.50	0.00	1.25	4.50	6.50	7.25	5.50	1.50	5.00	-0.230469	0.154297	0.960938	-1.470000	0.420000	-0.350000	728.00	-0.029968	-0.178652	0.00	0.00	0.00	0.00	0.00	0.00	0.00	0.00	0.00	0.00	0.00	0.00	0.00	0.00	0.00	0.00	-0.214844	0.084961	0.978027	15.400000	-81.970001	39.970001	0.00	0.000000	0.000000
5.69	5.00	5.00	5.75	7.25	2.25	8.00	0.00	6.50	0.00	1.00	4.50	6.50	7.00	5.50	2.00	4.75	-0.233398	0.153320	0.960938	-1.260000	0.420000	-0.420000	733.00	-0.030872	-0.177069	0.00	0.00	0.25	0.00	0.00	0.00	0.00	0.00	0.00	0.00	0.00	0.00	0.00	0.00	0.00	0.00	-0.241699	0.060059	0.958496	13.720000	-76.370003	39.619999	3.00	0.000000	0.000000
5.70	5.00	5.00	6.25	7.25	2.25	7.75	0.00	6.25	0.00	1.00	4.75	6.50	7.00	5.50	2.00	4.75	-0.235352	0.147949	0.964355	-1.540000	0.770000	-0.490000	734.00	-0.031387	-0.173360	0.00	0.00	0.25	0.25	0.00	0.00	0.00	0.00	0.00	0.00	0.00	0.00	0.00	0.00	0.00	0.00	-0.266113	0.042969	0.955078	12.740000	-72.660004	37.730000	6.00	0.000000	0.000000
5.71	5.00	5.00	6.00	7.50	2.50	7.75	0.00	6.50	0.00	1.25	4.75	6.50	7.00	6.00	2.25	5.00	-0.222168	0.150879	0.963379	-1.610000	0.980000	-0.630000	752.00	-0.025999	-0.171898	0.00	0.00	0.00	0.25	0.00	0.00	0.00	0.00	0.00	0.00	0.00	0.00	0.00	0.00	0.00	0.00	-0.282227	0.018066	0.942383	11.970000	-69.230003	34.650002	3.00	0.000000	0.000000
5.72	4.50	5.00	5.75	7.25	2.25	7.25	0.00	6.25	0.00	1.25	5.25	6.50	7.00	5.75	1.75	5.00	-0.227051	0.145020	0.963379	-1.610000	1.120000	-0.630000	727.00	-0.022769	-0.174942	0.00	0.00	0.00	0.25	0.00	0.00	0.00	0.00	0.00	0.00	0.00	0.00	0.00	0.00	0.00	0.00	-0.305664	-0.005859	0.909668	11.270000	-66.010002	30.240000	3.00	0.000000	0.000000
5.73	4.00	4.75	5.75	7.25	2.25	7.50	0.00	6.25	0.00	1.50	5.00	6.75	7.25	5.75	2.00	5.00	-0.234863	0.149414	0.962402	-1.540000	1.190000	-0.630000	730.00	-0.016307	-0.177659	0.00	0.00	0.25	0.00	0.00	0.00	0.00	0.00	0.00	0.00	0.00	0.00	0.00	0.00	0.00	0.00	-0.334473	-0.038574	0.847168	10.290000	-61.670002	24.780001	3.00	0.000000	0.000000
5.74	4.00	4.75	5.75	7.00	2.25	7.50	0.00	6.25	0.00	1.75	5.00	7.00	7.25	6.00	2.25	5.00	-0.236816	0.151367	0.964355	-1.540000	1.470000	-0.840000	737.00	-0.010836	-0.175685	0.00	0.00	0.00	0.25	0.00	0.00	0.00	0.00	0.00	0.00	0.00	0.00	0.00	0.00	0.00	0.00	-0.349121	-0.062012	0.836426	8.750000	-55.650002	18.900000	3.00	0.000000	0.000000
5.75	4.25	4.75	5.75	7.00	2.25	7.50	0.00	6.50	0.00	1.75	5.00	7.25	7.25	6.50	2.25	5.00	-0.236816	0.146973	0.967773	-1.680000	1.610000	-0.700000	750.00	-0.009023	-0.174215	0.00	0.00	0.00	0.00	0.00	0.00	0.00	0.00	0.00	0.00	0.00	0.00	0.00	0.00	0.00	0.00	-0.371582	-0.095703	0.797363	6.160000	-45.639999	10.780000	0.00	0.000000	0.000000
5.76	4.00	4.25	5.50	6.50	2.50	7.25	0.00	6.50	0.00	2.50	5.00	7.25	7.25	6.75	2.00	5.00	-0.232910	0.151367	0.962402	-1.890000	1.750000	-0.980000	742.00	0.000356	-0.171450	0.00	0.00	0.00	0.00	0.00	0.00	0.00	0.00	0.00	0.00	0.00	0.00	0.00	0.00	0.00	0.00	-0.406738	-0.117188	0.797363	3.710000	-38.920002	6.580000	0.00	0.000000	0.000000
5.77	4.00	4.00	5.25	6.25	2.50	7.00	0.00	6.25	0.00	2.75	5.75	7.25	7.50	6.75	2.25	5.00	-0.227051	0.144043	0.961914	-1.890000	1.890000	-0.910000	743.00	0.009493	-0.169869	0.00	0.00	0.00	0.00	0.00	0.00	0.00	0.00	0.00	0.00	0.00	0.00	0.00	0.00	0.00	0.00	-0.436035	-0.124023	0.831543	0.140000	-33.320000	3.220000	0.00	0.000000	0.000000
5.78	3.75	4.25	5.25	6.25	2.50	7.00	0.00	6.25	0.00	2.75	5.75	7.25	8.00	7.00	2.25	5.25	-0.233398	0.146973	0.965820	-1.610000	2.100000	-1.050000	750.00	0.012311	-0.171778	0.00	0.00	0.00	0.00	0.00	0.00	0.00	0.00	0.00	0.00	0.00	0.00	0.00	0.00	0.00	0.00	-0.458496	-0.125977	0.842285	-5.810000	-29.750000	0.420000	0.00	0.000000	0.000000
5.79	3.50	4.00	5.00	6.00	2.50	7.00	0.00	6.50	0.00	2.75	6.25	7.75	8.00	7.50	2.75	5.25	-0.228027	0.150879	0.967773	-1.330000	2.170000	-0.980000	764.00	0.024750	-0.172510	0.00	0.00	0.25	0.25	0.00	0.00	0.00	0.00	0.00	0.00	0.00	0.00	0.00	0.00	0.00	0.00	-0.479492	-0.133789	0.804688	-12.530000	-26.600000	-1.890000	6.00	0.000000	0.000000
5.80	3.25	3.00	4.75	5.75	2.50	6.75	0.00	6.50	0.00	3.25	6.25	8.25	8.25	8.00	2.75	5.25	-0.229980	0.149902	0.960938	-0.770000	2.730000	-1.260000	761.00	0.039702	-0.172055	0.00	0.00	0.25	0.00	0.00	0.00	0.00	0.00	0.00	0.00	0.00	0.00	0.00	0.00	0.00	0.00	-0.503418	-0.129883	0.749023	-18.690001	-21.210001	-4.690000	3.00	0.000000	0.000000
5.81	2.75	3.00	4.00	5.00	2.25	6.75	0.00	6.75	0.00	3.00	6.75	8.50	8.75	8.75	2.75	5.50	-0.220703	0.149902	0.961426	-0.210000	3.080000	-1.330000	757.00	0.055640	-0.178051	0.00	0.00	0.00	0.00	0.00	0.00	0.00	0.00	0.00	0.00	0.00	0.00	0.00	0.00	0.00	0.00	-0.520996	-0.094727	0.693359	-25.830000	-9.380000	-8.610000	0.00	0.000000	0.000000
5.82	2.50	2.50	4.00	4.75	2.25	6.50	0.00	6.75	0.25	4.00	7.25	8.75	8.75	10.50	3.25	5.75	-0.225586	0.147949	0.968750	0.420000	3.640000	-1.330000	788.00	0.076367	-0.166347	0.00	0.00	0.00	0.00	0.00	0.00	0.00	0.00	0.00	0.00	0.00	0.00	0.00	0.00	0.00	0.00	-0.513672	-0.064941	0.700195	-29.120001	-0.490000	-10.570000	0.00	0.000000	0.000000
5.83	2.25	2.75	3.50	4.00	2.25	6.50	0.00	7.00	0.00	4.25	8.25	9.50	9.25	11.25	3.50	6.25	-0.233398	0.149902	0.963379	1.330000	4.200000	-1.470000	811.00	0.090305	-0.170181	0.00	0.25	0.00	0.00	0.00	0.00	0.00	0.00	0.00	0.00	0.00	0.00	0.00	0.00	0.00	0.00	-0.507324	-0.010742	0.720703	-31.990000	8.050000	-12.040000	2.00	0.000000	0.000000
5.84	1.75	2.50	3.25	3.75	2.25	6.00	0.00	7.00	0.25	4.50	8.25	9.75	9.75	11.75	3.50	6.50	-0.224609	0.147949	0.965332	2.240000	4.970000	-1.680000	811.00	0.103119	-0.169826	0.00	0.25	0.00	0.00	0.00	0.00	0.00	0.00	0.00	0.00	0.00	0.00	0.00	0.00	0.00	0.00	-0.487305	0.042480	0.731445	-33.880001	15.260000	-13.020000	2.00	0.000000	0.000000
5.85	1.50	1.50	2.25	3.00	2.00	5.75	0.00	7.00	0.25	4.75	9.00	10.25	10.00	13.75	4.00	7.00	-0.228516	0.156250	0.974609	3.080000	6.370000	-1.960000	818.00	0.132890	-0.167165	0.00	0.00	0.00	0.00	0.00	0.00	0.00	0.00	0.00	0.00	0.00	0.00	0.00	0.25	0.00	0.00	-0.480469	0.093750	0.732910	-33.950001	21.280001	-14.000000	2.00	0.000000	0.000000
5.86	1.00	0.75	1.50	2.25	1.50	5.25	0.00	7.00	0.25	4.75	9.50	11.25	10.50	14.75	4.25	7.25	-0.223145	0.149902	0.971680	4.270000	8.820000	-2.870000	811.00	0.159018	-0.171093	0.00	0.00	0.00	0.00	0.00	0.00	0.00	0.00	0.00	0.00	0.00	0.00	0.00	0.00	0.00	0.00	-0.473145	0.141602	0.729492	-32.549999	26.670000	-15.330000	0.00	0.000000	0.000000
5.87	0.25	0.50	0.75	1.50	1.25	5.00	0.00	7.00	0.25	5.25	10.25	11.50	11.25	15.75	4.50	7.75	-0.235840	0.182129	0.962402	5.530000	10.710000	-4.060000	815.00	0.182408	-0.173582	0.00	0.00	0.00	0.00	0.00	0.00	0.00	0.00	0.00	0.00	0.00	0.00	0.00	0.00	0.00	0.00	-0.472656	0.228516	0.755859	-28.630001	36.049999	-17.639999	0.00	0.000000	0.000000
5.88	0.25	0.25	0.25	1.25	0.75	4.00	0.00	6.75	0.25	5.50	11.00	13.00	12.00	17.50	4.75	8.00	-0.205566	0.170410	0.970703	8.190000	13.440001	-8.050000	835.00	0.201931	-0.171386	0.00	0.25	0.00	0.00	0.00	0.00	0.00	0.00	0.00	0.00	0.00	0.00	0.00	0.00	0.00	0.00	-0.451172	0.282715	0.769531	-25.969999	41.860001	-18.410000	2.00	0.000000	0.000000
5.89	0.25	0.25	0.25	0.50	0.50	3.25	0.00	6.75	0.50	5.25	11.50	13.25	12.25	18.75	5.00	8.25	-0.226562	0.156250	0.983887	7.700000	18.900000	-8.890000	842.00	0.214956	-0.165959	0.00	0.00	0.00	0.25	0.00	0.00	0.00	0.00	0.00	0.00	0.00	0.00	0.00	0.00	0.00	0.00	-0.433594	0.327637	0.770508	-22.750000	47.250000	-17.500000	3.00	0.000000	0.000000
5.90	0.25	0.25	0.25	0.25	0.25	2.50	0.00	6.50	0.25	5.75	11.75	13.50	12.00	19.50	5.00	8.50	-0.218750	0.148926	0.990723	11.830000	29.400000	-7.280000	837.00	0.224200	-0.161839	0.00	0.00	0.25	0.50	0.00	0.00	0.00	0.00	0.00	0.00	0.00	0.00	0.00	0.00	0.00	0.00	0.515137	0.257324	2.535156	26.110001	108.150002	-19.740000	8.00	0.000000	0.000000
5.91	0.00	0.00	0.25	0.25	0.00	2.25	0.00	6.25	0.25	6.00	12.25	14.00	12.00	20.00	4.75	8.50	-0.268555	0.145020	0.991699	15.260000	35.700001	-6.510000	838.00	0.231677	-0.160366	0.00	0.75	0.75	0.75	0.00	0.00	0.00	0.00	0.00	0.00	0.00	0.00	0.00	0.00	0.00	0.00	0.254883	0.279297	1.187012	-17.080000	83.720001	-21.280001	24.00	0.000000	0.000000
5.92	0.25	0.25	0.25	0.25	0.00	1.75	0.00	6.00	0.50	5.75	12.25	14.00	12.50	20.75	5.25	8.75	-0.250000	0.154297	1.011230	19.670000	42.490002	-5.670000	851.00	0.233944	-0.155584	0.75	1.50	1.00	1.00	0.00	0.00	0.00	0.00	0.00	0.00	0.00	0.00	0.00	0.00	0.00	0.00	-0.043457	0.449707	0.345215	-40.250000	101.150002	-22.960001	44.00	0.000000	0.000000
5.93	0.25	0.00	0.00	0.25	0.25	1.50	0.00	5.25	0.50	6.25	12.75	14.50	12.25	21.25	5.50	8.75	-0.253906	0.145508	0.992676	22.750000	48.790001	-5.110000	855.00	0.242101	-0.148756	1.50	2.75	1.25	2.25	0.00	0.00	0.00	0.00	0.00	0.00	0.00	0.00	0.00	0.00	0.00	0.00	-0.003906	0.538086	0.961426	-41.790001	125.160004	-10.360000	79.00	-0.347466	-0.085847
5.94	0.00	0.25	0.25	0.00	0.00	0.50	0.00	5.00	0.50	6.25	12.75	14.50	12.75	21.75	5.50	8.75	-0.279785	0.171387	1.033691	26.180000	59.709999	-6.300000	846.00	0.250219	-0.146512	2.75	4.00	2.25	2.75	0.00	0.00	0.00	0.00	0.00	0.00	0.00	0.00	0.00	0.00	0.00	0.00	-0.095703	0.601074	1.193359	-24.360001	127.190002	14.770000	121.00	-0.349763	-0.062736
5.95	0.25	0.00	0.00	0.25	0.00	0.25	0.00	4.50	0.50	6.25	12.50	14.50	12.50	22.75	5.75	9.00	-0.295410	0.182617	1.018066	27.160000	67.340004	-6.440000	844.00	0.256250	-0.140173	4.25	4.25	2.50	2.75	0.00	0.00	0.00	0.00	0.00	0.00	0.00	0.00	0.00	0.00	0.00	0.00	-0.103516	0.419434	1.002930	-6.860000	125.090004	37.590000	141.00	-0.355089	-0.042547
5.96	0.00	0.00	0.00	0.00	0.00	0.25	0.00	4.00	0.50	6.25	12.50	14.50	11.75	22.75	5.75	9.25	-0.311523	0.188477	1.014160	25.059999	73.150002	-6.370000	826.00	0.263445	-0.136107	4.50	5.25	2.50	3.50	0.00	0.00	0.00	0.00	0.00	0.00	0.00	0.00	0.00	0.00	0.00	0.00	-0.140625	0.276855	1.009766	-2.100000	133.210007	49.420002	161.00	-0.355941	-0.056485
5.97	0.00	0.00	0.00	0.25	0.00	0.25	0.00	3.75	0.75	6.25	12.50	14.00	11.50	23.25	5.75	9.25	-0.316406	0.189453	1.002930	24.850000	80.779999	-7.980000	825.00	0.264237	-0.130102	4.75	5.50	2.50	3.75	0.00	0.00	0.00	0.00	0.00	0.00	0.00	0.00	0.00	0.00	0.00	0.00	-0.254395	0.118164	1.217285	-1.400000	129.779999	55.369999	169.00	-0.356387	-0.058182
5.98	0.00	0.00	0.00	0.00	0.00	0.00	0.00	3.25	0.75	6.00	12.25	14.00	11.25	23.50	6.00	9.25	-0.347656	0.220215	0.995117	24.500000	87.360001	-9.240000	809.00	0.271419	-0.125654	4.75	5.75	2.75	3.75	0.00	0.00	0.00	0.00	0.00	0.00	0.00	0.00	0.00	0.00	0.00	0.00	-0.291504	0.007812	1.151367	0.560000	121.800003	55.369999	174.00	-0.355726	-0.057246
5.99	0.00	0.00	0.00	0.25	0.00	0.25	0.00	3.00	0.75	6.25	12.00	14.00	10.75	24.00	5.75	9.75	-0.353027	0.215332	1.033203	23.870001	92.680000	-11.200000	811.00	0.270623	-0.122041	5.00	5.75	3.25	4.00	0.00	0.00	0.00	0.00	0.00	0.00	0.00	0.00	0.00	0.00	0.00	0.00	-0.248047	-0.150879	1.026367	-1.260000	118.790001	48.860001	185.00	-0.352656	-0.052984
6.00	0.00	0.00	0.00	0.00	0.00	0.00	0.00	2.75	1.00	6.25	11.50	13.50	10.50	23.50	5.75	9.75	-0.354980	0.176270	1.034668	17.219999	102.900002	-13.440001	788.00	0.275564	-0.117778	5.50	6.00	3.25	4.50	0.00	0.00	0.00	0.00	0.00	0.00	0.00	0.00	0.00	0.00	0.00	0.00	-0.181152	-0.309570	0.937500	2.170000	119.139999	38.920002	198.00	-0.352926	-0.054833
6.01	0.00	0.00	0.00	0.00	0.00	0.25	0.00	2.50	0.75	6.25	11.50	13.25	9.75	24.25	6.25	10.25	-0.399902	0.208496	0.984375	16.309999	110.809998	-14.420000	789.00	0.278942	-0.113235	5.50	5.75	3.25	5.00	0.00	0.00	0.00	0.00	0.00	0.00	0.00	0.00	0.00	0.00	0.00	0.00	-0.175781	-0.375977	0.917480	7.210000	120.540001	23.030001	201.00	-0.350412	-0.058198
6.02	0.00	0.00	0.00	0.00	0.00	0.00	0.00	2.25	0.75	6.25	11.50	13.00	9.00	25.00	6.25	10.50	-0.413574	0.203613	0.987793	16.030001	118.860001	-14.770000	781.00	0.284252	-0.105774	6.00	6.50	4.00	5.25	0.00	0.00	0.00	0.00	0.00	0.00	0.00	0.00	0.00	0.00	0.00	0.00	-0.184082	-0.479492	1.040527	-10.920000	124.320000	-7.000000	224.00	-0.349737	-0.054201
6.03	0.00	0.00	0.00	0.00	0.00	0.25	0.00	2.25	0.75	6.25	11.25	12.00	8.50	24.75	6.50	10.50	-0.416016	0.212891	1.028809	16.730000	129.990005	-16.100000	766.00	0.284683	-0.102416	5.75	6.75	4.00	5.25	0.00	0.00	0.00	0.00	0.00	0.00	0.00	0.00	0.00	0.00	0.00	0.00	-0.231934	-0.197266	0.902832	-18.410000	123.970001	-30.660000	224.00	-0.349805	-0.057237
6.04	0.00	0.00	0.00	0.00	0.00	0.25	0.00	2.00	0.75	6.50	10.75	11.25	7.75	24.25	6.50	11.50	-0.436035	0.225098	1.057617	15.960000	142.169998	-17.990000	747.00	0.288089	-0.098230	6.75	7.75	5.75	7.00	0.00	0.00	0.00	0.00	0.00	0.00	0.00	0.00	0.00	0.00	0.00	0.00	-0.201660	-2.104004	2.339844	-17.290001	101.989998	16.730000	282.00	-0.343882	-0.055963
6.05	0.00	0.00	0.00	0.00	0.00	0.00	0.00	1.75	0.50	6.50	10.50	11.00	7.50	24.00	6.25	11.25	-0.456055	0.217773	1.064453	15.540000	155.610001	-20.370001	723.00	0.291407	-0.096308	8.00	8.50	7.25	8.00	0.25	0.25	0.00	0.00	0.00	0.00	0.00	0.00	0.00	0.00	0.00	0.00	0.268066	-0.498535	0.513672	31.920000	12.040000	8.680000	335.00	-0.338574	-0.050945
6.06	0.00	0.00	0.00	0.00	0.00	0.00	0.00	1.50	0.50	6.25	9.50	10.00	6.75	23.50	6.50	11.00	-0.542969	0.347656	1.135742	13.230000	182.350006	-23.450001	686.00	0.296290	-0.089672	8.00	8.25	7.75	8.50	0.25	0.50	0.00	0.00	0.00	0.00	0.00	0.00	0.00	0.00	0.00	0.00	-0.236328	-0.000488	0.794434	-15.750000	49.000000	2.520000	347.00	-0.334609	-0.052416
6.07	0.00	0.00	0.00	0.00	0.00	0.00	0.00	1.50	0.50	6.00	9.00	9.00	6.25	22.50	6.50	10.75	-0.546875	0.395508	1.200195	18.410000	203.490005	-34.090000	654.00	0.297706	-0.087303	7.50	8.25	7.50	8.50	0.25	0.75	0.00	0.00	0.00	0.00	0.00	0.00	0.00	0.00	0.00	0.00	-0.243164	0.103027	1.063965	1.890000	14.140000	2.520000	341.00	-0.332678	-0.057776
6.08	0.00	0.00	0.00	0.00	0.00	0.00	0.00	1.25	0.50	6.00	8.25	7.75	5.75	21.50	6.50	10.00	-0.514160	0.295410	1.297852	15.190001	219.869995	-44.310001	612.00	0.301406	-0.080085	7.25	7.75	8.00	8.50	0.50	0.75	0.00	0.25	0.00	0.00	0.00	0.00	0.00	0.25	0.00	0.00	-0.215820	0.128906	0.871582	-4.760000	22.680000	1.820000	348.00	-0.320284	-0.056496
6.09	0.00	0.00	0.00	0.00	0.00	0.00	0.00	1.25	0.50	5.75	7.00	6.50	4.75	20.00	6.25	9.00	-0.653809	0.280273	1.428711	1.820000	235.899994	-53.130001	553.00	0.304140	-0.072453	7.50	7.75	8.00	8.25	0.75	1.00	0.00	0.25	0.00	0.00	0.00	0.00	0.00	0.50	0.00	0.00	-0.237305	0.101074	0.949707	6.090000	4.970000	1.750000	356.00	-0.313970	-0.053341
6.10	0.00	0.00	0.00	0.00	0.00	0.00	0.00	1.00	0.50	5.25	6.00	5.25	4.00	17.75	5.50	8.00	-0.613281	0.518066	1.401855	-1.470000	253.820007	-59.500000	482.00	0.306849	-0.066167	7.50	7.75	8.50	8.50	0.75	1.25	0.00	0.25	0.00	0.00	0.00	0.00	0.00	0.75	0.00	0.00	-0.234375	0.122070	1.028320	6.440000	10.500000	1.540000	369.00	-0.307658	-0.052745
6.11	0.00	0.00	0.00	0.00	0.00	0.00	0.00	0.75	0.50	4.50	5.00	4.25	3.25	16.00	5.25	7.00	-0.728516	0.197754	1.389648	-5.180000	273.070007	-69.650002	420.00	0.312546	-0.057853	7.75	7.75	8.75	8.75	0.75	1.50	0.00	0.25	0.00	0.00	0.00	0.25	0.00	1.75	0.00	0.00	-0.247559	0.098145	0.985840	5.880000	6.930000	1.540000	391.00	-0.287604	-0.050022
6.12	0.00	0.00	0.00	0.00	0.00	0.00	0.00	0.75	0.25	4.00	3.00	2.75	2.50	13.75	5.00	5.50	-0.907715	0.720703	1.445312	-1.680000	291.130005	-69.160004	338.00	0.319697	-0.047440	8.00	8.00	9.00	8.75	1.00	1.50	0.00	0.50	0.00	0.00	0.00	0.25	0.00	2.50	0.00	0.25	-0.233398	0.106934	0.996094	5.040000	6.510000	1.190000	413.00	-0.272327	-0.048489
6.13	0.00	0.00	0.00	0.00	0.00	0.00	0.00	0.50	0.25	2.25	1.25	0.75	2.25	11.50	4.25	4.75	-0.724609	0.063965	1.963379	38.290001	307.369995	-85.470001	243.00	0.338133	-0.032146	8.00	7.75	9.75	9.00	1.50	2.00	0.00	0.25	0.00	0.00	0.00	0.50	0.25	2.75	0.25	0.25	-0.239258	0.111328	0.982910	5.320000	5.530000	1.400000	439.00	-0.257981	-0.047406
6.14	0.00	0.00	0.00	0.00	0.00	0.00	0.00	0.25	0.00	1.00	0.75	0.50	1.75	8.75	3.50	3.25	-0.889648	0.504395	1.392090	9.310000	314.790009	-87.989998	171.00	0.350113	-0.032797	8.50	8.25	10.00	9.50	1.75	2.50	0.00	0.25	0.00	0.00	0.00	0.50	0.00	3.00	0.25	0.25	-0.241211	0.100586	0.975098	5.530000	5.460000	1.470000	465.00	-0.258466	-0.047152
6.15	0.00	0.00	0.00	0.00	0.00	0.00	0.00	0.00	0.25	0.50	0.50	0.75	1.00	6.00	2.25	1.75	-0.702637	0.917969	1.442871	52.080002	326.130005	-93.870003	115.00	0.354030	-0.013681	8.75	8.75	10.50	10.00	1.75	2.75	0.00	0.50	0.00	0.25	0.00	0.25	0.00	3.50	0.25	0.25	-0.241211	0.114746	0.979004	7.280000	6.300000	1.610000	494.00	-0.252706	-0.047926
6.16	0.00	0.00	0.00	0.00	0.00	0.00	0.00	0.00	0.25	0.25	0.50	0.50	0.25	4.50	1.25	1.25	-0.913574	0.566895	1.415039	81.199997	325.920013	-110.739998	77.00	0.361124	0.019450	9.00	9.00	10.75	10.25	2.00	3.50	0.00	0.75	0.00	0.25	0.25	0.50	0.25	3.50	0.25	0.50	-0.246094	0.113281	0.992676	7.700000	6.230000	1.540000	528.00	-0.242465	-0.057215
6.17	0.00	0.00	0.00	0.00	0.00	0.00	0.00	0.00	0.00	0.50	0.50	0.50	0.25	2.50	0.50	0.50	-0.617188	0.365723	1.702148	69.160004	321.860016	-123.340004	47.00	0.000000	0.000000	9.25	9.25	11.25	10.75	2.50	4.00	0.00	0.75	0.00	0.25	0.25	0.50	0.25	3.50	0.00	0.50	-0.242676	0.122559	0.995117	7.490000	5.530000	1.680000	552.00	-0.245669	-0.057904
6.18	0.00	0.00	0.00	0.00	0.00	0.00	0.00	0.00	0.00	0.25	0.25	0.50	0.25	1.00	0.50	0.50	-0.745605	0.336914	1.098145	36.610001	302.399994	-135.869995	29.00	0.000000	0.000000	9.25	9.25	11.50	11.00	2.75	4.75	0.00	1.25	0.00	0.25	0.25	0.75	0.25	4.00	0.00	0.75	-0.251465	0.114258	0.996582	6.720000	4.830000	1.610000	584.00	-0.232790	-0.064728
6.19	0.00	0.00	0.00	0.00	0.00	0.00	0.00	0.00	0.00	0.25	0.50	0.25	0.25	1.00	0.25	0.50	-0.513184	0.432129	1.441406	16.100000	309.049988	-145.600006	27.00	0.000000	0.000000	9.75	9.50	11.50	11.25	3.00	4.75	0.00	1.25	0.00	0.50	0.50	0.75	0.50	4.25	0.25	1.00	-0.248535	0.125488	0.988770	5.530000	4.200000	1.470000	611.00	-0.222957	-0.064656
6.20	0.00	0.00	0.00	0.00	0.00	0.00	0.00	0.00	0.00	0.25	0.25	0.25	0.00	1.00	0.50	0.25	-0.169434	0.484863	1.173828	29.120001	304.360016	-154.839996	23.00	0.000000	0.000000	9.75	10.00	11.75	11.25	3.25	5.00	0.00	1.50	0.25	0.50	0.50	0.75	0.75	4.25	0.25	1.25	-0.245117	0.120117	0.989746	3.780000	3.220000	1.120000	634.00	-0.217497	-0.067167
6.21	0.00	0.00	0.00	0.00	0.00	0.00	0.00	0.00	0.00	0.00	0.00	0.25	0.00	0.50	0.00	0.00	0.282715	0.529297	1.552734	46.410000	264.739990	-173.250000	7.00	0.000000	0.000000	9.50	10.00	11.75	11.50	3.25	5.25	0.00	1.50	0.00	0.75	0.50	1.00	0.75	4.50	0.25	1.25	-0.248047	0.122070	1.000977	2.170000	2.590000	0.980000	641.00	-0.213485	-0.070763
6.22	0.00	0.00	0.00	0.00	0.00	0.00	0.00	0.00	0.00	0.00	0.00	0.00	0.00	0.00	0.00	0.00	0.553223	0.687012	3.112305	45.430000	134.889999	-173.110001	0.00	0.000000	0.000000	9.75	10.25	11.75	11.50	3.25	5.25	0.00	1.75	0.00	1.00	0.75	0.75	0.75	4.50	0.50	1.25	-0.247559	0.127930	0.991699	0.700000	2.100000	0.700000	655.00	-0.209431	-0.071040
6.23	0.00	0.00	0.00	0.00	0.00	0.00	0.00	0.00	0.00	0.00	0.00	0.00	0.00	0.25	0.00	0.00	0.816406	0.520996	2.626465	34.930000	-24.360001	-153.720001	2.00	0.000000	0.000000	9.75	10.00	11.75	11.25	3.25	5.50	0.00	1.75	0.00	1.00	0.75	1.50	0.75	4.50	0.50	1.25	-0.252441	0.118164	0.992676	-0.350000	1.960000	0.420000	661.00	-0.203139	-0.073590
6.24	0.00	0.00	0.00	0.00	0.00	0.00	0.00	0.00	0.00	0.00	0.00	0.00	0.00	0.25	0.00	0.00	0.578613	0.311035	2.041504	-4.270000	-144.059998	-135.309998	2.00	0.000000	0.000000	9.75	10.00	11.75	11.00	3.25	5.50	0.00	1.75	0.00	1.00	0.75	1.00	0.75	4.75	0.50	1.50	-0.252930	0.125000	0.988281	-1.120000	1.610000	0.210000	656.00	-0.202932	-0.070855
6.25	0.00	0.00	0.00	0.00	0.00	0.00	0.00	0.00	0.00	0.00	0.00	0.00	0.00	0.25	0.00	0.00	0.421875	0.242676	1.297852	-45.639999	-203.699997	-124.809998	2.00	0.000000	0.000000	9.75	10.00	11.50	11.25	3.25	5.50	0.00	1.50	0.25	1.00	0.75	1.25	0.75	4.75	0.50	1.25	-0.249023	0.121582	0.983398	-1.680000	1.750000	-0.070000	657.00	-0.201349	-0.069000
6.26	0.00	0.00	0.00	0.00	0.00	0.00	0.00	0.00	0.00	0.00	0.00	0.00	0.00	0.25	0.00	0.00	0.259766	0.349121	0.708008	-70.419998	-220.850006	-117.320000	2.00	0.000000	0.000000	9.50	9.75	11.25	10.75	3.25	5.50	0.00	1.50	0.25	1.25	0.75	1.25	0.50	4.75	0.50	1.25	-0.250488	0.118164	0.981445	-1.890000	1.820000	-0.210000	644.00	-0.198219	-0.066868
6.27	0.00	0.00	0.00	0.00	0.00	0.00	0.00	0.00	0.00	0.00	0.00	0.00	0.00	0.50	0.00	0.00	0.231934	0.420410	0.552734	-55.299999	-214.270004	-110.949997	4.00	0.000000	0.000000	9.25	9.50	11.00	10.50	3.25	5.25	0.00	1.50	0.25	1.25	0.75	1.25	0.75	4.75	0.50	1.25	-0.250488	0.123047	0.979004	-2.100000	1.680000	-0.140000	633.00	-0.194843	-0.067695
6.28	0.00	0.00	0.00	0.00	0.00	0.00	0.00	0.00	0.00	0.00	0.00	0.00	0.00	0.50	0.00	0.00	0.235840	0.457031	0.508789	-25.059999	-205.869995	-101.290001	4.00	0.000000	0.000000	9.25	9.50	10.50	10.50	3.25	4.75	0.00	1.50	0.25	1.25	0.75	1.00	0.75	4.75	0.50	1.50	-0.249512	0.118164	0.983887	-2.170000	1.610000	-0.140000	621.00	-0.195080	-0.066878
6.29	0.00	0.00	0.00	0.00	0.00	0.00	0.00	0.00	0.00	0.00	0.00	0.00	0.00	0.50	0.00	0.00	0.240234	0.456055	0.571289	7.770000	-198.169998	-86.800003	4.00	0.000000	0.000000	9.25	9.25	10.50	10.25	3.25	5.00	0.00	1.50	0.25	1.00	0.75	1.25	1.00	4.50	0.50	1.50	-0.249023	0.121582	0.978027	-2.240000	1.400000	-0.140000	619.00	-0.194580	-0.070462
6.30	0.00	0.00	0.00	0.00	0.00	0.00	0.00	0.00	0.00	0.00	0.00	0.00	0.00	0.25	0.00	0.00	0.245605	0.427734	0.665039	29.750000	-194.110001	-67.059998	2.00	0.000000	0.000000	8.75	9.00	10.00	10.00	3.25	4.75	0.00	1.50	0.25	1.25	1.00	1.00	1.00	4.50	0.25	1.50	-0.250000	0.118164	0.971191	-2.310000	1.610000	-0.210000	600.00	-0.191728	-0.070079
6.31	0.00	0.00	0.00	0.00	0.00	0.00	0.00	0.00	0.00	0.00	0.00	0.00	0.00	0.25	0.00	0.00	0.227539	0.405273	0.807617	37.660000	-194.250000	-42.490002	2.00	0.000000	0.000000	8.50	8.75	9.75	9.50	3.25	4.75	0.00	1.25	0.25	1.25	0.50	1.00	0.75	4.50	0.25	1.50	-0.244141	0.122070	0.979492	-2.310000	1.890000	-0.070000	576.00	-0.194948	-0.065780
6.32	0.25	0.00	0.00	0.00	0.00	0.00	0.00	0.00	0.00	0.00	0.00	0.00	0.00	0.00	0.00	0.00	0.209961	0.403320	0.936523	37.520000	-199.289993	-14.280000	3.00	0.000000	0.000000	8.25	8.25	9.50	9.50	3.00	4.50	0.00	1.25	0.25	1.25	0.50	1.25	0.75	4.50	0.50	1.50	-0.248535	0.123535	0.973145	-2.380000	2.170000	-0.210000	565.00	-0.187699	-0.067296
6.33	0.00	0.00	0.00	0.00	0.00	0.00	0.00	0.00	0.00	0.00	0.00	0.00	0.00	0.25	0.00	0.00	0.149414	0.386719	1.076172	40.810001	-216.020004	28.280001	2.00	0.000000	0.000000	8.00	8.25	9.25	9.25	2.75	4.50	0.00	1.25	0.50	1.25	0.50	1.00	0.75	4.50	0.50	1.50	-0.250977	0.120605	0.989746	-2.240000	2.100000	-0.210000	555.00	-0.185385	-0.065663
6.34	0.00	0.00	0.00	0.00	0.00	0.00	0.00	0.00	0.00	0.00	0.00	0.00	0.00	0.25	0.00	0.00	0.086426	0.330566	1.116699	49.000000	-229.529999	52.009998	2.00	0.000000	0.000000	7.75	8.25	9.00	9.25	2.75	4.50	0.00	1.25	0.25	1.50	0.75	1.00	0.75	4.50	0.50	1.50	-0.252441	0.119141	0.986328	-2.100000	1.960000	-0.210000	552.00	-0.182620	-0.068909
6.35	0.00	0.00	0.00	0.00	0.00	0.00	0.00	0.00	0.00	0.00	0.00	0.00	0.00	0.25	0.00	0.00	0.030762	0.253418	1.127930	59.500000	-241.149994	69.650002	2.00	0.000000	0.000000	7.75	7.75	9.00	8.50	2.75	4.25	0.00	1.25	0.25	1.75	0.75	1.00	0.75	4.25	0.75	1.50	-0.250000	0.116699	0.978027	-1.820000	1.750000	-0.070000	539.00	-0.176606	-0.065068
6.36	0.00	0.00	0.00	0.00	0.00	0.00	0.00	0.00	0.00	0.00	0.00	0.00	0.00	0.25	0.00	0.00	-0.034180	0.171875	1.156738	70.419998	-250.669998	81.690002	2.00	0.000000	0.000000	7.75	7.75	8.50	8.75	2.75	4.50	0.00	1.25	0.50	1.75	0.75	1.50	0.50	4.25	0.75	1.50	-0.253418	0.120605	0.972656	-1.540000	1.750000	-0.210000	546.00	-0.171185	-0.067105
6.37	0.00	0.00	0.00	0.00	0.00	0.00	0.00	0.00	0.00	0.00	0.00	0.00	0.00	0.00	0.00	0.00	-0.108398	0.090332	1.229492	80.290001	-258.299988	88.269997	0.00	0.000000	0.000000	7.50	7.50	8.25	8.75	2.75	4.50	0.00	1.25	0.50	1.50	1.00	1.25	0.50	4.50	0.25	1.50	-0.249512	0.121582	0.965820	-1.400000	1.890000	-0.000000	532.00	-0.173826	-0.066972
6.38	0.00	0.00	0.00	0.00	0.00	0.00	0.00	0.00	0.00	0.00	0.00	0.00	0.00	0.00	0.00	0.00	-0.205566	-0.010742	1.347656	90.790001	-269.079987	89.250000	0.00	0.000000	0.000000	7.50	7.50	8.00	8.50	2.75	4.25	0.00	1.50	0.50	1.75	1.00	1.25	0.75	4.50	0.25	1.50	-0.250488	0.116699	0.968750	-1.190000	2.240000	-0.140000	532.00	-0.168297	-0.069213
6.39	0.00	0.00	0.00	0.00	0.00	0.00	0.00	0.00	0.00	0.00	0.00	0.00	0.00	0.00	0.00	0.00	-0.236328	-0.030762	1.382324	93.800003	-272.369995	87.639999	0.00	0.000000	0.000000	7.50	7.50	8.00	8.25	3.00	4.50	0.00	1.50	0.75	1.75	1.25	1.25	0.75	4.75	0.50	1.50	-0.251465	0.114746	0.965820	-1.400000	2.520000	-0.280000	546.00	-0.157926	-0.066054
6.40	0.00	0.00	0.00	0.00	0.00	0.00	0.00	0.00	0.00	0.00	0.00	0.00	0.00	0.00	0.00	0.00	-0.335449	-0.107422	1.495117	103.879997	-281.750000	79.169998	0.00	0.000000	0.000000	7.00	7.50	8.00	8.25	3.00	4.50	0.00	1.50	0.75	2.00	1.25	1.50	0.75	4.75	0.50	1.50	-0.253906	0.115723	0.975098	-1.680000	2.940000	-0.280000	546.00	-0.151931	-0.068202
6.41	0.00	0.00	0.00	0.00	0.00	0.00	0.00	0.00	0.00	0.00	0.00	0.00	0.00	0.00	0.00	0.00	-0.415527	-0.138184	1.546875	109.340004	-286.510010	72.239998	0.00	0.000000	0.000000	7.00	7.25	8.00	8.50	3.00	4.50	0.00	1.75	0.50	2.00	1.75	1.50	0.75	4.50	0.50	1.75	-0.257812	0.117676	0.974609	-2.030000	2.800000	-0.420000	551.00	-0.150289	-0.074845
6.42	0.00	0.00	0.00	0.00	0.00	0.00	0.00	0.00	0.00	0.00	0.00	0.00	0.00	0.00	0.00	0.00	-0.510742	-0.145020	1.600586	108.570000	-288.959991	66.500000	0.00	0.000000	0.000000	7.00	7.25	8.00	8.50	3.00	4.75	0.00	1.75	0.75	2.25	1.75	1.75	1.00	5.00	0.50	1.75	-0.250000	0.118164	0.963867	-2.240000	2.800000	-0.490000	569.00	-0.139082	-0.073757
6.43	0.00	0.00	0.00	0.00	0.00	0.00	0.00	0.00	0.00	0.00	0.00	0.00	0.00	0.00	0.00	0.00	-0.601562	-0.110840	1.634766	98.980003	-289.100006	64.260002	0.00	0.000000	0.000000	7.00	7.00	7.75	8.25	3.25	4.75	0.00	2.00	0.75	2.25	1.75	1.75	1.00	5.25	0.50	1.75	-0.256836	0.111816	0.976074	-2.450000	3.150000	-0.560000	570.00	-0.133653	-0.073988
6.44	0.00	0.00	0.00	0.00	0.00	0.00	0.00	0.00	0.00	0.00	0.00	0.00	0.00	0.25	0.00	0.00	-0.650391	-0.023926	1.660645	85.190002	-286.649994	67.760002	2.00	0.000000	0.000000	6.75	7.25	7.75	8.00	3.25	4.75	0.00	2.25	1.00	2.50	1.75	1.50	1.25	5.50	0.75	2.00	-0.255859	0.118164	0.974609	-2.590000	2.870000	-0.560000	582.00	-0.123019	-0.074073
6.45	0.00	0.00	0.00	0.00	0.00	0.00	0.00	0.00	0.00	0.00	0.00	0.00	0.00	0.25	0.00	0.00	-0.713867	0.075195	1.708496	75.389999	-283.570007	77.419998	2.00	0.000000	0.000000	6.50	6.50	7.25	8.00	3.25	5.00	0.00	2.25	1.00	2.75	2.25	1.75	1.75	6.00	1.00	2.00	-0.252930	0.115723	0.972168	-2.800000	3.010000	-0.490000	591.00	-0.102631	-0.078068
6.46	0.00	0.00	0.00	0.00	0.00	0.00	0.00	0.00	0.00	0.00	0.00	0.00	0.00	0.00	0.00	0.00	-0.836914	0.217773	1.787598	64.820000	-278.390015	101.500000	0.00	0.000000	0.000000	6.50	6.50	7.00	8.00	3.75	5.25	0.00	2.50	1.00	3.00	2.50	2.25	1.75	6.75	1.00	2.25	-0.253418	0.118652	0.979004	-3.290000	3.010000	-0.770000	619.00	-0.089945	-0.079667
6.47	0.00	0.00	0.00	0.00	0.00	0.00	0.00	0.00	0.00	0.00	0.00	0.00	0.00	0.00	0.00	0.00	-0.936035	0.294922	1.807129	55.790001	-273.279999	122.709999	0.00	0.000000	0.000000	6.00	6.50	7.00	7.50	3.75	5.00	0.00	2.75	1.50	3.00	3.00	2.50	2.50	7.25	1.00	2.25	-0.254883	0.116699	0.985840	-3.710000	2.660000	-0.910000	635.00	-0.071504	-0.080723
6.48	0.00	0.00	0.00	0.00	0.00	0.00	0.00	0.00	0.00	0.00	0.00	0.00	0.00	0.00	0.00	0.00	-1.071777	0.363281	1.820312	44.590000	-265.160004	145.880005	0.00	0.000000	0.000000	5.50	6.00	6.50	7.25	3.75	5.00	0.00	2.75	1.75	3.25	3.25	2.75	2.25	8.25	1.00	2.50	-0.255859	0.118652	0.978516	-3.850000	2.240000	-1.120000	635.00	-0.051718	-0.076872
6.49	0.00	0.00	0.00	0.00	0.00	0.00	0.00	0.00	0.00	0.00	0.00	0.00	0.00	0.00	0.00	0.00	-1.243164	0.424805	1.826660	34.160000	-254.660004	168.000000	0.00	0.000000	0.000000	5.50	5.75	5.75	7.00	3.75	5.00	0.00	2.75	2.00	3.75	3.75	3.25	2.50	9.25	1.25	2.75	-0.262207	0.114746	0.982910	-3.430000	1.330000	-1.330000	656.00	-0.029095	-0.075740
6.50	0.00	0.00	0.00	0.00	0.00	0.00	0.00	0.00	0.00	0.00	0.00	0.00	0.00	0.00	0.00	0.00	-1.435059	0.467773	1.839355	25.760000	-244.020004	185.149994	0.00	0.000000	0.000000	5.00	5.50	5.25	6.25	3.50	4.75	0.00	3.00	2.00	4.25	4.00	3.50	2.75	9.75	1.50	2.75	-0.258789	0.117676	0.983398	-3.080000	1.400000	-1.680000	652.00	-0.009018	-0.077606
6.51	0.00	0.00	0.00	0.00	0.00	0.00	0.00	0.00	0.00	0.00	0.00	0.00	0.00	0.00	0.00	0.00	-1.645508	0.505371	1.814453	19.110001	-235.690002	195.860001	0.00	0.000000	0.000000	3.75	5.25	5.00	6.00	3.75	4.50	0.00	3.00	2.50	5.25	4.75	3.75	3.00	10.75	1.50	3.00	-0.249512	0.114258	0.978027	-3.570000	2.170000	-1.960000	671.00	0.019033	-0.073786
6.52	0.00	0.00	0.00	0.00	0.00	0.00	0.00	0.00	0.00	0.00	0.00	0.00	0.00	0.00	0.00	0.00	-1.842285	0.523926	1.748535	11.690000	-229.389999	199.360001	0.00	0.000000	0.000000	3.50	5.00	4.25	5.25	3.25	4.25	0.25	2.75	3.00	5.75	5.75	4.25	3.00	12.25	1.50	3.25	-0.254395	0.115234	0.984375	-4.410000	3.150000	-2.730000	683.00	0.048280	-0.064859
6.53	0.00	0.00	0.00	0.00	0.00	0.00	0.00	0.00	0.00	0.00	0.00	0.00	0.00	0.00	0.00	0.00	-2.086914	0.542480	1.496582	-1.960000	-224.279999	193.970001	0.00	0.000000	0.000000	2.50	5.00	3.75	4.75	3.25	3.50	0.25	2.75	3.75	6.75	6.25	5.00	3.25	13.50	1.75	3.50	-0.258789	0.113770	0.984863	-5.320000	4.550000	-3.710000	703.00	0.079057	-0.059413
6.54	0.00	0.00	0.00	0.00	0.00	0.00	0.00	0.00	0.00	0.00	0.00	0.00	0.00	0.00	0.00	0.00	-2.227051	0.509277	1.223633	-6.300000	-218.960007	185.710007	0.00	0.000000	0.000000	1.25	2.50	2.75	3.25	2.75	2.75	0.25	2.75	4.25	7.75	7.00	5.25	3.50	15.00	2.00	3.50	-0.260742	0.110840	0.986328	-5.250000	5.950000	-4.340000	671.00	0.138950	-0.049102
6.55	0.00	0.00	0.00	0.00	0.00	0.00	0.00	0.00	0.00	0.00	0.00	0.00	0.00	0.00	0.00	0.00	-2.288086	0.418457	0.893066	0.280000	-206.430008	175.910004	0.00	0.000000	0.000000	0.75	1.50	1.75	2.25	2.75	1.75	0.25	2.50	5.00	8.50	7.75	5.50	3.50	16.75	2.25	3.75	-0.249512	0.103516	0.968750	-5.250000	8.540000	-5.320000	667.00	0.182070	-0.033811
6.56	0.00	0.00	0.00	0.00	0.00	0.00	0.00	0.00	0.00	0.00	0.00	0.00	0.00	0.00	0.00	0.00	-2.285645	0.244629	0.502441	17.780001	-184.100006	166.180008	0.00	0.000000	0.000000	0.50	0.75	0.75	1.00	2.25	1.25	0.25	2.50	6.00	9.25	8.50	6.00	3.75	18.50	2.50	3.75	-0.258789	0.128906	0.997070	-4.270000	11.550000	-6.510000	675.00	0.221315	-0.022800
6.57	0.00	0.00	0.00	0.00	0.00	0.00	0.00	0.00	0.00	0.00	0.00	0.00	0.00	0.00	0.00	0.00	-2.258789	-0.011719	0.187012	42.980000	-151.130005	158.199997	0.00	0.000000	0.000000	0.50	0.50	0.25	0.25	1.75	0.75	0.25	2.25	6.50	10.25	9.50	6.25	4.00	19.75	2.50	3.75	-0.227051	0.123535	0.998047	-2.940000	15.470000	-8.820000	687.00	0.243959	-0.014064
6.58	0.00	0.00	0.00	0.00	0.00	0.00	0.00	0.00	0.00	0.00	0.00	0.00	0.00	0.00	0.00	0.00	-2.322754	-0.442383	-0.014648	69.019997	-89.879997	137.619995	0.00	0.000000	0.000000	0.50	0.50	0.25	0.25	1.00	0.25	0.25	2.25	7.50	11.25	10.00	6.50	4.00	21.75	2.50	4.00	-0.264160	0.108887	0.996094	-2.310000	20.719999	-10.290000	723.00	0.255246	-0.004450
6.59	0.00	0.00	0.00	0.00	0.00	0.00	0.00	0.00	0.00	0.00	0.00	0.00	0.00	0.00	0.00	0.00	-2.381836	-0.558594	-0.026855	71.610001	-68.949997	126.419998	0.00	0.000000	0.000000	0.50	0.50	0.25	0.50	0.25	0.25	0.25	2.00	7.50	11.75	11.25	7.00	4.00	22.75	3.25	4.25	-0.249512	0.125977	1.016602	0.070000	27.020000	-11.970000	755.00	0.261383	-0.006826
6.60	0.00	0.00	0.00	0.00	0.00	0.00	0.00	0.00	0.00	0.00	0.00	0.00	0.00	0.00	0.00	0.00	-2.489258	-0.757812	0.038574	42.070000	-16.870001	73.080002	0.00	0.000000	0.000000	0.25	0.25	0.00	0.25	0.25	0.00	0.25	1.50	8.25	12.00	11.50	7.25	4.25	23.75	3.25	4.25	-0.228516	0.097656	1.046387	5.810000	43.330002	-11.130000	763.00	0.274771	0.001735
6.61	0.00	0.00	0.00	0.00	0.00	0.00	0.00	0.00	0.00	0.00	0.00	0.00	0.00	0.00	0.00	0.00	-4.249512	-0.945801	-0.060059	-7.070000	-0.700000	24.010000	0.00	0.000000	0.000000	0.25	0.50	0.25	0.50	0.00	0.25	0.25	1.25	8.50	12.75	11.50	7.25	4.00	25.00	3.25	4.25	-0.310059	0.112305	1.013184	8.400000	56.139999	-11.270000	787.00	0.271921	0.006917
6.62	0.00	0.00	0.00	0.00	0.00	0.00	0.00	0.00	0.00	0.00	0.00	0.00	0.00	0.00	0.00	0.00	-2.264160	-0.782227	-1.024414	-44.240002	125.860001	-30.170000	0.00	0.000000	0.000000	0.50	0.25	0.00	0.25	0.00	0.00	0.25	0.75	8.50	12.75	11.75	7.25	3.75	25.75	3.25	4.50	-0.323730	0.132324	1.041992	9.520000	66.989998	-11.970000	779.00	0.281302	0.014890
6.63	0.25	0.00	0.50	0.00	0.00	0.00	0.00	0.00	0.00	0.00	0.00	0.00	0.00	0.00	0.00	0.00	-2.964844	-0.451172	-0.708496	-67.199997	207.550003	-77.419998	8.00	0.000000	0.000000	0.25	0.25	0.25	0.00	0.00	0.00	0.00	0.50	9.25	13.00	12.00	7.50	3.75	26.50	3.25	4.50	-0.336426	0.104492	1.135254	9.240000	80.360001	-11.830000	793.00	0.286130	0.019754
6.64	0.75	0.75	0.75	0.75	0.00	0.00	0.00	0.00	0.00	0.00	0.00	0.00	0.00	0.00	0.00	0.00	0.147461	0.288086	1.509277	-63.770000	276.149994	-91.070000	31.00	0.000000	0.000000	0.00	0.00	0.00	0.00	0.00	0.00	0.00	0.50	9.50	13.00	12.00	7.00	3.25	27.00	3.25	4.50	-0.324707	0.158203	1.132812	3.010000	90.790001	-11.480000	783.00	0.294181	0.026468
6.65	2.50	1.50	2.25	2.75	0.00	0.00	0.00	0.00	0.00	0.00	0.00	0.00	0.00	0.00	0.00	0.00	-0.112305	0.624512	1.905762	-66.010002	217.910004	-77.349998	95.00	-0.332068	-0.042331	0.00	0.00	0.25	0.25	0.00	0.00	0.00	0.00	9.25	13.25	12.00	7.00	3.00	27.50	3.25	4.50	-0.370605	0.103027	1.085449	2.590000	108.360001	-13.790000	783.00	0.294097	0.031139
6.66	5.00	5.00	3.75	4.25	0.00	0.00	0.00	0.00	0.00	0.00	0.00	0.00	0.00	0.00	0.00	0.00	-0.286621	0.481934	0.452637	-64.889999	205.729996	-57.400002	186.00	-0.346709	-0.047054	0.00	0.25	0.00	0.25	0.00	0.00	0.00	0.25	9.00	13.00	11.25	6.25	2.75	27.25	3.25	4.50	-0.375488	0.130859	1.172852	-0.070000	117.459999	-14.490000	760.00	0.294446	0.032970
6.67	6.00	5.75	4.50	5.25	0.00	0.00	0.00	0.00	0.00	0.00	0.00	0.00	0.00	0.00	0.00	0.00	-0.361328	0.622559	1.089355	-72.449997	241.990005	-41.509998	223.00	-0.345549	-0.047137	0.00	0.25	0.25	0.00	0.00	0.00	0.00	0.00	9.00	12.75	11.00	5.75	2.50	28.00	3.25	4.50	-0.389160	0.168945	1.125000	-4.410000	130.830002	-16.520000	750.00	0.298457	0.041663
6.68	6.25	6.00	5.00	6.00	0.00	0.00	0.00	0.00	0.00	0.00	0.00	0.00	0.00	0.00	0.00	0.00	-0.477539	0.529297	1.565430	-54.250000	239.050003	-13.230000	242.00	-0.343022	-0.049502	0.00	0.00	0.25	0.25	0.00	0.00	0.00	0.00	8.50	12.25	10.25	5.00	1.75	28.50	3.25	4.25	-0.391602	0.150391	1.092773	-10.710000	143.779999	-19.460001	719.00	0.302840	0.050493
6.69	7.25	6.75	5.50	7.00	0.00	0.00	0.00	0.00	0.00	0.00	0.00	0.00	0.00	0.00	0.00	0.00	-0.611328	0.090820	1.515137	-45.360001	217.350006	3.640000	275.00	-0.343360	-0.050650	0.00	0.00	0.00	0.00	0.00	0.00	0.00	0.00	8.25	12.25	9.50	4.25	1.25	28.50	3.25	4.25	-0.477051	0.187012	1.145508	-14.210000	161.770004	-22.540001	690.00	0.310514	0.059446
6.70	8.25	7.75	6.75	8.75	0.00	0.25	0.00	0.00	0.00	0.00	0.00	0.00	0.00	0.00	0.00	0.00	-0.483887	-0.156738	1.671875	-40.529999	207.199997	-0.490000	331.00	-0.339185	-0.054912	0.00	0.00	0.00	0.00	0.00	0.00	0.00	0.00	7.75	11.50	8.25	3.50	0.75	28.00	3.25	4.00	-0.525391	0.241211	1.159668	-17.710001	180.669998	-29.750000	645.00	0.315063	0.068635
6.71	10.00	9.00	10.50	12.50	0.25	2.75	0.00	1.00	0.00	0.00	0.00	0.00	0.00	0.00	0.00	0.00	-0.680664	-0.437988	0.738770	-56.349998	94.150002	16.100000	489.00	-0.310936	-0.075400	0.00	0.00	0.00	0.00	0.00	0.00	0.00	0.00	7.50	11.00	7.50	2.00	0.75	27.50	3.25	4.00	-0.417969	0.132324	1.135742	-23.170000	211.960007	-41.299999	609.00	0.319299	0.078671
6.72	10.75	9.25	12.75	15.00	0.50	4.25	0.00	1.50	0.00	0.00	0.00	0.00	0.50	0.25	0.00	0.25	-0.000488	-0.375000	0.772949	19.180000	28.350000	4.410000	586.00	-0.292618	-0.084718	0.00	0.00	0.00	0.00	0.00	0.00	0.00	0.00	6.75	10.25	6.25	1.75	0.50	26.25	3.00	3.50	-0.552246	0.067383	1.155762	-42.349998	233.449997	-44.029999	557.00	0.322411	0.084656
6.73	10.00	8.75	12.50	14.50	1.00	4.75	0.00	1.75	0.00	0.00	0.00	0.25	0.75	0.50	0.00	0.50	-0.318848	0.299805	1.195801	13.860000	19.530001	5.180000	588.00	-0.277669	-0.090431	0.00	0.00	0.00	0.00	0.00	0.00	0.00	0.00	5.75	9.75	5.75	1.50	0.50	25.00	2.50	3.25	-0.642578	0.202148	1.426758	-45.150002	262.149994	-46.970001	514.00	0.323650	0.084865
6.74	9.50	8.25	11.75	13.25	1.00	4.50	0.00	1.75	0.00	0.00	0.00	0.50	1.25	1.00	0.00	1.50	-0.201660	0.070801	0.923340	6.790000	14.910000	0.980000	570.00	-0.259052	-0.094058	0.00	0.00	0.00	0.00	0.00	0.00	0.00	0.00	5.00	8.75	4.50	1.50	0.50	22.50	2.50	3.00	-0.616699	0.284180	1.799316	-29.190001	291.269989	-50.750000	458.00	0.325506	0.083878
6.75	9.00	8.00	12.00	13.50	1.50	5.00	0.00	2.00	0.00	0.00	0.00	0.75	1.75	1.00	0.00	2.50	-0.215332	0.115723	0.995605	10.990000	11.550000	1.820000	595.00	-0.242711	-0.102962	0.00	0.00	0.00	0.00	0.00	0.00	0.00	0.00	3.75	7.00	3.25	0.75	0.50	19.25	2.00	2.25	-0.856445	0.160645	1.486328	-39.200001	322.910004	-58.939999	365.00	0.330780	0.091450
6.76	9.00	8.00	12.50	13.25	1.75	5.50	0.00	2.25	0.00	0.00	0.25	1.00	2.00	1.25	0.00	3.00	-0.207520	0.122559	0.991211	9.380000	11.690000	1.610000	622.00	-0.229806	-0.105305	0.00	0.00	0.00	0.00	0.00	0.00	0.00	0.00	3.00	5.00	1.75	0.25	0.25	14.75	1.75	1.75	-0.823730	0.532715	1.979980	-23.730000	345.309998	-62.580002	268.00	0.337579	0.104612
6.77	9.50	8.25	12.50	13.75	2.25	5.75	0.00	2.50	0.00	0.00	0.25	1.25	2.25	1.75	0.25	2.75	-0.203613	0.114746	0.983398	7.420000	8.820000	1.190000	658.00	-0.221296	-0.105372	0.00	0.00	0.00	0.00	0.00	0.00	0.00	0.00	2.00	3.75	0.75	0.25	0.00	10.75	0.75	1.50	-0.876953	0.606445	2.731934	20.020000	379.399994	-79.800003	183.00	0.340379	0.114881
6.78	9.50	8.50	13.00	14.25	2.50	6.25	0.00	2.75	0.00	0.00	0.50	1.50	2.50	2.00	0.00	3.00	-0.205566	0.116211	1.003418	6.020000	7.490000	1.120000	691.00	-0.215493	-0.108691	0.00	0.00	0.00	0.00	0.00	0.00	0.00	0.00	1.00	1.75	0.50	0.25	0.25	7.00	0.25	1.00	-1.153320	0.148926	1.812500	17.150000	365.049988	-91.349998	109.00	0.343840	0.101301
6.79	9.75	8.75	12.75	14.00	2.25	6.25	0.00	3.00	0.00	0.00	0.25	1.50	2.75	2.00	0.25	3.25	-0.204102	0.124023	0.994629	5.180000	5.600000	1.190000	695.00	-0.212598	-0.112001	0.00	0.00	0.00	0.00	0.00	0.00	0.00	0.00	0.50	1.00	0.50	0.00	0.25	3.00	0.25	0.50	-0.617188	0.543945	2.226074	14.980000	363.160004	-101.010002	55.00	0.331885	0.078320
6.80	9.50	8.75	12.50	15.00	2.50	6.75	0.00	3.00	0.00	0.00	0.25	1.50	3.00	2.00	0.25	3.00	-0.194336	0.127930	0.986328	4.550000	4.340000	1.330000	710.00	-0.211985	-0.116586	0.00	0.00	0.00	0.00	0.00	0.00	0.00	0.00	0.25	0.50	0.25	0.25	0.00	1.50	0.00	0.25	-0.815918	0.656250	1.306641	6.860000	366.380005	-120.889999	28.00	0.000000	0.000000
6.81	9.25	8.50	12.00	14.75	2.50	6.75	0.00	3.00	0.00	0.00	0.50	1.75	3.00	2.00	0.25	3.00	-0.204102	0.131836	0.985352	4.410000	3.290000	1.260000	702.00	-0.206674	-0.119137	0.00	0.00	0.00	0.00	0.00	0.00	0.00	0.00	0.25	0.75	0.25	0.00	0.00	1.50	0.25	0.25	-0.485352	0.620605	1.800293	23.450001	349.860016	-132.160004	30.00	0.000000	0.000000
6.82	9.25	9.00	12.25	14.00	2.50	6.75	0.00	3.00	0.00	0.00	0.00	1.75	3.25	2.00	0.25	3.00	-0.195312	0.128906	0.982422	3.500000	2.730000	1.120000	698.00	-0.209417	-0.118455	0.00	0.00	0.00	0.00	0.00	0.00	0.00	0.00	0.25	0.25	0.25	0.25	0.00	1.25	0.25	0.25	0.133789	0.716309	1.514648	50.330002	368.970001	-152.740005	26.00	0.000000	0.000000
6.83	8.75	9.00	12.00	14.25	2.50	6.75	0.00	3.25	0.00	0.00	0.00	1.75	3.00	2.00	0.25	3.25	-0.201660	0.126465	0.987305	2.660000	2.380000	1.050000	696.00	-0.207046	-0.122205	0.00	0.00	0.00	0.00	0.00	0.00	0.00	0.00	0.25	0.50	0.25	0.00	0.00	1.00	0.00	0.00	-0.120605	0.615234	1.147949	84.489998	343.279999	-164.639999	20.00	0.000000	0.000000
6.84	8.75	8.75	11.50	13.50	2.25	7.00	0.00	3.25	0.00	0.00	0.50	2.50	3.00	2.00	0.50	3.00	-0.194336	0.125000	0.979980	1.750000	2.170000	0.630000	694.00	-0.195814	-0.125258	0.00	0.00	0.00	0.00	0.00	0.00	0.00	0.00	0.25	0.00	0.00	0.00	0.00	0.50	0.00	0.00	0.059570	0.508301	1.871094	146.020004	336.700012	-185.779999	8.00	0.000000	0.000000
6.85	8.75	8.75	11.25	13.00	2.25	6.75	0.00	3.25	0.00	0.00	0.50	2.50	3.00	2.00	0.50	3.00	-0.204102	0.128906	0.977051	1.050000	2.170000	0.420000	683.00	-0.194967	-0.124747	0.00	0.00	0.25	0.25	0.00	0.00	0.00	0.00	0.00	0.00	0.00	0.00	0.00	0.25	0.00	0.00	0.017578	0.838867	3.006836	181.089996	234.500000	-199.149994	8.00	0.000000	0.000000
6.86	8.50	8.75	11.00	13.25	2.00	6.50	0.00	3.00	0.00	0.00	0.50	2.50	3.00	2.00	0.00	3.00	-0.194824	0.128418	0.978027	0.350000	2.240000	0.210000	666.00	-0.200506	-0.125935	0.00	0.00	0.00	0.25	0.00	0.00	0.00	0.00	0.00	0.00	0.00	0.00	0.00	0.25	0.00	0.00	0.490234	0.498535	2.927246	175.070007	64.050003	-175.839996	5.00	0.000000	0.000000
6.87	8.50	8.75	10.75	12.75	2.00	6.75	0.00	3.00	0.00	0.00	0.50	2.00	3.00	2.00	0.00	2.75	-0.201172	0.125488	0.979004	0.070000	2.240000	0.070000	654.00	-0.203767	-0.124879	0.00	0.00	0.00	0.00	0.00	0.00	0.00	0.00	0.00	0.00	0.00	0.00	0.00	0.25	0.00	0.00	0.487305	0.328125	2.120605	108.779999	-83.370003	-140.419998	2.00	0.000000	0.000000
6.88	8.25	8.25	10.75	12.50	2.00	6.75	0.00	3.00	0.00	0.00	0.25	1.50	3.00	2.25	0.25	2.75	-0.200195	0.121094	0.975098	-0.210000	2.170000	-0.140000	641.00	-0.201667	-0.122551	0.00	0.25	0.00	0.00	0.00	0.00	0.00	0.00	0.00	0.00	0.00	0.00	0.00	0.50	0.00	0.00	0.168457	0.368164	1.017578	-20.090000	-193.479996	-80.709999	7.00	0.000000	0.000000
6.89	8.00	8.00	10.50	12.50	2.00	6.75	0.00	3.00	0.00	0.00	0.50	2.00	2.75	1.75	0.25	2.75	-0.197754	0.125488	0.973145	-0.420000	2.450000	-0.350000	635.00	-0.199996	-0.126533	0.00	0.00	0.00	0.00	0.00	0.00	0.00	0.00	0.00	0.00	0.00	0.00	0.00	0.50	0.00	0.00	0.141602	0.480957	0.536133	-57.959999	-203.139999	-50.400002	4.00	0.000000	0.000000
6.90	8.25	8.00	10.00	11.75	2.00	6.50	0.00	2.75	0.00	0.00	0.50	2.25	2.75	1.75	0.50	2.75	-0.199707	0.126953	0.967773	-0.630000	2.730000	-0.560000	622.00	-0.196151	-0.124455	0.00	0.00	0.00	0.00	0.00	0.00	0.00	0.00	0.00	0.00	0.00	0.00	0.00	0.50	0.00	0.00	0.127441	0.562500	0.229004	-51.450001	-192.430008	-23.730000	4.00	0.000000	0.000000
6.91	8.00	8.00	9.50	11.25	2.00	6.25	0.00	2.75	0.00	0.00	0.50	2.25	2.75	1.75	0.00	2.75	-0.196777	0.124023	0.969238	-0.490000	3.080000	-0.560000	600.00	-0.199266	-0.126227	0.00	0.00	0.00	0.00	0.00	0.00	0.00	0.00	0.00	0.00	0.00	0.00	0.00	0.50	0.00	0.00	0.097168	0.559570	0.115234	-17.360001	-174.020004	0.770000	4.00	0.000000	0.000000
6.92	7.50	7.75	9.25	10.75	2.00	6.25	0.00	3.00	0.00	0.00	0.50	2.25	2.75	2.00	0.00	3.00	-0.195801	0.128418	0.965820	-0.210000	3.220000	-0.420000	592.00	-0.190819	-0.129272	0.00	0.00	0.00	0.00	0.00	0.00	0.00	0.00	0.00	0.00	0.00	0.00	0.00	0.50	0.00	0.00	0.071777	0.495117	0.123535	24.920000	-154.699997	21.770000	4.00	0.000000	0.000000
6.93	7.25	7.25	9.00	10.75	2.00	6.25	0.00	3.00	0.00	0.00	0.75	2.25	2.75	2.00	0.25	3.00	-0.200684	0.132812	0.970215	0.280000	3.640000	-0.560000	587.00	-0.183220	-0.130801	0.00	0.00	0.00	0.00	0.00	0.00	0.00	0.00	0.00	0.00	0.00	0.00	0.00	0.00	0.00	0.00	0.061523	0.322754	0.330566	69.370003	-135.169998	48.790001	0.00	0.000000	0.000000
6.94	7.00	7.25	8.75	10.00	2.00	6.25	0.00	3.00	0.00	0.00	0.50	2.25	2.75	1.75	0.25	3.00	-0.195801	0.128906	0.961914	0.490000	3.990000	-0.420000	569.00	-0.184418	-0.132832	0.00	0.00	0.00	0.00	0.00	0.00	0.00	0.00	0.00	0.00	0.00	0.00	0.00	0.00	0.00	0.00	0.079590	0.232422	0.537109	77.559998	-132.229996	66.080002	0.00	0.000000	0.000000
6.95	7.00	7.00	8.50	9.75	2.00	6.25	0.00	3.00	0.00	0.00	0.50	2.25	3.00	2.25	0.50	3.00	-0.199219	0.129883	0.975586	0.630000	4.340000	-0.490000	570.00	-0.174054	-0.132039	0.00	0.00	0.00	0.00	0.00	0.00	0.00	0.00	0.00	0.00	0.00	0.00	0.00	0.25	0.00	0.00	0.070312	0.159668	0.738770	72.099998	-139.789993	84.349998	2.00	0.000000	0.000000
6.96	6.75	7.00	8.50	9.75	2.00	6.25	0.00	3.00	0.00	0.00	0.75	2.50	3.25	2.25	0.00	2.50	-0.204102	0.126953	0.968262	0.840000	4.550000	-0.490000	567.00	-0.176028	-0.134676	0.00	0.00	0.00	0.00	0.00	0.00	0.00	0.00	0.00	0.00	0.00	0.00	0.00	0.25	0.00	0.00	0.033203	0.119629	0.893066	56.560001	-156.940002	102.760002	2.00	0.000000	0.000000
6.97	6.50	6.75	8.25	9.75	2.00	6.25	0.00	3.50	0.00	0.00	1.00	2.75	3.25	2.00	0.00	3.00	-0.202148	0.131836	0.967285	0.910000	4.830000	-0.560000	573.00	-0.167455	-0.142819	0.00	0.00	0.00	0.00	0.00	0.00	0.00	0.00	0.00	0.00	0.00	0.00	0.00	0.25	0.00	0.00	-0.048828	0.068359	0.988281	31.010000	-188.860001	126.209999	2.00	0.000000	0.000000
6.98	7.00	6.75	7.75	9.75	2.00	6.50	0.00	3.75	0.00	0.00	1.25	2.75	3.25	2.25	0.00	3.25	-0.203613	0.124512	0.967773	1.470000	4.550000	-0.280000	585.00	-0.162429	-0.144142	0.00	0.00	0.00	0.00	0.00	0.00	0.00	0.00	0.00	0.00	0.00	0.00	0.00	0.00	0.00	0.00	-0.081543	0.054199	1.011719	24.430000	-199.289993	132.020004	0.00	0.000000	0.000000
6.99	6.50	6.50	8.00	9.50	2.00	6.50	0.00	3.75	0.00	0.25	1.75	2.75	3.50	2.25	0.50	3.75	-0.205078	0.123535	0.970703	1.470000	4.970000	-0.420000	596.00	-0.145460	-0.145014	0.00	0.00	0.00	0.00	0.00	0.00	0.00	0.00	0.00	0.00	0.00	0.00	0.00	0.00	0.00	0.00	-0.171387	0.014160	1.046875	14.490000	-219.380005	139.369995	0.00	0.000000	0.000000
7.00	6.25	6.75	8.00	9.25	2.25	6.75	0.00	4.00	0.00	0.25	2.00	3.50	3.75	2.25	0.75	3.25	-0.205078	0.132324	0.964844	2.170000	5.040000	-0.420000	614.00	-0.136491	-0.148892	0.00	0.00	0.00	0.00	0.00	0.00	0.00	0.00	0.00	0.00	0.00	0.00	0.00	0.00	0.00	0.00	-0.227051	-0.045898	1.030762	7.560000	-245.630005	139.369995	0.00	0.000000	0.000000
7.01	6.00	6.25	7.50	9.25	2.50	7.25	0.00	4.25	0.00	0.50	2.25	3.75	4.00	2.50	0.75	3.25	-0.198730	0.125488	0.976074	2.730000	4.900000	-0.420000	626.00	-0.124045	-0.153155	0.00	0.00	0.00	0.00	0.00	0.00	0.00	0.00	0.00	0.00	0.00	0.00	0.00	0.00	0.00	0.00	-0.291016	-0.091797	1.035645	8.050000	-258.299988	131.949997	0.00	0.000000	0.000000
7.02	6.25	6.00	7.50	9.50	2.50	7.25	0.00	4.50	0.00	0.50	2.50	4.25	4.25	2.75	0.25	3.50	-0.198242	0.133301	0.968750	3.150000	4.970000	-0.210000	641.00	-0.120552	-0.155658	0.00	0.00	0.00	0.00	0.00	0.00	0.00	0.00	0.00	0.00	0.00	0.00	0.00	0.00	0.00	0.00	-0.342285	-0.117676	1.069824	12.530000	-267.470001	119.910004	0.00	0.000000	0.000000
7.03	6.00	6.25	7.75	9.00	2.50	7.75	0.00	5.00	0.00	0.75	2.50	4.75	4.50	3.25	0.25	3.50	-0.204102	0.132812	0.967285	3.150000	5.110000	-0.420000	665.00	-0.110354	-0.157897	0.00	0.00	0.00	0.00	0.00	0.00	0.00	0.00	0.00	0.00	0.00	0.00	0.00	0.00	0.00	0.00	-0.394043	-0.136230	1.120605	19.250000	-274.190002	104.930000	0.00	0.000000	0.000000
7.04	6.00	6.00	7.75	8.75	2.50	7.75	0.00	5.25	0.00	0.75	3.25	5.00	5.00	3.25	0.50	3.75	-0.208984	0.126465	0.980957	2.800000	5.040000	-0.420000	683.00	-0.098259	-0.160896	0.00	0.00	0.00	0.00	0.00	0.00	0.00	0.00	0.00	0.00	0.00	0.00	0.00	0.00	0.00	0.00	-0.430664	-0.139160	1.197266	26.389999	-279.510010	89.320000	0.00	0.000000	0.000000
7.05	5.75	6.00	7.50	8.25	2.50	7.75	0.00	5.25	0.00	0.75	3.25	5.25	5.50	3.25	0.50	4.00	-0.204590	0.128418	0.977051	2.310000	4.620000	-0.490000	680.00	-0.091077	-0.165173	0.00	0.00	0.00	0.00	0.00	0.00	0.00	0.00	0.00	0.00	0.00	0.00	0.00	0.00	0.00	0.00	-0.509277	-0.114258	1.312988	35.139999	-286.089996	69.090004	0.00	0.000000	0.000000
7.06	5.75	6.00	7.00	8.25	2.50	7.75	0.00	5.50	0.00	0.75	3.50	5.75	5.50	3.50	0.75	4.50	-0.207520	0.132324	0.969727	2.030000	4.550000	-0.630000	694.00	-0.080568	-0.168479	0.00	0.00	0.00	0.00	0.00	0.00	0.00	0.00	0.00	0.00	0.00	0.00	0.00	0.00	0.00	0.00	-0.545898	-0.082520	1.379395	38.500000	-289.940002	59.290001	0.00	0.000000	0.000000
7.07	5.50	5.50	7.25	8.25	2.50	7.50	0.00	5.50	0.00	0.75	4.50	5.75	5.75	3.75	1.00	4.75	-0.213867	0.136719	0.966797	1.680000	4.620000	-0.560000	706.00	-0.068174	-0.167123	0.00	0.00	0.00	0.00	0.00	0.00	0.00	0.00	0.00	0.00	0.00	0.00	0.00	0.00	0.00	0.00	-0.589355	-0.049805	1.438965	41.090000	-293.089996	52.990002	0.00	0.000000	0.000000
7.08	5.25	5.50	6.75	7.75	2.50	7.75	0.00	5.75	0.00	1.00	4.50	5.75	6.00	4.00	1.50	5.00	-0.207031	0.135254	0.967285	1.400000	4.760000	-0.560000	712.00	-0.056121	-0.169970	0.00	0.00	0.00	0.00	0.00	0.00	0.00	0.00	0.00	0.00	0.00	0.00	0.00	0.00	0.00	0.00	-0.604492	-0.018555	1.478516	42.139999	-294.839996	49.770000	0.00	0.000000	0.000000
7.09	5.00	5.50	6.25	7.75	2.75	7.50	0.00	5.75	0.00	1.00	4.75	6.00	6.75	4.50	1.25	5.00	-0.211914	0.131836	0.973633	1.330000	4.830000	-0.840000	717.00	-0.048011	-0.172883	0.00	0.00	0.00	0.00	0.00	0.00	0.00	0.00	0.00	0.00	0.00	0.00	0.00	0.00	0.00	0.00	-0.624512	0.032715	1.577637	44.380001	-295.470001	49.139999	0.00	0.000000	0.000000
7.10	5.00	5.25	6.50	7.25	2.75	7.50	0.00	6.00	0.00	1.00	5.00	6.75	7.25	5.00	1.00	4.75	-0.207520	0.130859	0.973145	1.750000	4.690000	-0.840000	731.00	-0.040371	-0.173508	0.00	0.00	0.00	0.00	0.00	0.00	0.00	0.00	0.00	0.00	0.00	0.00	0.00	0.00	0.00	0.00	-0.625000	0.053711	1.632324	46.200001	-295.750000	49.980000	0.00	0.000000	0.000000
7.11	4.75	5.00	6.00	7.00	2.50	7.50	0.00	6.00	0.00	1.25	5.25	6.75	7.00	5.25	1.25	5.00	-0.210449	0.129883	0.974609	2.240000	4.480000	-0.980000	724.00	-0.029835	-0.174237	0.00	0.00	0.00	0.00	0.00	0.00	0.00	0.00	0.00	0.00	0.00	0.00	0.00	0.00	0.00	0.00	-0.610840	0.083008	1.769531	52.009998	-299.179993	54.250000	0.00	0.000000	0.000000
7.12	4.25	4.75	5.75	6.75	2.50	7.00	0.00	6.25	0.00	1.50	5.50	7.50	7.50	5.75	1.50	5.25	-0.205566	0.134277	0.979492	2.590000	4.340000	-1.050000	735.00	-0.012699	-0.177297	0.00	0.00	0.00	0.25	0.00	0.00	0.00	0.00	0.00	0.00	0.00	0.00	0.00	0.00	0.00	0.00	-0.662598	0.099121	1.883789	52.220001	-302.540009	57.330002	3.00	0.000000	0.000000
7.13	4.00	4.00	5.25	6.25	2.25	7.00	0.00	6.50	0.00	2.00	5.75	7.75	7.75	5.75	2.00	5.50	-0.220215	0.139160	0.973633	2.940000	4.410000	-1.050000	735.00	0.004528	-0.180986	0.00	0.00	0.00	0.00	0.00	0.00	0.00	0.00	0.00	0.00	0.00	0.00	0.00	0.00	0.00	0.00	-0.725586	0.127441	1.946777	50.119999	-306.250000	60.410000	0.00	0.000000	0.000000
7.14	3.25	3.00	4.75	5.75	2.25	6.75	0.00	6.50	0.00	2.00	6.75	8.25	8.25	6.25	2.25	5.50	-0.211914	0.138672	0.971191	3.290000	4.480000	-1.190000	731.00	0.028432	-0.184752	0.00	0.00	0.00	0.00	0.00	0.00	0.00	0.00	0.00	0.00	0.00	0.00	0.00	0.00	0.00	0.00	-0.827148	0.155762	1.986328	48.090000	-309.959991	63.490002	0.00	0.000000	0.000000
7.15	3.25	3.25	4.25	5.50	2.25	6.50	0.00	6.50	0.25	2.00	6.75	9.00	8.75	7.25	2.50	5.75	-0.221191	0.136230	0.967285	3.360000	4.690000	-1.330000	751.00	0.041048	-0.182791	0.00	0.00	0.00	0.00	0.00	0.00	0.00	0.00	0.00	0.00	0.00	0.00	0.00	0.00	0.00	0.00	-0.964355	0.153809	2.003906	47.320000	-311.429993	65.029999	0.00	0.000000	0.000000
7.16	2.50	3.25	4.50	5.00	2.25	6.25	0.00	6.50	0.00	2.25	7.00	9.25	8.75	7.75	2.75	5.75	-0.208496	0.137207	0.972656	3.430000	4.620000	-1.330000	749.00	0.052002	-0.183065	0.00	0.00	0.00	0.00	0.00	0.00	0.00	0.00	0.00	0.00	0.00	0.00	0.00	0.00	0.00	0.00	-1.201172	0.147461	1.967285	47.250000	-308.350006	62.299999	0.00	0.000000	0.000000
7.17	1.75	1.75	3.50	5.00	1.75	6.00	0.00	6.50	0.00	3.25	7.50	9.50	9.00	8.00	2.50	5.75	-0.220703	0.138672	0.973633	3.640000	4.480000	-1.330000	728.00	0.077344	-0.188715	0.00	0.00	0.00	0.00	0.00	0.00	0.00	0.00	0.00	0.00	0.00	0.00	0.00	0.00	0.00	0.00	-1.354492	0.141602	1.912598	47.320000	-302.820007	57.820000	0.00	0.000000	0.000000
7.18	1.75	1.75	2.75	4.00	1.75	5.75	0.00	6.75	0.00	3.25	8.00	10.00	9.50	8.25	2.50	6.25	-0.215820	0.146484	0.963867	3.850000	4.830000	-1.680000	730.00	0.091742	-0.193370	0.00	0.00	0.00	0.00	0.00	0.00	0.00	0.00	0.00	0.00	0.00	0.00	0.00	0.00	0.00	0.00	-1.496094	0.116699	1.774414	47.529999	-294.209991	52.709999	0.00	0.000000	0.000000
7.19	1.25	1.50	1.75	3.25	1.75	6.00	0.00	6.75	0.00	3.50	8.00	10.50	10.00	9.00	2.75	6.25	-0.213379	0.139160	0.970215	3.850000	5.110000	-1.820000	727.00	0.111552	-0.197647	0.00	0.00	0.00	0.00	0.00	0.00	0.00	0.00	0.00	0.00	0.00	0.00	0.00	0.00	0.00	0.00	-1.586914	0.081543	1.552246	46.549999	-281.329987	47.389999	0.00	0.000000	0.000000
7.20	1.00	1.50	1.50	3.00	1.50	5.75	0.00	6.75	0.00	3.75	8.25	10.75	10.50	9.50	3.50	6.00	-0.212891	0.132812	0.975586	4.130000	6.090000	-2.100000	736.00	0.124145	-0.197467	0.00	0.00	0.00	0.00	0.00	0.00	0.00	0.00	0.00	0.00	0.00	0.00	0.00	0.00	0.00	0.00	-1.626953	0.050293	1.270508	45.500000	-262.360016	41.930000	0.00	0.000000	0.000000
7.21	0.50	1.00	1.25	2.25	1.50	5.50	0.00	6.75	0.25	4.75	9.25	11.25	11.00	10.50	3.25	6.50	-0.212891	0.142578	0.975098	4.550000	7.560000	-2.240000	755.00	0.145533	-0.192258	0.00	0.00	0.00	0.00	0.00	0.00	0.00	0.00	0.00	0.00	0.00	0.00	0.00	0.00	0.00	0.00	-1.694336	-0.024902	0.907227	48.650002	-221.410004	36.540001	0.00	0.000000	0.000000
7.22	0.50	1.25	1.50	1.50	0.75	5.25	0.00	6.75	0.25	5.00	10.00	12.25	11.50	11.25	4.25	6.75	-0.205566	0.150391	0.969238	5.040000	9.030000	-2.800000	784.00	0.158986	-0.190201	0.00	0.00	0.00	0.00	0.00	0.00	0.00	0.00	0.00	0.00	0.00	0.00	0.00	0.00	0.00	0.00	-1.753418	-0.089355	0.723633	50.049999	-189.559998	34.090000	0.00	0.000000	0.000000
7.23	0.50	0.50	0.50	0.75	0.75	4.75	0.00	6.75	0.00	4.75	10.75	12.75	11.75	11.75	4.25	6.75	-0.216797	0.146973	0.978516	5.320000	10.570000	-3.570000	766.00	0.179130	-0.195060	0.00	0.00	0.00	0.00	0.00	0.00	0.00	0.00	0.00	0.00	0.00	0.00	0.00	0.00	0.00	0.00	-1.831055	-0.156738	0.568359	48.439999	-157.149994	31.500000	0.00	0.000000	0.000000
7.24	0.25	0.50	0.25	0.50	0.50	4.25	0.00	6.75	0.00	5.50	11.25	13.75	12.25	13.00	4.25	7.25	-0.210938	0.159180	0.967285	5.810000	12.670000	-4.830000	791.00	0.192555	-0.192418	0.00	0.00	0.00	0.00	0.00	0.00	0.00	0.00	0.00	0.00	0.00	0.00	0.00	0.00	0.00	0.00	-1.949707	-0.242676	0.433594	43.820000	-125.160004	27.580000	0.00	0.000000	0.000000
7.25	0.00	0.50	0.25	0.25	0.25	3.50	0.00	6.50	0.25	6.00	12.25	14.75	12.50	14.25	4.25	7.50	-0.220703	0.167969	0.973633	8.540000	14.910000	-8.190000	815.00	0.205816	-0.185306	0.00	0.00	0.00	0.00	0.00	0.00	0.00	0.00	0.00	0.00	0.00	0.00	0.00	0.00	0.00	0.00	-2.063965	-0.304199	0.332520	34.790001	-93.870003	21.139999	0.00	0.000000	0.000000
7.26	0.25	0.00	0.25	0.25	0.00	3.00	0.00	6.50	0.50	6.25	12.75	15.25	13.00	15.50	4.50	7.50	-0.208008	0.125000	1.031250	8.680000	22.190001	-9.100000	839.00	0.214275	-0.178935	0.00	0.00	0.00	0.00	0.00	0.00	0.00	0.00	0.00	0.00	0.00	0.00	0.00	0.00	0.00	0.00	-2.109375	-0.355957	0.236328	22.750000	-62.650002	13.090000	0.00	0.000000	0.000000
7.27	0.00	0.25	0.00	0.25	0.00	2.50	0.00	6.25	0.50	6.25	13.00	15.75	13.50	17.00	4.75	8.00	-0.229004	0.144043	0.987305	13.020000	31.360001	-8.540000	857.00	0.223123	-0.175870	0.00	0.00	0.00	0.00	0.00	0.00	0.00	0.00	0.00	0.00	0.00	0.00	0.00	0.00	0.00	0.00	-2.072754	-0.366699	0.200195	10.570000	-30.450001	5.040000	0.00	0.000000	0.000000
7.28	0.00	0.25	0.25	0.25	0.00	2.00	0.00	6.00	0.50	6.75	13.50	16.25	13.75	18.75	5.00	8.00	-0.230957	0.135742	1.029785	16.170000	37.170002	-8.260000	886.00	0.228535	-0.166935	0.00	0.00	0.00	0.00	0.00	0.00	0.00	0.00	0.00	0.00	0.00	0.00	0.00	0.00	0.00	0.00	-1.876465	-0.305176	0.313477	-8.960000	16.520000	-4.200000	0.00	0.000000	0.000000
7.29	0.00	0.25	0.25	0.25	0.00	1.25	0.00	5.50	0.75	7.25	14.75	17.00	13.75	19.50	5.00	7.75	-0.240723	0.141602	1.003906	20.650000	43.959999	-7.910000	905.00	0.235046	-0.158896	0.00	0.00	0.00	0.00	0.00	0.00	0.00	0.00	0.00	0.00	0.00	0.00	0.00	0.00	0.00	0.00	-1.730957	-0.235352	0.450195	-22.960001	42.910000	-7.840000	0.00	0.000000	0.000000
7.30	0.00	0.25	0.00	0.25	0.00	0.75	0.00	5.25	0.75	7.25	14.75	17.50	14.00	21.00	5.00	8.00	-0.255371	0.157715	1.003418	24.080000	50.959999	-7.840000	914.00	0.242264	-0.155038	0.00	0.00	0.00	0.00	0.00	0.00	0.00	0.00	0.00	0.00	0.00	0.00	0.00	0.00	0.00	0.00	-1.594238	-0.166504	0.576660	-36.470001	64.820000	-9.870000	0.00	0.000000	0.000000
7.31	0.00	0.00	0.25	0.25	0.00	0.50	0.00	4.75	1.25	7.25	15.50	18.00	14.25	22.50	5.00	8.25	-0.255859	0.154297	1.041504	25.900000	58.380001	-8.820000	940.00	0.247656	-0.145916	0.00	0.00	0.00	0.00	0.00	0.00	0.00	0.00	0.00	0.00	0.00	0.00	0.00	0.00	0.00	0.00	-1.443848	-0.122070	0.666016	-48.230000	83.090004	-10.500000	0.00	0.000000	0.000000
7.32	0.00	0.25	0.00	0.00	0.00	0.25	0.00	4.25	1.25	7.75	15.75	18.25	14.00	23.50	5.00	8.50	-0.270996	0.176270	1.026367	27.650000	68.389999	-9.520000	945.00	0.253967	-0.139865	0.00	0.00	0.00	0.00	0.00	0.00	0.00	0.00	0.00	0.00	0.00	0.00	0.00	0.00	0.00	0.00	-1.305664	-0.072266	0.735840	-55.860001	98.840004	-10.710000	0.00	0.000000	0.000000
7.33	0.25	0.00	0.00	0.00	0.00	0.25	0.00	3.75	1.25	8.00	16.00	18.25	14.00	24.00	5.50	8.50	-0.300293	0.202637	1.027344	28.420000	83.440002	-11.480000	952.00	0.257379	-0.134753	0.00	0.00	0.00	0.00	0.00	0.00	0.00	0.00	0.00	0.00	0.00	0.00	0.00	0.00	0.00	0.00	1.637207	-0.048340	0.836426	-90.580002	190.399994	-8.120000	0.00	0.000000	0.000000
7.34	0.00	0.00	0.00	0.00	0.00	0.25	0.00	3.25	1.50	8.25	16.00	18.00	13.50	25.00	6.00	8.75	-0.308105	0.198730	1.024414	27.860001	94.360001	-12.670000	956.00	0.264158	-0.126685	0.50	0.75	0.50	0.75	0.00	0.00	0.00	0.00	0.00	0.00	0.00	0.00	0.00	0.00	0.00	0.00	0.031250	0.114746	0.747070	-91.000000	128.800003	-15.400000	26.00	0.000000	0.000000
7.35	0.00	0.00	0.00	0.25	0.00	0.25	0.00	2.75	1.75	8.50	16.25	18.00	13.00	26.75	6.25	9.25	-0.328613	0.210449	1.077637	29.889999	106.470001	-14.840000	976.00	0.267917	-0.117276	1.50	3.75	1.25	2.25	0.00	0.00	0.00	0.00	0.00	0.00	0.00	0.00	0.00	0.00	0.00	0.00	-0.034668	-0.021484	-0.101074	-88.830002	152.600006	-15.470000	89.00	-0.354657	-0.094189
7.36	0.00	0.00	0.00	0.00	0.00	0.25	0.00	2.50	2.00	8.25	16.00	17.50	12.00	26.50	6.00	9.75	-0.333984	0.219727	1.087402	30.870001	120.820000	-18.900000	951.00	0.271569	-0.112212	3.50	5.50	1.75	2.75	0.00	0.00	0.00	0.00	0.00	0.00	0.00	0.00	0.00	0.00	0.00	0.00	0.172852	0.157227	0.663086	-91.279999	201.320007	-16.030001	137.00	-0.363033	-0.069658
7.37	0.00	0.00	0.00	0.00	0.00	0.00	0.00	2.25	1.75	8.50	15.50	17.25	11.00	27.00	6.25	10.25	-0.349121	0.177734	1.111816	23.170000	136.990005	-21.350000	937.00	0.276576	-0.106886	5.00	6.00	3.00	3.75	0.00	0.00	0.00	0.00	0.00	0.00	0.00	0.00	0.00	0.00	0.00	0.00	-0.115234	0.368164	1.114258	-70.349998	205.380005	-0.700000	182.00	-0.355791	-0.054009
7.38	0.00	0.00	0.00	0.00	0.00	0.00	0.00	2.00	1.75	8.75	15.00	16.00	10.50	27.00	6.50	10.50	-0.412109	0.192871	1.051758	21.840000	162.050003	-22.820000	917.00	0.279969	-0.101016	5.75	6.75	3.75	4.75	0.00	0.00	0.00	0.00	0.00	0.00	0.00	0.00	0.00	0.00	0.00	0.00	-0.274902	0.208984	1.143066	-32.340000	202.649994	22.750000	216.00	-0.352480	-0.054869
7.39	0.00	0.00	0.00	0.00	0.00	0.25	0.00	1.75	1.75	8.75	14.50	14.75	9.00	26.50	6.75	10.50	-0.422363	0.238281	1.092285	21.629999	181.930008	-25.340000	883.00	0.282671	-0.093278	7.00	7.50	4.50	5.25	0.00	0.00	0.00	0.00	0.00	0.00	0.00	0.00	0.00	0.00	0.00	0.00	-0.322754	-0.137695	1.174805	-13.020000	206.710007	30.380001	249.00	-0.352552	-0.048355
7.40	0.00	0.00	0.00	0.00	0.00	0.00	0.00	1.25	1.75	8.75	14.25	14.00	8.50	25.75	7.00	11.00	-0.480957	0.252930	1.125488	20.230000	204.259995	-28.980000	857.00	0.287772	-0.088940	7.75	8.00	5.00	5.75	0.00	0.00	0.00	0.00	0.00	0.00	0.00	0.00	0.00	0.00	0.00	0.00	-0.324707	-0.276855	1.308105	-19.110001	203.350006	17.920000	273.00	-0.351994	-0.046603
7.41	0.00	0.00	0.00	0.00	0.00	0.00	0.00	1.25	1.75	8.75	13.00	13.50	7.75	24.50	7.00	11.00	-0.523926	0.293945	1.171875	19.530001	228.059998	-34.509998	821.00	0.288585	-0.087689	8.25	8.50	5.50	6.25	0.00	0.00	0.00	0.00	0.00	0.00	0.00	0.00	0.00	0.00	0.00	0.00	-0.321777	-0.314941	1.146484	-11.270000	192.500000	5.670000	294.00	-0.351067	-0.046486
7.42	0.00	0.00	0.00	0.00	0.00	0.00	0.00	1.00	1.75	8.75	12.50	12.00	7.25	22.25	6.75	10.75	-0.563477	0.371582	1.206543	22.190001	255.220001	-42.840000	769.00	0.289220	-0.085838	9.25	9.00	6.00	6.75	0.00	0.00	0.00	0.00	0.00	0.00	0.00	0.00	0.00	0.00	0.00	0.00	-0.200684	-0.374023	1.035156	-9.030000	194.740005	-10.640000	320.00	-0.351124	-0.043869
7.43	0.00	0.00	0.00	0.00	0.00	0.00	0.00	1.00	1.75	8.25	11.25	10.50	6.25	19.50	6.25	10.00	-0.509766	0.424805	1.469238	24.570000	284.130005	-53.410000	693.00	0.288658	-0.084498	9.50	9.50	6.50	7.25	0.00	0.00	0.00	0.00	0.00	0.00	0.00	0.00	0.00	0.00	0.00	0.00	-0.255859	-0.103516	0.812988	-22.820000	200.830002	-33.880001	338.00	-0.349971	-0.045106
7.44	0.00	0.00	0.00	0.00	0.00	0.00	0.00	1.00	2.00	7.75	9.75	8.75	5.25	17.75	5.75	8.50	-0.619141	0.331543	1.602051	19.809999	307.790009	-65.870003	620.00	0.289648	-0.074806	10.50	10.75	9.00	10.25	0.00	0.25	0.00	0.00	0.00	0.00	0.00	0.00	0.00	0.00	0.00	0.00	-4.542969	6.500977	0.861328	108.360001	298.059998	-16.379999	423.00	-0.341398	-0.051216
7.45	0.00	0.00	0.00	0.00	0.00	0.00	0.00	1.00	2.00	7.25	8.00	7.25	4.50	14.75	5.00	7.00	-0.708008	0.524414	1.440430	3.850000	327.739990	-75.180000	532.00	0.287505	-0.071810	11.75	11.25	12.25	12.25	0.50	3.00	0.00	0.50	0.00	0.00	0.00	0.25	0.00	0.00	0.00	0.00	0.150391	-0.697754	0.223633	62.369999	41.090000	16.799999	545.00	-0.316446	-0.063010
7.46	0.00	0.00	0.00	0.00	0.00	0.00	0.00	0.50	1.75	6.00	5.75	5.00	3.75	12.25	4.00	5.75	-0.950195	0.382324	1.768066	7.560000	368.760010	-92.050003	416.00	0.293986	-0.060124	11.50	11.00	12.75	12.75	1.50	4.00	0.00	1.00	0.00	0.00	0.00	0.50	0.25	0.00	0.00	0.00	-0.364746	-0.232422	1.638184	6.090000	83.860001	8.400000	585.00	-0.300146	-0.071799
7.47	0.00	0.00	0.00	0.00	0.00	0.00	0.00	0.25	1.25	4.50	2.75	2.25	2.50	9.00	3.00	3.75	-0.811523	0.764648	2.082520	31.290001	387.100006	-92.750000	270.00	0.305305	-0.036106	10.75	10.25	12.50	12.50	1.75	4.75	0.00	1.00	0.00	0.00	0.00	0.50	0.50	0.00	0.00	0.00	-0.187012	0.064941	0.737793	20.790001	-3.570000	5.740000	578.00	-0.292915	-0.076817
7.48	0.00	0.00	0.00	0.00	0.00	0.00	0.00	0.00	0.75	2.25	1.00	1.00	1.50	6.25	2.50	2.50	-1.109375	0.369629	2.325195	30.799999	391.089996	-112.770004	160.00	0.327384	-0.019413	10.25	10.00	12.00	12.00	1.50	5.25	0.00	1.50	0.00	0.00	0.00	0.50	0.75	0.00	0.00	0.00	-0.247559	0.180176	1.064941	9.590000	18.059999	4.550000	572.00	-0.285718	-0.086515
7.49	0.00	0.00	0.00	0.00	0.00	0.00	0.00	0.00	0.75	0.75	1.25	1.25	0.50	4.00	1.00	1.00	-0.698242	1.051758	2.153320	34.020000	407.540009	-116.830002	98.00	0.316819	-0.007568	10.00	10.25	12.50	12.50	1.75	5.75	0.00	1.75	0.00	0.00	0.25	0.75	1.25	0.25	0.00	0.25	-0.231445	0.134766	0.973633	12.810000	5.390000	4.900000	608.00	-0.270428	-0.093485
7.50	0.00	0.00	0.00	0.00	0.00	0.00	0.00	0.00	0.75	0.50	1.00	0.75	0.50	1.75	0.50	0.50	-1.024902	0.852539	1.663086	66.500000	402.500000	-136.639999	61.00	0.293377	-0.019228	10.25	10.50	12.50	12.75	2.00	6.00	0.00	2.00	0.00	0.00	0.25	0.75	1.50	0.50	0.00	0.25	-0.260254	0.144531	1.015137	8.680000	0.490000	3.500000	629.00	-0.265053	-0.095747
7.51	0.00	0.00	0.00	0.00	0.00	0.00	0.00	0.00	0.50	0.75	0.75	0.75	0.25	1.25	0.50	0.75	-0.426270	0.554199	2.145996	59.150002	395.360016	-154.279999	52.00	0.293526	-0.033991	10.50	10.75	12.50	12.75	2.00	6.00	0.00	2.25	0.00	0.00	0.00	0.75	1.25	0.75	0.00	0.50	-0.229980	0.141602	1.006836	4.760000	-1.470000	2.590000	636.00	-0.264547	-0.095163
7.52	0.00	0.00	0.00	0.00	0.00	0.00	0.00	0.00	0.25	0.75	0.50	0.75	0.25	1.25	0.50	0.50	-0.233887	0.542480	1.255859	27.580000	373.799988	-167.860001	45.00	0.000000	0.000000	10.75	11.00	12.75	12.75	2.25	6.00	0.00	2.25	0.00	0.00	0.00	0.75	1.50	0.75	0.00	0.50	-0.228516	0.142578	0.988281	3.080000	-2.310000	2.170000	649.00	-0.263607	-0.094369
7.53	0.00	0.00	0.00	0.00	0.00	0.00	0.00	0.00	0.25	0.25	0.50	0.25	0.25	1.00	0.50	0.50	-0.146484	0.811035	1.289551	37.380001	377.230011	-180.669998	32.00	0.000000	0.000000	11.25	11.00	12.75	12.50	2.25	6.25	0.00	2.25	0.00	0.00	0.25	1.00	1.50	1.00	0.00	0.50	-0.232422	0.151855	0.989746	1.610000	-2.030000	1.890000	661.00	-0.258146	-0.092984
7.54	0.00	0.00	0.00	0.00	0.00	0.00	0.00	0.00	0.00	0.25	0.25	0.25	0.25	1.00	0.00	0.00	0.635254	0.526367	1.736328	90.720001	374.010010	-189.839996	19.00	0.000000	0.000000	11.50	11.00	12.75	12.50	2.25	6.25	0.00	2.00	0.00	0.00	0.00	1.00	1.50	1.00	0.00	0.50	-0.226562	0.145020	0.982910	0.490000	-1.260000	1.680000	658.00	-0.262065	-0.090370
7.55	0.00	0.00	0.00	0.00	0.00	0.00	0.00	0.00	0.00	0.00	0.00	0.00	0.00	0.25	0.00	0.00	0.365723	1.177246	3.210938	126.070000	282.940002	-191.100006	2.00	0.000000	0.000000	11.25	10.75	12.75	12.25	2.25	6.00	0.00	2.25	0.00	0.00	0.00	1.00	1.50	1.00	0.00	0.50	-0.221191	0.153320	0.972656	-0.070000	-0.280000	1.400000	651.00	-0.259849	-0.091326
7.56	0.00	0.00	0.00	0.00	0.00	0.00	0.00	0.00	0.00	0.00	0.00	0.00	0.00	0.25	0.00	0.00	1.070801	0.886230	3.170410	137.830002	91.279999	-155.960007	2.00	0.000000	0.000000	11.00	10.75	12.25	12.25	2.50	5.75	0.00	2.25	0.00	0.00	0.00	1.00	1.25	1.25	0.00	0.50	-0.215820	0.141602	0.969238	-0.910000	1.330000	0.980000	643.00	-0.258324	-0.090141
7.57	0.00	0.00	0.00	0.00	0.00	0.00	0.00	0.00	0.00	0.00	0.00	0.00	0.00	0.00	0.00	0.00	0.926270	0.534668	2.559570	82.040001	-87.290001	-100.730003	0.00	0.000000	0.000000	10.50	10.50	11.75	12.00	2.25	6.00	0.00	2.25	0.00	0.00	0.25	1.00	1.50	1.25	0.00	0.75	-0.232910	0.138184	0.985352	-1.330000	2.240000	0.770000	633.00	-0.251701	-0.095787
7.58	0.00	0.00	0.25	0.00	0.00	0.00	0.00	0.00	0.00	0.00	0.00	0.00	0.00	0.00	0.00	0.00	0.477051	0.251953	1.419922	-75.529999	-234.360001	-37.029999	3.00	0.000000	0.000000	10.25	10.50	11.75	11.75	2.25	6.00	0.00	2.00	0.00	0.00	0.25	1.00	1.25	1.25	0.00	0.75	-0.230469	0.148926	0.988281	-1.750000	1.890000	0.630000	622.00	-0.253843	-0.092984
7.59	0.00	0.00	0.00	0.00	0.00	0.00	0.00	0.00	0.00	0.00	0.00	0.00	0.00	0.25	0.00	0.00	0.342773	0.260254	0.912109	-135.800003	-265.929993	-25.830000	2.00	0.000000	0.000000	10.50	10.25	11.50	11.50	2.25	5.75	0.00	2.00	0.00	0.00	0.25	1.00	1.50	1.75	0.00	0.75	-0.228027	0.150391	0.991699	-1.750000	1.540000	0.490000	620.00	-0.248056	-0.090749
7.60	0.00	0.00	0.00	0.00	0.00	0.00	0.00	0.00	0.00	0.00	0.00	0.00	0.00	0.50	0.00	0.00	0.217285	0.342285	0.579102	-140.559998	-273.910004	-28.139999	4.00	0.000000	0.000000	10.25	10.00	11.25	11.25	2.50	5.75	0.00	2.00	0.00	0.00	0.25	1.00	1.25	1.75	0.00	1.00	-0.229980	0.145508	0.983887	-1.680000	0.840000	0.420000	612.00	-0.246082	-0.090028
7.61	0.00	0.00	0.00	0.00	0.00	0.00	0.00	0.00	0.00	0.00	0.00	0.00	0.00	0.25	0.00	0.00	0.142090	0.421387	0.365234	-105.489998	-270.690002	-37.590000	2.00	0.000000	0.000000	10.00	9.75	11.00	10.75	2.25	5.50	0.00	2.00	0.00	0.00	0.25	1.00	1.25	1.50	0.00	1.00	-0.231934	0.142578	0.982422	-1.680000	0.280000	0.350000	591.00	-0.247617	-0.091023
7.62	0.00	0.00	0.00	0.00	0.00	0.00	0.00	0.00	0.00	0.00	0.00	0.00	0.00	0.25	0.00	0.00	0.095215	0.421387	0.265625	-42.840000	-260.679993	-47.180000	2.00	0.000000	0.000000	9.50	9.75	10.75	10.75	2.50	5.50	0.00	2.00	0.00	0.00	0.50	1.00	1.25	1.50	0.00	1.00	-0.231445	0.149414	0.985840	-1.750000	0.210000	0.280000	589.00	-0.243488	-0.093035
7.63	0.00	0.00	0.00	0.00	0.00	0.00	0.00	0.00	0.00	0.00	0.00	0.00	0.00	0.25	0.00	0.00	0.064453	0.337402	0.291016	14.140000	-249.550003	-53.410000	2.00	0.000000	0.000000	9.25	9.50	10.50	10.50	2.50	5.50	0.00	2.00	0.00	0.00	0.25	0.75	1.25	1.50	0.00	1.00	-0.223633	0.146973	0.975586	-1.960000	0.070000	0.140000	573.00	-0.245979	-0.092873
7.64	0.00	0.00	0.00	0.00	0.00	0.00	0.00	0.00	0.00	0.00	0.00	0.00	0.00	0.25	0.00	0.00	0.021484	0.257324	0.412109	44.590000	-241.149994	-54.529999	2.00	0.000000	0.000000	9.00	9.25	10.50	10.25	2.50	5.25	0.00	1.75	0.00	0.00	0.00	0.75	1.00	1.50	0.00	1.00	-0.227051	0.140137	0.975586	-1.890000	0.210000	0.210000	554.00	-0.250247	-0.088369
7.65	0.00	0.00	0.00	0.00	0.00	0.00	0.00	0.00	0.00	0.00	0.00	0.00	0.00	0.25	0.00	0.00	-0.001953	0.228516	0.560059	45.709999	-237.020004	-49.209999	2.00	0.000000	0.000000	9.00	8.75	10.00	10.00	2.50	5.25	0.00	1.75	0.00	0.00	0.00	0.75	1.00	1.50	0.00	1.00	-0.223145	0.141602	0.976074	-1.470000	1.050000	0.140000	541.00	-0.248484	-0.088847
7.66	0.00	0.00	0.00	0.00	0.00	0.00	0.00	0.00	0.00	0.00	0.00	0.00	0.00	0.25	0.00	0.00	-0.048828	0.306152	0.748047	17.570000	-239.820007	-30.240000	2.00	0.000000	0.000000	9.00	8.75	9.75	9.75	2.50	5.25	0.00	2.00	0.00	0.00	0.25	1.00	1.00	1.50	0.00	1.00	-0.232422	0.145020	0.966797	-1.260000	1.680000	-0.000000	545.00	-0.242054	-0.092323
7.67	0.00	0.00	0.00	0.00	0.00	0.00	0.00	0.00	0.00	0.00	0.00	0.00	0.00	0.00	0.00	0.00	-0.095703	0.405762	0.835938	4.900000	-246.190002	-12.740000	0.00	0.000000	0.000000	8.50	8.75	9.50	9.25	2.50	5.25	0.00	2.00	0.00	0.00	0.25	1.00	1.25	1.75	0.00	1.00	-0.220215	0.145996	0.955078	-0.770000	4.550000	0.210000	535.00	-0.235640	-0.094277
7.68	0.00	0.00	0.00	0.00	0.00	0.00	0.00	0.00	0.00	0.00	0.00	0.00	0.00	0.00	0.00	0.00	-0.147949	0.477539	0.888184	10.850000	-254.729996	4.340000	0.00	0.000000	0.000000	8.00	8.25	9.00	9.25	2.25	5.25	0.00	2.25	0.00	0.25	0.50	1.00	1.25	2.00	0.25	1.25	-0.226074	0.137207	0.974609	-0.700000	7.000000	0.140000	532.00	-0.219220	-0.099229
7.69	0.00	0.00	0.00	0.00	0.00	0.00	0.00	0.00	0.00	0.00	0.00	0.00	0.00	0.00	0.00	0.00	-0.215820	0.480469	0.938477	34.580002	-263.549988	19.110001	0.00	0.000000	0.000000	7.75	8.00	8.50	9.00	2.25	5.25	0.00	2.25	0.00	0.25	0.50	1.00	1.25	2.25	0.25	1.50	-0.232910	0.141602	0.968750	-0.770000	7.910000	0.070000	523.00	-0.212505	-0.100747
7.70	0.00	0.00	0.00	0.00	0.00	0.00	0.00	0.00	0.00	0.00	0.00	0.00	0.00	0.00	0.00	0.00	-0.307617	0.417969	0.972656	64.889999	-270.059998	30.660000	0.00	0.000000	0.000000	7.50	7.75	8.50	8.75	2.75	5.25	0.00	2.25	0.00	0.25	0.75	1.25	1.25	2.50	0.25	1.50	-0.228516	0.139648	0.962402	-0.840000	9.170000	0.140000	528.00	-0.202584	-0.099084
7.71	0.00	0.00	0.00	0.00	0.00	0.00	0.00	0.00	0.00	0.00	0.00	0.00	0.00	0.00	0.00	0.00	-0.390625	0.321777	1.022461	89.320000	-273.000000	39.060001	0.00	0.000000	0.000000	7.25	7.25	8.00	8.25	2.75	5.50	0.00	2.50	0.25	0.50	0.75	1.75	1.50	2.75	0.00	2.00	-0.228027	0.134766	0.971191	-0.840000	9.800000	-0.000000	532.00	-0.183687	-0.103580
7.72	0.00	0.00	0.00	0.00	0.00	0.00	0.00	0.00	0.00	0.00	0.00	0.00	0.00	0.00	0.00	0.00	-0.493652	0.247070	1.100098	104.370003	-273.559998	44.869999	0.00	0.000000	0.000000	6.75	7.25	7.50	8.25	2.75	5.50	0.00	2.75	0.25	0.75	1.00	2.00	1.75	2.75	0.00	2.25	-0.237305	0.135254	0.982422	-1.190000	9.590000	-0.000000	536.00	-0.170708	-0.111853
7.73	0.00	0.00	0.00	0.00	0.00	0.00	0.00	0.00	0.00	0.00	0.00	0.00	0.00	0.00	0.00	0.00	-0.638672	0.187988	1.221680	112.980003	-271.739990	53.060001	0.00	0.000000	0.000000	6.50	7.00	7.25	8.25	3.00	5.50	0.00	3.00	0.25	0.25	1.00	2.25	2.00	3.00	0.25	2.00	-0.239746	0.139648	0.987793	-1.680000	8.680000	-0.420000	538.00	-0.163646	-0.117028
7.74	0.00	0.00	0.00	0.00	0.00	0.00	0.00	0.00	0.00	0.00	0.00	0.00	0.00	0.00	0.00	0.00	-0.726562	0.171387	1.285645	114.029999	-268.799988	59.570000	0.00	0.000000	0.000000	6.00	6.50	7.00	7.75	3.00	5.75	0.00	3.00	0.25	0.25	1.50	2.25	2.25	3.75	0.25	2.25	-0.245605	0.140137	0.988770	-1.750000	8.330000	-0.350000	538.00	-0.144027	-0.117914
7.75	0.00	0.00	0.00	0.00	0.00	0.00	0.00	0.00	0.00	0.00	0.00	0.00	0.00	0.00	0.00	0.00	-0.821777	0.155762	1.339844	112.070000	-264.670013	67.129997	0.00	0.000000	0.000000	5.50	6.50	6.50	7.50	3.00	5.75	0.00	3.25	0.25	0.75	2.25	2.25	2.50	4.00	0.25	2.25	-0.248047	0.145996	0.985352	-1.890000	7.770000	-0.560000	546.00	-0.126280	-0.122008
7.76	0.00	0.00	0.00	0.00	0.00	0.00	0.00	0.00	0.00	0.00	0.00	0.00	0.00	0.00	0.00	0.00	-0.910156	0.157227	1.385254	107.309998	-259.070007	76.510002	0.00	0.000000	0.000000	5.50	6.25	6.75	7.25	3.25	5.75	0.00	3.50	0.25	0.75	3.00	2.50	2.50	4.50	0.50	2.50	-0.243652	0.144531	0.979980	-1.680000	6.930000	-0.560000	569.00	-0.110157	-0.119966
7.77	0.00	0.00	0.00	0.00	0.00	0.00	0.00	0.00	0.00	0.00	0.00	0.00	0.00	0.00	0.00	0.00	-0.934082	0.183105	1.418945	98.699997	-253.050003	88.550003	0.00	0.000000	0.000000	5.50	6.25	6.25	7.25	3.50	5.75	0.00	3.50	0.25	1.50	3.00	2.75	2.75	5.00	0.75	2.50	-0.249023	0.138184	0.988281	-1.680000	6.580000	-0.560000	585.00	-0.095472	-0.118382
7.78	0.00	0.00	0.00	0.00	0.00	0.00	0.00	0.00	0.00	0.00	0.00	0.00	0.00	0.00	0.00	0.00	-0.948242	0.230957	1.461426	88.340004	-246.680008	102.620003	0.00	0.000000	0.000000	5.25	6.00	6.00	7.00	3.25	5.75	0.00	3.75	0.25	2.00	3.25	3.00	3.00	5.00	0.75	3.00	-0.246094	0.136719	0.980469	-1.540000	6.230000	-0.560000	591.00	-0.081708	-0.123601
7.79	0.00	0.00	0.00	0.00	0.00	0.00	0.00	0.00	0.00	0.00	0.00	0.00	0.00	0.00	0.00	0.00	-0.946289	0.298340	1.527832	76.019997	-238.210007	125.440002	0.00	0.000000	0.000000	5.00	5.50	5.75	7.00	3.25	5.75	0.00	4.25	0.50	2.00	3.25	3.25	3.25	5.50	0.75	3.00	-0.244629	0.138672	0.978516	-1.680000	5.460000	-0.700000	601.00	-0.068508	-0.126331
7.80	0.00	0.00	0.00	0.00	0.00	0.00	0.00	0.00	0.00	0.00	0.00	0.00	0.00	0.00	0.00	0.00	-0.961426	0.336914	1.577148	69.720001	-233.380005	140.350006	0.00	0.000000	0.000000	5.00	5.25	5.50	6.50	3.25	5.75	0.00	4.25	0.50	2.25	3.50	3.75	3.75	6.25	0.75	3.25	-0.246582	0.142578	0.977051	-1.260000	5.040000	-0.700000	613.00	-0.051753	-0.126503
7.81	0.00	0.00	0.00	0.00	0.00	0.00	0.00	0.00	0.00	0.00	0.00	0.00	0.00	0.00	0.00	0.00	-0.996582	0.352539	1.621582	63.840000	-229.529999	154.490005	0.00	0.000000	0.000000	4.25	5.50	5.50	6.25	3.00	5.50	0.00	4.25	0.25	2.50	4.25	4.25	3.75	6.50	1.00	3.25	-0.249512	0.141113	0.981445	-0.770000	4.480000	-0.770000	617.00	-0.037956	-0.130760
7.82	0.00	0.00	0.00	0.00	0.00	0.00	0.00	0.00	0.00	0.00	0.00	0.00	0.00	0.00	0.00	0.00	-1.023438	0.381348	1.697754	57.750000	-226.240005	167.440002	0.00	0.000000	0.000000	3.75	5.00	5.25	6.25	2.75	5.25	0.00	4.50	0.50	2.25	4.75	4.25	4.00	6.75	1.25	3.25	-0.253906	0.136719	0.982910	-0.280000	4.060000	-0.560000	615.00	-0.023138	-0.133783
7.83	0.00	0.00	0.00	0.00	0.00	0.00	0.00	0.00	0.00	0.00	0.00	0.00	0.00	0.00	0.00	0.00	-1.105469	0.404785	1.726074	48.439999	-223.649994	178.430008	0.00	0.000000	0.000000	3.50	5.00	5.00	6.00	2.75	5.50	0.00	4.50	0.50	3.00	5.00	5.00	4.25	7.75	1.25	3.50	-0.244141	0.145508	0.974609	0.280000	3.570000	-0.700000	640.00	-0.005615	-0.132802
7.84	0.00	0.00	0.00	0.00	0.00	0.00	0.00	0.00	0.00	0.00	0.00	0.00	0.00	0.00	0.00	0.00	-1.176270	0.440918	1.711426	37.380001	-221.830002	187.740005	0.00	0.000000	0.000000	2.50	4.00	4.50	5.25	3.00	5.25	0.00	4.75	0.75	3.00	5.50	5.25	4.75	8.25	1.50	3.75	-0.247559	0.137207	0.982910	1.190000	2.660000	-0.560000	635.00	0.023497	-0.135908
7.85	0.00	0.00	0.00	0.00	0.00	0.00	0.00	0.00	0.00	0.00	0.00	0.00	0.00	0.00	0.00	0.00	-1.266113	0.486328	1.697754	25.969999	-219.800003	194.460007	0.00	0.000000	0.000000	2.25	3.75	3.75	5.00	3.00	5.00	0.00	5.00	1.50	2.50	5.75	5.25	5.00	9.25	1.75	4.00	-0.250000	0.141113	0.981445	1.890000	2.730000	-0.560000	642.00	0.043009	-0.132638
7.86	0.00	0.00	0.00	0.00	0.00	0.00	0.00	0.00	0.00	0.00	0.00	0.00	0.00	0.00	0.00	0.00	-1.416504	0.562988	1.637207	13.300000	-215.529999	199.500000	0.00	0.000000	0.000000	1.25	3.00	3.00	4.50	2.50	5.00	0.00	5.00	0.75	3.75	6.50	5.75	5.50	9.25	1.75	4.25	-0.251953	0.148926	0.978516	2.660000	3.220000	-0.980000	627.00	0.069921	-0.146231
7.87	0.00	0.00	0.00	0.00	0.00	0.00	0.00	0.00	0.00	0.00	0.00	0.00	0.00	0.00	0.00	0.00	-1.534180	0.611328	1.598145	8.750000	-212.729996	199.360001	0.00	0.000000	0.000000	0.75	2.50	2.00	3.75	2.25	4.75	0.00	5.00	0.50	4.25	7.00	6.50	6.25	9.25	2.00	4.25	-0.248047	0.153809	0.978516	3.220000	4.060000	-1.260000	617.00	0.096253	-0.156969
7.88	0.00	0.00	0.00	0.00	0.00	0.00	0.00	0.00	0.00	0.00	0.00	0.00	0.00	0.00	0.00	0.00	-1.655273	0.641602	1.491699	7.770000	-210.699997	196.699997	0.00	0.000000	0.000000	0.25	2.25	1.25	2.75	1.50	4.25	0.00	5.25	0.75	4.25	7.50	7.00	6.75	10.25	2.25	4.50	-0.244629	0.139648	0.985840	3.010000	5.530000	-1.820000	610.00	0.128600	-0.160772
7.89	0.00	0.00	0.00	0.00	0.00	0.00	0.00	0.00	0.00	0.00	0.00	0.00	0.00	0.00	0.00	0.00	-1.739258	0.627441	1.280762	13.020000	-206.500000	191.800003	0.00	0.000000	0.000000	0.25	0.75	0.25	1.25	1.25	3.75	0.00	5.00	0.75	5.00	8.50	7.50	7.25	11.00	2.25	4.50	-0.248535	0.151367	0.982422	2.590000	8.260000	-3.080000	591.00	0.172301	-0.158088
7.90	0.00	0.00	0.00	0.00	0.00	0.00	0.00	0.00	0.00	0.00	0.00	0.00	0.00	0.00	0.00	0.00	-1.773438	0.396973	0.876465	42.490002	-188.089996	184.309998	0.00	0.000000	0.000000	0.50	0.25	0.25	0.50	1.00	3.00	0.00	5.00	1.25	5.50	9.50	8.00	7.50	12.25	2.50	5.00	-0.253906	0.151855	0.983398	2.940000	10.080000	-4.060000	616.00	0.194719	-0.145087
7.91	0.00	0.00	0.00	0.00	0.00	0.00	0.00	0.00	0.00	0.00	0.00	0.00	0.00	0.00	0.00	0.00	-1.765137	0.270508	0.751953	56.700001	-176.889999	181.440002	0.00	0.000000	0.000000	0.50	0.25	0.50	0.50	0.50	2.00	0.00	5.00	1.50	6.00	10.50	8.50	7.75	13.75	2.50	5.50	-0.255859	0.158691	0.976562	3.990000	12.810000	-5.460000	644.00	0.207543	-0.135987
7.92	0.00	0.00	0.00	0.00	0.00	0.00	0.00	0.00	0.00	0.00	0.00	0.00	0.00	0.00	0.00	0.00	-1.806641	-0.004883	0.471191	84.000000	-149.800003	173.389999	0.00	0.000000	0.000000	0.25	0.25	0.25	0.25	0.25	1.50	0.00	4.50	2.00	6.50	11.25	9.25	8.50	15.00	3.00	5.50	-0.234863	0.166992	0.989258	5.040000	16.660000	-7.630000	670.00	0.226087	-0.128143
7.93	0.00	0.00	0.00	0.00	0.00	0.00	0.00	0.00	0.00	0.00	0.00	0.00	0.00	0.00	0.00	0.00	-1.940918	-0.457031	0.387207	117.809998	-102.970001	154.210007	0.00	0.000000	0.000000	0.25	0.25	0.25	0.25	0.25	0.75	0.00	4.50	2.25	7.00	12.00	9.75	8.75	17.00	3.00	5.75	-0.273926	0.112305	0.997559	7.420000	21.629999	-11.410000	704.00	0.235180	-0.118282
7.94	0.00	0.00	0.00	0.00	0.00	0.00	0.00	0.00	0.00	0.00	0.00	0.00	0.00	0.00	0.00	0.00	-2.249023	-0.751465	0.435059	116.059998	-78.120003	133.770004	0.00	0.000000	0.000000	0.25	0.50	0.00	0.00	0.00	0.50	0.00	4.00	2.25	7.50	12.50	10.50	8.50	18.25	3.75	6.25	-0.245117	0.147949	1.012207	9.940000	34.160000	-8.890000	725.00	0.247238	-0.111640
7.95	0.00	0.00	0.00	0.00	0.00	0.00	0.00	0.00	0.00	0.00	0.00	0.00	0.00	0.00	0.00	0.00	-2.451660	-0.878906	0.366699	73.709999	-63.630001	99.470001	0.00	0.000000	0.000000	0.25	0.25	0.25	0.25	0.25	0.25	0.00	3.75	2.75	8.00	13.75	10.50	8.75	19.50	3.75	6.50	-0.254395	0.154297	1.012207	11.550000	41.160000	-9.380000	764.00	0.248782	-0.101449
7.96	0.00	0.00	0.00	0.00	0.00	0.00	0.00	0.00	0.00	0.00	0.00	0.00	0.00	0.00	0.00	0.00	-2.476562	-0.832520	0.160645	23.940001	-47.950001	55.650002	0.00	0.000000	0.000000	0.25	0.25	0.00	0.25	0.00	0.00	0.00	3.25	3.50	8.50	14.25	10.75	8.75	21.00	3.50	6.25	-0.268555	0.162598	1.013672	17.010000	54.180000	-10.220000	780.00	0.257594	-0.089314
7.97	0.00	0.00	0.00	0.00	0.00	0.00	0.00	0.00	0.00	0.00	0.00	0.00	0.00	0.00	0.00	0.00	-2.316406	-0.685059	0.001953	-7.000000	-21.420000	8.400000	0.00	0.000000	0.000000	0.50	0.25	0.25	0.25	0.00	0.25	0.00	2.75	3.50	8.75	14.00	11.00	8.75	22.00	3.75	6.75	-0.299805	0.129395	1.030273	19.040001	63.560001	-10.150000	797.00	0.257178	-0.083765
7.98	0.00	0.00	0.00	0.00	0.00	0.00	0.00	0.00	0.00	0.00	0.00	0.00	0.00	0.00	0.00	0.00	-1.986328	-0.325195	0.058105	-26.110001	34.720001	-51.799999	0.00	0.000000	0.000000	0.25	0.25	0.00	0.25	0.00	0.25	0.00	2.25	4.00	9.50	14.50	11.00	8.50	23.00	4.00	7.00	-0.317383	0.149902	1.052734	22.120001	74.059998	-9.380000	813.00	0.265746	-0.074636
7.99	0.00	0.00	0.00	0.00	0.00	0.00	0.00	0.00	0.00	0.00	0.00	0.00	0.00	0.00	0.00	0.00	-1.743652	-0.093262	0.238281	-30.100000	70.769997	-74.760002	0.00	0.000000	0.000000	0.00	0.00	0.00	0.00	0.00	0.00	0.00	2.00	4.00	9.75	14.25	11.25	8.25	24.25	4.00	7.25	-0.334473	0.165039	1.060547	19.879999	84.349998	-9.310000	812.00	0.276585	-0.068503
8.00	0.00	0.00	0.00	0.00	0.00	0.00	0.00	0.00	0.00	0.00	0.00	0.00	0.00	0.00	0.00	0.00	-1.666016	-0.820801	-0.725098	-169.889999	157.430008	-69.090004	0.00	0.000000	0.000000	0.00	0.00	0.00	0.00	0.00	0.00	0.00	1.50	4.25	9.50	14.25	11.00	8.00	25.00	4.50	8.00	-0.350098	0.190430	1.058105	14.770000	93.940002	-10.220000	816.00	0.282150	-0.062142
8.01	0.25	0.00	0.25	0.00	0.00	0.00	0.00	0.00	0.00	0.00	0.00	0.00	0.00	0.00	0.00	0.00	-0.293945	0.759277	0.606934	-198.169998	232.119995	-75.949997	5.00	0.000000	0.000000	0.00	0.00	0.00	0.00	0.00	0.25	0.00	1.00	4.25	9.75	14.25	10.50	7.50	26.25	4.50	8.50	-0.359863	0.190430	1.117188	7.420000	110.040001	-14.770000	817.00	0.286356	-0.053461
8.02	0.75	0.50	0.75	0.50	0.00	0.00	0.00	0.00	0.00	0.00	0.00	0.00	0.00	0.00	0.00	0.00	-0.113281	0.552734	1.535645	-179.059998	212.589996	-40.670002	26.00	0.000000	0.000000	0.00	0.00	0.00	0.00	0.00	0.00	0.00	1.00	4.25	9.75	14.25	10.25	6.75	26.75	5.00	8.50	-0.372559	0.171875	1.128906	4.970000	122.360001	-16.520000	815.00	0.290453	-0.047667
8.03	2.75	1.50	2.00	2.00	0.00	0.00	0.00	0.00	0.00	0.00	0.00	0.00	0.00	0.00	0.00	0.00	-0.215332	0.596680	0.775391	-118.300003	203.630005	-0.210000	87.00	-0.340580	-0.024695	0.00	0.00	0.00	0.00	0.00	0.00	0.00	1.00	4.50	10.00	13.75	9.50	5.75	27.00	5.25	9.00	-0.405273	0.188965	1.067871	3.010000	133.490005	-17.150000	806.00	0.293628	-0.039091
8.04	5.00	3.50	3.25	4.00	0.00	0.00	0.00	0.00	0.00	0.00	0.00	0.00	0.00	0.00	0.00	0.00	-0.158203	0.315430	0.821777	-97.300003	220.360001	24.150000	164.00	-0.344568	-0.038691	0.00	0.00	0.00	0.00	0.00	0.00	0.00	0.50	4.75	9.75	13.00	9.00	5.00	27.00	5.25	8.75	-0.450195	0.177246	1.038086	0.700000	146.930008	-19.530001	778.00	0.298827	-0.028150
8.05	5.75	5.00	4.25	5.00	0.00	0.00	0.00	0.00	0.00	0.00	0.00	0.00	0.00	0.00	0.00	0.00	-0.170410	0.157715	1.190430	-70.840004	236.460007	42.630001	208.00	-0.344304	-0.044608	0.00	0.00	0.00	0.00	0.00	0.00	0.00	0.50	4.50	10.00	12.75	8.50	4.50	27.25	5.25	8.75	-0.452148	0.181641	1.072754	-7.140000	168.210007	-22.889999	768.00	0.300738	-0.023972
8.06	6.00	5.50	5.00	5.75	0.00	0.00	0.00	0.00	0.00	0.00	0.00	0.00	0.00	0.00	0.00	0.00	-0.614746	-0.117188	1.291992	-25.830000	228.270004	65.309998	232.00	-0.341539	-0.046875	0.00	0.00	0.00	0.00	0.00	0.00	0.00	0.25	4.25	10.00	12.00	7.75	3.75	26.50	5.25	8.50	-0.471680	0.194824	1.077148	-8.330000	178.919998	-23.660000	731.00	0.304462	-0.016791
8.07	7.00	6.25	5.50	6.25	0.00	0.00	0.00	0.00	0.00	0.00	0.00	0.00	0.00	0.00	0.00	0.00	-0.548340	-0.635254	1.501953	-30.520000	219.869995	49.980000	260.00	-0.343228	-0.044677	0.00	0.00	0.00	0.00	0.00	0.00	0.00	0.00	4.25	9.75	11.25	7.00	3.25	26.00	5.25	8.50	-0.559082	0.233398	1.104980	-10.780000	214.899994	-30.870001	700.00	0.308580	-0.009215
8.08	8.00	7.00	6.25	7.00	0.00	0.00	0.00	0.00	0.00	0.00	0.00	0.00	0.00	0.00	0.00	0.00	-0.512695	-0.728027	1.776367	-35.910000	213.430008	19.389999	294.00	-0.343301	-0.043353	0.00	0.00	0.00	0.00	0.00	0.00	0.00	0.25	4.50	9.75	10.50	6.50	3.00	25.00	5.00	8.25	-0.601562	0.273438	1.209473	-8.610000	242.199997	-39.619999	679.00	0.306922	-0.006541
8.09	9.50	8.00	8.50	10.25	0.00	0.50	0.00	0.25	0.00	0.00	0.00	0.00	0.00	0.00	0.00	0.00	-3.590820	0.359863	13.617188	-163.589996	247.660004	-25.200001	389.00	-0.331380	-0.054893	0.00	0.00	0.00	0.00	0.00	0.00	0.00	0.25	4.50	9.25	9.25	5.25	2.75	23.75	4.50	7.75	-0.600586	0.216797	1.376953	-4.410000	273.279999	-45.849998	627.00	0.308869	0.001655
8.10	10.25	8.75	11.50	13.50	0.50	3.25	0.00	1.00	0.00	0.00	0.00	0.00	0.25	0.00	0.00	0.00	-0.720703	0.424316	1.950684	23.100000	49.070000	11.760000	521.00	-0.304833	-0.076650	0.00	0.00	0.00	0.00	0.00	0.00	0.00	0.50	4.00	8.50	8.00	5.00	2.50	21.75	4.50	6.75	-0.639160	0.228516	1.429688	-13.790000	299.739990	-50.540001	576.00	0.307587	-0.001339
8.11	10.00	8.50	12.00	14.25	0.75	4.25	0.00	1.50	0.00	0.00	0.00	0.00	1.25	0.00	0.00	0.00	-0.264160	0.429199	0.768555	-5.180000	40.950001	2.940000	560.00	-0.288119	-0.091037	0.00	0.00	0.00	0.00	0.00	0.00	0.00	0.25	3.75	7.00	6.25	4.00	2.50	19.00	3.50	5.25	-0.898438	0.247559	1.785645	-10.500000	330.260010	-55.160000	482.00	0.309749	0.006908
8.12	9.25	8.00	11.50	13.25	0.75	5.00	0.00	1.75	0.00	0.00	0.00	0.25	1.75	0.00	0.00	0.75	-0.232422	0.112305	1.014648	14.560000	15.400000	3.360000	554.00	-0.271063	-0.102628	0.00	0.00	0.00	0.00	0.00	0.00	0.00	0.25	2.50	5.25	4.25	2.75	2.25	16.50	2.50	4.00	-0.865723	0.148926	1.925781	-9.870000	366.450012	-63.139999	373.00	0.315065	0.011327
8.13	8.50	8.00	11.50	13.00	1.25	5.25	0.00	2.25	0.00	0.00	0.00	0.75	3.00	0.25	0.00	1.75	-0.216309	0.141602	1.065430	14.140000	20.230000	3.430000	583.00	-0.243015	-0.117246	0.00	0.00	0.00	0.00	0.00	0.00	0.00	0.25	2.25	3.75	2.25	1.25	1.75	13.25	1.75	2.50	-1.366211	0.917480	1.970215	-13.510000	395.920013	-57.330002	269.00	0.321606	0.036156
8.14	8.50	8.00	12.25	13.75	1.75	6.00	0.00	2.75	0.00	0.00	0.00	1.25	3.25	0.75	0.00	2.25	-0.231934	0.113281	1.007324	13.720000	13.860000	2.450000	636.00	-0.226811	-0.121179	0.00	0.00	0.00	0.00	0.00	0.00	0.00	0.00	1.75	2.25	1.00	0.25	1.25	10.00	1.00	2.00	-0.956055	0.598633	2.212891	62.930000	413.420013	-64.889999	177.00	0.337266	0.065880
8.15	8.75	8.00	13.00	15.00	2.25	7.00	0.00	3.25	0.00	0.00	0.25	1.50	3.00	1.00	0.25	2.50	-0.219727	0.132812	1.002930	9.800000	10.990000	2.100000	693.00	-0.217161	-0.122627	0.00	0.00	0.00	0.00	0.00	0.00	0.00	0.00	1.25	0.75	0.75	0.25	0.75	6.25	0.25	1.00	-0.980957	0.310059	2.191895	50.049999	412.230011	-77.070000	102.00	0.336833	0.076490
8.16	9.25	8.75	13.75	15.25	2.50	7.50	0.00	3.25	0.00	0.00	0.50	1.50	3.25	1.25	0.25	3.25	-0.227051	0.126465	0.999023	6.580000	7.770000	1.680000	736.00	-0.212595	-0.120966	0.00	0.00	0.00	0.00	0.00	0.00	0.00	0.00	0.25	0.75	0.75	0.50	0.50	3.25	0.00	0.25	-0.932129	0.498047	1.958496	31.639999	412.649994	-94.150002	58.00	0.316794	0.024630
8.17	9.50	9.25	14.25	16.00	2.50	7.75	0.00	3.50	0.00	0.00	0.75	1.75	3.25	1.50	0.25	3.25	-0.219238	0.125488	0.982422	4.340000	5.390000	1.330000	771.00	-0.209778	-0.121680	0.00	0.00	0.00	0.00	0.00	0.00	0.00	0.00	0.25	0.25	0.50	0.25	0.25	1.50	0.25	0.25	-0.609375	0.613281	2.644531	52.080002	394.799988	-110.389999	33.00	0.000000	0.000000
8.18	10.25	9.50	15.00	16.50	2.75	7.75	0.00	3.50	0.00	0.00	0.75	1.75	3.50	2.25	0.25	3.00	-0.202148	0.129883	0.976562	2.450000	3.570000	1.190000	805.00	-0.208063	-0.115683	0.00	0.00	0.00	0.00	0.00	0.00	0.00	0.00	0.25	0.50	0.50	0.50	0.25	1.25	0.25	0.50	-0.329590	0.485840	1.561523	65.590004	399.279999	-120.190002	37.00	0.000000	0.000000
8.19	10.25	9.50	14.50	16.25	2.75	7.75	0.00	3.75	0.00	0.00	0.75	1.75	3.50	2.00	0.25	3.00	-0.207031	0.135254	0.983398	1.470000	3.710000	0.980000	798.00	-0.208110	-0.118841	0.00	0.00	0.00	0.00	0.00	0.00	0.00	0.00	0.00	0.50	0.25	0.00	0.25	1.25	0.25	0.25	0.406250	0.835449	1.616699	84.349998	397.320007	-129.149994	25.00	0.000000	0.000000
8.20	10.25	9.50	14.25	15.75	3.00	7.50	0.00	3.50	0.00	0.00	1.00	1.75	3.25	2.50	0.25	3.00	-0.203613	0.135742	0.977539	1.120000	3.500000	0.770000	791.00	-0.204459	-0.113824	0.00	0.00	0.00	0.00	0.00	0.00	0.00	0.00	0.25	0.25	0.00	0.00	0.25	1.00	0.00	0.25	0.006348	0.763672	0.733398	128.100006	369.459991	-141.610001	18.00	0.000000	0.000000
8.21	10.25	9.50	14.00	15.50	3.25	7.75	0.00	3.50	0.00	0.25	0.25	2.00	3.25	2.50	0.25	3.25	-0.203613	0.135742	0.970703	0.630000	3.780000	0.490000	789.00	-0.203959	-0.114440	0.00	0.00	0.00	0.00	0.00	0.00	0.00	0.00	0.00	0.00	0.00	0.00	0.00	0.00	0.00	0.00	0.095703	0.450195	1.171387	220.919998	376.529999	-167.860001	0.00	0.000000	0.000000
8.22	10.00	9.25	13.50	15.25	3.00	7.50	0.00	3.75	0.00	0.00	0.25	2.25	3.50	2.50	0.50	3.00	-0.209961	0.133789	0.986328	0.420000	4.270000	0.420000	778.00	-0.199416	-0.119245	0.00	0.00	0.00	0.00	0.00	0.00	0.00	0.00	0.00	0.00	0.00	0.00	0.00	0.25	0.00	0.00	0.042480	1.103027	3.368652	275.589996	271.110016	-184.449997	2.00	0.000000	0.000000
8.23	9.25	9.25	13.00	14.25	3.25	7.50	0.00	3.50	0.00	0.00	0.75	2.75	3.50	2.75	0.50	3.00	-0.211914	0.131836	0.979492	0.350000	4.340000	0.280000	765.00	-0.188840	-0.119927	0.00	0.00	0.00	0.25	0.00	0.00	0.00	0.00	0.00	0.00	0.00	0.00	0.00	0.00	0.00	0.25	0.973145	0.345215	2.775391	249.550003	78.540001	-146.789993	4.00	0.000000	0.000000
8.24	9.00	8.75	12.50	13.25	3.00	7.25	0.00	3.50	0.00	0.00	0.75	2.00	3.25	3.00	0.50	3.00	-0.210449	0.134766	0.974121	0.280000	4.270000	0.280000	728.00	-0.188567	-0.116788	0.00	0.00	0.00	0.00	0.00	0.00	0.00	0.00	0.00	0.00	0.00	0.00	0.00	0.00	0.00	0.00	0.500488	0.314453	2.247070	78.330002	-178.220001	-62.720001	0.00	0.000000	0.000000
8.25	8.75	8.25	12.00	12.75	3.00	7.25	0.00	3.50	0.00	0.00	0.50	1.75	3.00	3.00	0.00	3.00	-0.206543	0.128418	0.983887	0.070000	4.270000	-0.070000	697.00	-0.193539	-0.116615	0.00	0.00	0.00	0.00	0.00	0.00	0.00	0.00	0.00	0.00	0.00	0.00	0.00	0.25	0.00	0.00	0.195312	0.222168	1.435547	-57.610001	-264.390015	-15.960000	2.00	0.000000	0.000000
8.26	8.50	8.25	11.25	12.75	3.00	7.00	0.00	3.25	0.00	0.00	0.75	2.50	3.00	3.00	0.00	3.00	-0.210938	0.127441	0.976074	0.210000	3.920000	-0.070000	690.00	-0.186837	-0.119872	0.00	0.00	0.00	0.00	0.00	0.00	0.00	0.00	0.00	0.00	0.00	0.00	0.00	0.25	0.00	0.00	0.113281	0.319336	0.891113	-131.880005	-292.110016	7.490000	2.00	0.000000	0.000000
8.27	7.75	7.75	10.50	11.75	2.75	7.00	0.00	3.25	0.00	0.00	0.75	2.00	3.00	2.50	0.50	3.00	-0.209961	0.130371	0.974609	0.070000	3.780000	-0.280000	651.00	-0.182507	-0.124173	0.00	0.00	0.00	0.00	0.00	0.00	0.00	0.00	0.00	0.00	0.00	0.00	0.00	0.25	0.00	0.00	0.037598	0.415527	0.557617	-147.699997	-294.980011	16.730000	2.00	0.000000	0.000000
8.28	7.50	7.50	9.75	10.75	2.50	7.00	0.00	3.25	0.00	0.00	1.00	2.25	3.00	2.25	0.25	3.00	-0.214355	0.130859	0.973145	-0.070000	3.640000	-0.420000	625.00	-0.179174	-0.128782	0.00	0.00	0.00	0.00	0.00	0.00	0.00	0.00	0.00	0.00	0.00	0.00	0.00	0.25	0.00	0.00	-0.024414	0.455078	0.338867	-117.949997	-285.529999	19.320000	2.00	0.000000	0.000000
8.29	7.25	7.00	9.25	10.50	2.50	6.25	0.00	3.00	0.00	0.00	1.00	2.50	3.00	2.50	0.00	3.00	-0.208496	0.136230	0.974609	-0.000000	3.500000	-0.700000	600.00	-0.175275	-0.127328	0.00	0.00	0.00	0.00	0.00	0.00	0.00	0.00	0.00	0.00	0.00	0.00	0.00	0.25	0.00	0.00	-0.088867	0.458496	0.147949	-33.250000	-257.739990	20.930000	2.00	0.000000	0.000000
8.30	6.75	6.50	8.25	10.00	2.00	6.00	0.00	3.25	0.00	0.00	0.75	2.00	3.00	2.50	0.25	2.75	-0.211914	0.133789	0.970703	0.280000	3.500000	-0.770000	562.00	-0.171847	-0.133278	0.00	0.00	0.00	0.00	0.00	0.00	0.00	0.00	0.00	0.00	0.00	0.00	0.00	0.25	0.00	0.00	-0.132812	0.367188	0.145996	25.410000	-235.270004	22.610001	2.00	0.000000	0.000000
8.31	6.50	6.50	7.75	9.25	2.00	5.75	0.00	3.25	0.00	0.00	0.75	2.25	3.00	2.25	0.50	2.75	-0.207520	0.134277	0.963379	0.490000	3.360000	-0.770000	546.00	-0.165798	-0.136372	0.00	0.00	0.00	0.00	0.00	0.00	0.00	0.00	0.00	0.00	0.00	0.00	0.00	0.25	0.00	0.00	-0.157227	0.254883	0.283691	67.410004	-215.880005	25.549999	2.00	0.000000	0.000000
8.32	6.00	6.25	7.50	8.50	2.00	5.75	0.00	3.25	0.00	0.00	1.00	2.50	2.75	2.25	0.50	3.00	-0.208984	0.132324	0.965820	1.050000	3.570000	-0.630000	532.00	-0.156234	-0.138258	0.00	0.00	0.00	0.00	0.00	0.00	0.00	0.00	0.00	0.00	0.00	0.00	0.00	0.00	0.00	0.00	-0.163574	0.164062	0.464844	86.660004	-203.979996	31.360001	0.00	0.000000	0.000000
8.33	5.50	6.00	7.25	8.25	2.00	6.00	0.00	3.25	0.00	0.00	1.25	2.50	2.75	2.25	0.25	3.00	-0.207520	0.132324	0.970703	1.330000	3.640000	-0.630000	522.00	-0.152265	-0.142219	0.00	0.00	0.00	0.00	0.00	0.00	0.00	0.00	0.00	0.00	0.00	0.00	0.00	0.00	0.00	0.00	-0.190430	0.098633	0.672852	83.930000	-202.160004	40.810001	0.00	0.000000	0.000000
8.34	5.50	5.75	6.75	8.00	1.75	5.75	0.00	3.25	0.00	0.25	1.50	2.00	3.25	2.50	0.25	3.00	-0.210938	0.133301	0.963867	1.820000	3.710000	-0.490000	512.00	-0.143982	-0.143205	0.00	0.00	0.25	0.00	0.00	0.00	0.00	0.00	0.00	0.00	0.00	0.00	0.00	0.00	0.00	0.00	-0.234375	0.070801	0.865234	64.120003	-210.210007	53.619999	3.00	0.000000	0.000000
8.35	5.25	5.50	6.50	7.75	1.75	5.75	0.00	3.25	0.00	0.00	1.50	2.50	3.25	2.25	0.00	3.00	-0.210938	0.125488	0.963867	2.100000	3.640000	-0.350000	500.00	-0.143469	-0.149626	0.00	0.00	0.00	0.00	0.00	0.00	0.00	0.00	0.00	0.00	0.00	0.00	0.00	0.00	0.00	0.00	-0.296387	0.086914	1.020508	27.230000	-235.199997	75.110001	0.00	0.000000	0.000000
8.36	5.50	5.50	6.25	7.75	1.75	6.00	0.00	3.50	0.00	0.00	1.50	3.00	3.50	2.50	0.00	3.00	-0.209473	0.133301	0.970215	2.310000	3.640000	-0.350000	515.00	-0.135976	-0.153510	0.00	0.00	0.00	0.00	0.00	0.00	0.00	0.00	0.00	0.00	0.00	0.00	0.00	0.00	0.00	0.00	-0.354492	0.115234	1.029785	12.880000	-252.910004	86.379997	0.00	0.000000	0.000000
8.37	5.25	5.50	6.25	7.75	1.75	6.00	0.00	3.75	0.00	0.25	1.50	3.25	4.00	2.25	0.50	3.25	-0.211426	0.138184	0.959961	2.590000	3.500000	-0.210000	531.00	-0.123280	-0.159683	0.00	0.00	0.00	0.00	0.00	0.00	0.00	0.00	0.00	0.00	0.00	0.00	0.00	0.00	0.00	0.00	-0.396484	0.118164	1.007812	10.220000	-266.839996	93.449997	0.00	0.000000	0.000000
8.38	5.25	5.50	6.25	7.75	2.00	6.50	0.00	3.75	0.00	0.25	1.50	3.75	4.00	2.50	0.50	3.25	-0.215820	0.134766	0.968262	3.150000	3.570000	-0.280000	546.00	-0.118287	-0.159694	0.00	0.00	0.00	0.00	0.00	0.00	0.00	0.00	0.00	0.00	0.00	0.00	0.00	0.00	0.00	0.00	-0.443359	0.101562	1.008789	17.639999	-275.589996	96.599998	0.00	0.000000	0.000000
8.39	5.50	6.00	6.50	8.00	2.00	7.00	0.00	4.25	0.00	0.25	2.00	3.75	3.75	2.25	0.50	3.25	-0.212891	0.131836	0.968750	3.430000	3.710000	-0.280000	573.00	-0.122330	-0.161502	0.00	0.00	0.00	0.00	0.00	0.00	0.00	0.00	0.00	0.00	0.00	0.00	0.00	0.00	0.00	0.00	-0.488770	0.066895	1.023438	29.400000	-280.209991	96.389999	0.00	0.000000	0.000000
8.40	5.50	5.75	6.50	7.75	2.00	7.00	0.00	4.75	0.00	0.50	2.50	4.25	4.25	2.00	0.50	3.50	-0.213379	0.136719	0.956543	3.710000	3.850000	-0.210000	592.00	-0.110072	-0.167710	0.00	0.00	0.00	0.00	0.00	0.00	0.00	0.00	0.00	0.00	0.00	0.00	0.00	0.25	0.00	0.00	-0.519043	0.026855	1.086426	39.830002	-281.890015	93.870003	2.00	0.000000	0.000000
8.41	5.25	5.50	6.50	7.75	2.25	7.00	0.00	5.00	0.00	0.50	2.75	4.50	4.75	2.50	0.50	3.75	-0.211426	0.138672	0.967285	3.640000	4.270000	-0.210000	609.00	-0.097613	-0.169590	0.00	0.00	0.00	0.00	0.00	0.00	0.00	0.00	0.00	0.00	0.00	0.00	0.00	0.25	0.00	0.00	-0.559082	-0.004395	1.217773	48.439999	-283.220001	87.010002	2.00	0.000000	0.000000
8.42	5.25	5.50	6.50	7.75	2.25	7.00	0.00	5.25	0.00	0.50	3.00	5.00	5.25	2.75	0.50	4.00	-0.210938	0.138672	0.965332	3.010000	4.550000	0.000000	629.00	-0.088625	-0.172913	0.00	0.00	0.00	0.00	0.00	0.00	0.00	0.00	0.00	0.00	0.00	0.00	0.00	0.00	0.00	0.00	-0.574219	-0.010254	1.286133	48.580002	-285.179993	81.900002	0.00	0.000000	0.000000
8.43	5.25	5.50	6.50	7.75	2.25	7.25	0.00	5.50	0.00	0.75	3.50	5.75	5.50	3.00	0.50	4.25	-0.212891	0.135742	0.966309	2.800000	4.830000	0.140000	657.00	-0.077652	-0.174784	0.00	0.00	0.00	0.00	0.00	0.00	0.00	0.00	0.00	0.00	0.00	0.00	0.00	0.00	0.00	0.00	-0.597168	-0.005859	1.368164	46.130001	-287.769989	76.440002	0.00	0.000000	0.000000
8.44	5.25	5.25	6.50	7.75	2.50	7.50	0.00	5.75	0.00	1.00	4.00	5.75	6.00	3.25	0.75	4.50	-0.216309	0.137695	0.967285	2.800000	4.830000	0.140000	682.00	-0.067244	-0.174746	0.00	0.00	0.00	0.00	0.00	0.00	0.00	0.00	0.00	0.00	0.00	0.00	0.00	0.00	0.00	0.00	-0.617676	0.018066	1.460938	44.450001	-291.130005	71.680000	0.00	0.000000	0.000000
8.45	5.25	5.25	6.50	8.00	2.50	7.50	0.00	6.00	0.00	1.25	4.25	6.25	6.25	3.50	1.00	4.75	-0.214355	0.151367	0.969727	2.450000	4.900000	0.000000	707.00	-0.058775	-0.175652	0.00	0.00	0.00	0.00	0.00	0.00	0.00	0.00	0.00	0.00	0.00	0.00	0.00	0.00	0.00	0.00	-0.654785	0.065918	1.629395	43.189999	-299.390015	65.660004	0.00	0.000000	0.000000
8.46	5.25	5.00	6.50	7.75	2.75	7.75	0.00	6.25	0.00	1.50	5.25	7.25	7.00	4.00	1.00	4.75	-0.211914	0.147461	0.978516	2.520000	5.250000	-0.140000	746.00	-0.043682	-0.176579	0.00	0.00	0.00	0.00	0.00	0.00	0.00	0.00	0.00	0.00	0.00	0.00	0.00	0.00	0.00	0.00	-0.684082	0.096191	1.729980	42.000000	-307.089996	62.860001	0.00	0.000000	0.000000
8.47	4.00	5.25	6.25	7.25	2.75	7.75	0.00	6.50	0.00	2.25	5.50	7.50	7.25	5.25	1.25	5.25	-0.221191	0.143066	0.980469	2.800000	4.900000	-0.490000	762.00	-0.021296	-0.176860	0.00	0.00	0.00	0.00	0.00	0.00	0.00	0.00	0.00	0.00	0.00	0.00	0.00	0.00	0.00	0.00	-0.721680	0.171387	1.846191	39.549999	-315.769989	62.230000	0.00	0.000000	0.000000
8.48	4.00	4.75	5.75	6.75	2.75	7.50	0.00	6.75	0.00	2.50	6.25	7.50	7.75	6.00	1.25	5.50	-0.212402	0.134766	0.977539	3.430000	5.110000	-0.770000	770.00	-0.006004	-0.176704	0.00	0.00	0.00	0.00	0.00	0.00	0.00	0.00	0.00	0.00	0.00	0.00	0.00	0.00	0.00	0.00	-0.809082	0.232910	1.976562	34.509998	-325.709991	64.610001	0.00	0.000000	0.000000
8.49	3.25	4.00	5.00	6.25	2.75	7.25	0.00	6.50	0.00	3.00	6.75	8.00	8.50	6.25	2.00	5.75	-0.221191	0.138672	0.971680	3.710000	5.740000	-0.980000	769.00	0.019340	-0.180303	0.00	0.00	0.00	0.00	0.00	0.00	0.00	0.00	0.00	0.00	0.00	0.00	0.00	0.00	0.00	0.00	-0.931152	0.312012	2.093750	26.040001	-336.769989	69.650002	0.00	0.000000	0.000000
8.50	2.25	3.25	4.00	5.50	2.50	7.00	0.00	6.75	0.25	3.25	7.00	8.75	9.00	7.00	2.50	6.00	-0.224121	0.146484	0.976562	4.060000	6.580000	-1.120000	764.00	0.049295	-0.185754	0.00	0.00	0.00	0.00	0.00	0.00	0.00	0.00	0.00	0.00	0.00	0.00	0.00	0.00	0.00	0.00	-1.119629	0.403320	2.170898	12.880000	-347.269989	76.720001	0.00	0.000000	0.000000
8.51	2.00	3.00	3.25	4.75	2.50	6.50	0.00	6.75	0.00	3.75	8.00	10.00	9.25	7.50	2.75	6.50	-0.229004	0.149902	0.973633	5.040000	7.210000	-1.400000	774.00	0.070727	-0.188798	0.00	0.00	0.00	0.00	0.00	0.00	0.00	0.00	0.00	0.00	0.00	0.00	0.00	0.00	0.00	0.00	-1.298828	0.456055	2.161133	-0.840000	-354.130005	84.559998	0.00	0.000000	0.000000
8.52	1.25	2.25	2.25	3.25	2.00	6.00	0.00	6.75	0.00	4.25	8.50	10.50	9.75	9.00	3.00	6.50	-0.213379	0.156738	0.971680	5.670000	8.260000	-1.400000	757.00	0.106520	-0.190094	0.00	0.00	0.00	0.00	0.00	0.00	0.00	0.00	0.00	0.00	0.00	0.00	0.00	0.00	0.00	0.00	-1.631348	0.469727	2.055176	2.240000	-355.250000	88.410004	0.00	0.000000	0.000000
8.53	0.75	1.75	1.75	2.25	1.50	5.50	0.00	6.75	0.25	4.00	9.25	10.75	10.25	10.50	3.00	6.75	-0.204102	0.163086	0.982910	6.230000	9.380000	-1.680000	749.00	0.133222	-0.189090	0.00	0.00	0.00	0.00	0.00	0.00	0.00	0.00	0.00	0.00	0.00	0.00	0.00	0.00	0.00	0.00	-1.860352	0.479004	1.886719	8.750000	-349.440002	81.760002	0.00	0.000000	0.000000
8.54	0.25	0.75	1.50	1.25	1.00	5.00	0.00	6.75	0.25	4.50	9.75	12.00	10.75	11.25	3.50	7.00	-0.229004	0.144531	0.966309	6.790000	10.780000	-2.100000	751.00	0.162859	-0.190689	0.00	0.00	0.00	0.00	0.00	0.00	0.00	0.00	0.00	0.00	0.00	0.00	0.00	0.00	0.00	0.00	-2.066895	0.477539	1.660156	19.460001	-336.630005	71.120003	0.00	0.000000	0.000000
8.55	0.25	0.25	0.50	0.75	1.00	4.50	0.00	6.75	0.25	4.75	10.75	13.50	11.25	12.50	3.50	7.50	-0.229004	0.148438	0.971680	7.000000	12.600000	-2.380000	771.00	0.184167	-0.191206	0.00	0.00	0.00	0.00	0.00	0.00	0.00	0.00	0.00	0.00	0.00	0.00	0.00	0.00	0.00	0.00	-2.219727	0.461914	1.341309	32.970001	-316.890015	58.380001	0.00	0.000000	0.000000
8.56	0.25	0.25	0.25	0.25	0.50	4.00	0.00	6.75	0.25	5.25	11.25	13.75	11.75	13.00	3.75	7.50	-0.212402	0.153809	0.979492	7.490000	15.190001	-3.150000	776.00	0.196335	-0.190444	0.00	0.00	0.00	0.00	0.00	0.00	0.00	0.00	0.00	0.00	0.00	0.00	0.00	0.25	0.00	0.00	-2.320312	0.440918	1.010254	49.560001	-290.149994	44.380001	2.00	0.000000	0.000000
8.57	0.25	0.25	0.25	0.25	0.00	3.25	0.00	6.50	0.50	5.50	12.50	14.75	12.75	14.50	4.00	7.50	-0.206055	0.177246	0.954102	10.010000	18.969999	-6.580000	812.00	0.207797	-0.184603	0.00	0.00	0.00	0.00	0.00	0.00	0.00	0.00	0.00	0.00	0.00	0.00	0.00	0.00	0.00	0.00	-2.419434	0.273926	0.525391	92.330002	-238.000000	31.360001	0.00	0.000000	0.000000
8.58	0.25	0.25	0.00	0.25	0.00	3.25	0.00	6.50	0.50	5.75	13.00	15.50	13.00	16.00	5.00	8.00	-0.219238	0.176270	0.985840	14.630000	34.650002	-7.280000	853.00	0.215474	-0.179776	0.00	0.00	0.00	0.00	0.00	0.00	0.00	0.00	0.00	0.00	0.00	0.00	0.00	0.00	0.00	0.00	-2.446289	0.052734	0.239746	125.580002	-197.399994	29.610001	0.00	0.000000	0.000000
8.59	0.25	0.00	0.00	0.25	0.00	2.50	0.00	6.25	0.50	6.25	13.50	15.75	13.75	17.00	5.00	8.25	-0.242188	0.148926	1.004395	17.850000	41.090000	-7.560000	868.00	0.223611	-0.175331	0.00	0.00	0.00	0.00	0.00	0.00	0.00	0.00	0.00	0.00	0.00	0.00	0.00	0.00	0.00	0.00	-2.534668	-0.182617	0.055664	156.940002	-154.979996	33.180000	0.00	0.000000	0.000000
8.60	0.25	0.00	0.00	0.25	0.00	1.50	0.00	5.75	0.75	6.75	14.25	16.50	14.00	19.00	5.00	8.25	-0.247070	0.152344	1.021484	23.100000	49.349998	-6.790000	893.00	0.233768	-0.163767	0.00	0.00	0.00	0.00	0.00	0.00	0.00	0.00	0.00	0.00	0.00	0.00	0.00	0.00	0.00	0.00	-2.768555	-0.394043	0.009766	172.130005	-113.610001	37.939999	0.00	0.000000	0.000000
8.61	0.00	0.25	0.25	0.25	0.00	1.00	0.00	5.50	0.75	6.75	14.75	16.50	14.75	20.25	5.00	8.50	-0.250488	0.155273	1.005371	26.180000	56.349998	-6.580000	910.00	0.237519	-0.160251	0.00	0.00	0.00	0.00	0.00	0.00	0.00	0.00	0.00	0.00	0.00	0.00	0.00	0.00	0.00	0.00	-2.888672	-0.559570	-0.011719	152.250000	-72.730003	35.349998	0.00	0.000000	0.000000
8.62	0.25	0.25	0.00	0.25	0.00	0.75	0.00	5.00	0.75	6.75	15.50	17.25	14.75	21.50	5.50	9.25	-0.248047	0.167480	1.037109	28.000000	64.120003	-7.210000	936.00	0.243542	-0.155195	0.00	0.00	0.00	0.00	0.00	0.00	0.00	0.00	0.00	0.00	0.00	0.00	0.00	0.00	0.00	0.00	-2.754883	-0.655762	-0.078613	99.330002	-30.309999	23.940001	0.00	0.000000	0.000000
8.63	0.25	1.00	0.25	0.25	0.00	0.25	0.00	4.50	1.00	7.25	15.75	18.50	15.00	24.00	5.50	9.25	-0.253906	0.169922	1.044434	28.840000	73.779999	-7.700000	980.00	0.244626	-0.144719	0.00	0.00	0.00	0.00	0.00	0.00	0.00	0.00	0.00	0.00	0.00	0.00	0.00	0.00	0.00	0.00	-2.381348	-0.522949	0.044922	0.350000	38.360001	-5.110000	0.00	0.000000	0.000000
8.64	0.25	0.75	0.00	0.25	0.00	0.25	0.00	4.00	1.50	7.50	16.50	19.25	14.75	25.00	6.00	9.50	-0.309570	0.191406	1.031738	29.190001	83.580002	-9.030000	1005.00	0.251721	-0.137629	0.00	0.00	0.00	0.00	0.00	0.00	0.00	0.00	0.00	0.00	0.00	0.00	0.00	0.00	0.00	0.00	-2.103516	-0.254883	0.288086	-43.049999	79.449997	-26.040001	0.00	0.000000	0.000000
8.65	0.00	0.25	0.00	0.00	0.00	0.25	0.00	3.25	1.50	7.75	16.50	19.50	14.25	26.00	6.25	10.25	-0.330078	0.212891	1.006836	28.630001	97.440002	-9.800000	1000.00	0.263413	-0.131370	0.00	0.00	0.00	0.00	0.00	0.00	0.00	0.00	0.00	0.00	0.00	0.00	0.00	0.00	0.00	0.00	-1.840820	-0.013672	0.578613	-57.750000	109.059998	-41.509998	0.00	0.000000	0.000000
8.66	0.00	0.25	0.00	0.00	0.00	0.25	0.00	2.75	1.50	8.00	16.50	19.00	13.75	27.25	6.25	10.75	-0.333984	0.231445	1.047852	29.400000	107.239998	-12.950000	999.00	0.268014	-0.123782	0.00	0.00	0.25	0.00	0.00	0.00	0.00	0.00	0.00	0.00	0.00	0.00	0.00	0.00	0.00	0.00	1.423828	-1.219238	6.116699	-88.340004	264.040009	-29.820000	3.00	0.000000	0.000000
8.67	0.00	0.25	0.00	0.25	0.00	0.00	0.00	2.50	1.75	8.00	16.75	18.50	13.50	28.75	6.50	11.00	-0.363281	0.206543	1.095703	31.430000	120.750000	-15.330000	1010.00	0.271397	-0.116052	0.50	0.25	0.75	0.50	0.00	0.00	0.00	0.00	0.00	0.00	0.00	0.00	0.00	0.00	0.00	0.00	1.179688	0.361328	1.500488	-199.710007	152.180008	-11.480000	21.00	0.000000	0.000000
8.68																										1.75	3.50	2.25	1.50	0.00	0.00	0.00	0.00	0.00	0.00	0.00	0.00	0.00	0.00	0.00	0.00	0.096680	0.216309	-0.103027	-181.020004	129.220001	-12.040000	92.00	-0.349643	-0.052689
8.69	0.00	0.25	0.00	0.00	0.00	0.00	0.00	2.00	1.75	8.25	16.50	18.25	12.25	29.00	6.50	11.25	-0.375000	0.205566	1.183105	26.180000	136.710007	-19.530001	990.00	0.276872	-0.108538	4.25	5.50	3.00	3.50	0.00	0.00	0.00	0.00	0.00	0.00	0.00	0.00	0.00	0.00	0.00	0.00	0.097168	-0.271973	0.131836	-209.229996	233.940002	-9.590000	166.00	-0.353009	-0.055687
8.70	0.00	0.25	0.00	0.25	0.00	0.25	0.00	1.75	1.50	8.75	15.75	17.50	11.25	29.25	6.75	12.00	-0.375488	0.232910	1.039551	21.490000	153.369995	-22.120001	978.00	0.278013	-0.104044	5.25	6.50	4.00	4.25	0.00	0.00	0.00	0.00	0.00	0.00	0.00	0.00	0.00	0.00	0.00	0.00	-0.195312	0.179199	1.356934	-181.930008	260.750000	-0.420000	205.00	-0.351027	-0.051249
8.71	0.00	0.00	0.00	0.00	0.00	0.00	0.00	1.25	1.75	9.00	15.25	16.00	8.75	27.75	6.75	12.00	-0.459473	0.251953	1.126465	22.820000	196.279999	-28.000000	913.00	0.287191	-0.090856	6.50	7.50	5.00	5.00	0.00	0.00	0.00	0.00	0.00	0.00	0.00	0.00	0.00	0.00	0.00	0.00	-0.412109	0.141113	1.661133	-113.330002	237.369995	30.799999	247.00	-0.350239	-0.046580
8.72	0.00	0.25	0.00	0.00	0.00	0.00	0.00	1.00	1.75	9.25	14.25	15.00	8.25	26.00	6.75	11.75	-0.516113	0.209961	1.230469	23.730000	235.619995	-34.020000	872.00	0.286528	-0.088904	8.25	8.75	5.25	6.00	0.00	0.00	0.00	0.00	0.00	0.00	0.00	0.00	0.00	0.00	0.00	0.00	-0.484375	-0.375000	1.323730	-56.840000	219.800003	49.980000	290.00	-0.353010	-0.047054
8.73	0.00	0.00	0.00	0.00	0.00	0.00	0.00	1.00	2.00	9.25	13.25	13.50	7.75	24.25	6.50	11.50	-0.579102	0.456055	1.283203	22.540001	267.119995	-40.389999	824.00	0.288494	-0.085445	9.50	9.25	6.00	6.50	0.00	0.00	0.00	0.00	0.00	0.00	0.00	0.00	0.00	0.00	0.00	0.00	-0.424316	-0.594238	1.210449	-33.950001	220.080002	41.020000	322.00	-0.352555	-0.041973
8.74	0.00	0.00	0.00	0.00	0.00	0.00	0.00	1.00	2.00	9.00	11.75	11.75	6.50	22.00	6.50	10.75	-0.547852	0.453125	1.538086	29.820000	303.309998	-57.330002	753.00	0.290122	-0.080221	9.75	9.75	6.50	7.00	0.00	0.00	0.00	0.00	0.00	0.00	0.00	0.00	0.00	0.00	0.00	0.00	-0.349121	-0.821777	1.245117	-28.840000	220.290009	0.490000	340.00	-0.351333	-0.043304
8.75	0.00	0.00	0.00	0.00	0.00	0.00	0.00	0.75	2.00	8.00	10.25	9.75	5.75	19.75	5.75	9.25	-0.636719	0.262695	1.676758	22.190001	332.779999	-69.930000	660.00	0.292192	-0.073787	10.25	10.50	6.75	7.50	0.00	0.00	0.00	0.00	0.00	0.00	0.00	0.00	0.00	0.00	0.00	0.00	-0.551758	-0.703125	1.491699	-35.560001	215.040009	-35.420002	360.00	-0.351699	-0.045211
8.76	0.00	0.00	0.00	0.00	0.00	0.00	0.00	0.75	2.00	7.50	8.00	8.50	5.00	16.75	4.75	7.75	-0.712891	0.601074	1.557129	4.900000	355.600006	-77.279999	567.00	0.290249	-0.071422	11.75	11.75	9.50	10.25	0.00	0.50	0.00	0.00	0.00	0.00	0.00	0.00	0.00	0.00	0.00	0.00	-4.173340	4.243164	14.987793	-72.449997	297.429993	-35.000000	454.00	-0.342627	-0.048586
8.77	0.00	0.00	0.00	0.00	0.00	0.00	0.00	0.50	1.75	6.25	6.00	6.00	4.25	14.25	3.75	6.00	-0.858887	0.331543	1.625977	20.299999	383.739990	-89.599998	452.00	0.294077	-0.060753	13.00	12.25	13.00	12.75	0.50	3.25	0.00	1.00	0.00	0.00	0.00	0.00	0.25	0.00	0.00	0.00	-1.354980	1.931641	2.265137	45.360001	29.889999	9.660000	591.00	-0.314814	-0.065825
8.78	0.00	0.00	0.00	0.00	0.00	0.00	0.00	0.25	1.50	5.25	3.25	3.25	3.00	11.00	2.75	4.25	-0.855957	0.776855	2.080566	50.610001	415.380005	-95.480003	318.00	0.302174	-0.036724	13.50	12.00	14.50	13.50	1.50	5.50	0.00	1.75	0.00	0.00	0.00	0.00	0.75	0.00	0.00	0.00	-0.295898	0.398438	0.758789	-9.800000	83.860001	10.640000	670.00	-0.296238	-0.075811
8.79	0.00	0.00	0.00	0.00	0.00	0.00	0.00	0.00	1.25	3.00	1.25	1.25	2.25	7.00	1.75	2.50	-1.205078	0.263184	2.485352	42.420002	419.019989	-112.699997	185.00	0.312041	-0.016868	12.50	11.50	14.75	13.50	1.75	5.75	0.00	2.25	0.00	0.00	0.00	0.25	1.00	0.00	0.00	0.00	-0.292969	0.042969	1.395508	4.900000	52.990002	9.100000	675.00	-0.285705	-0.083236
8.80																										11.75	11.00	14.25	13.25	1.75	6.25	0.00	2.50	0.00	0.00	0.00	0.50	1.50	0.00	0.00	0.25	-0.185059	0.145020	1.104004	7.910000	35.000000	5.950000	672.00	-0.274799	-0.092760
8.81	0.00	0.00	0.00	0.00	0.00	0.00	0.00	0.00	1.25	1.25	1.25	1.25	0.75	4.25	0.75	0.75	-0.788086	0.979492	2.132812	47.810001	436.730011	-115.639999	110.00	0.305915	0.012735	11.50	10.75	14.00	13.50	2.25	6.50	0.00	2.75	0.00	0.00	0.25	0.75	2.00	0.50	0.00	0.50	-0.252441	0.105957	1.059082	9.940000	20.090000	5.180000	694.00	-0.258884	-0.097580
8.82	0.00	0.00	0.00	0.00	0.00	0.00	0.00	0.25	0.75	0.75	1.00	0.75	0.25	1.75	0.50	0.75	-0.865234	0.793457	2.049805	84.910004	433.019989	-133.770004	66.00	0.279138	-0.028945	11.50	11.00	14.75	13.75	3.00	7.00	0.00	3.00	0.00	0.00	0.50	0.75	2.25	0.50	0.00	0.50	-0.252930	0.140137	1.082520	7.630000	13.930000	3.500000	730.00	-0.252971	-0.098326
8.83	0.00	0.00	0.00	0.00	0.00	0.00	0.00	0.00	0.50	0.75	1.00	0.75	0.50	1.50	0.75	0.50	-0.724609	0.608887	1.834473	82.459999	409.709991	-150.149994	60.00	0.293888	-0.041211	11.25	11.25	14.50	13.50	3.00	7.00	0.00	3.00	0.00	0.00	0.50	1.00	2.25	0.75	0.00	1.00	-0.238770	0.132324	1.014160	4.130000	7.000000	2.240000	732.00	-0.246896	-0.100220
8.84	0.00	0.00	0.00	0.00	0.00	0.00	0.00	0.00	0.25	0.50	0.50	0.25	0.25	1.25	0.00	0.50	0.018066	0.964844	1.570312	77.349998	392.140015	-175.630005	32.00	0.000000	0.000000	11.75	11.50	14.25	13.25	3.00	6.75	0.00	3.00	0.00	0.00	0.50	1.00	2.00	1.00	0.00	1.25	-0.230469	0.145508	1.018555	0.630000	5.810000	1.540000	732.00	-0.246850	-0.097083
8.85																										11.75	11.00	14.75	13.00	3.25	6.75	0.00	2.75	0.00	0.00	0.50	1.00	2.25	1.25	0.00	1.00	-0.216309	0.132812	0.976074	-1.610000	3.360000	0.980000	732.00	-0.244515	-0.092503
8.86	0.00	0.25	0.25	0.00	0.00	0.00	0.00	0.00	0.00	0.25	0.00	0.25	0.25	0.50	0.00	0.00	-0.098145	1.018555	1.691895	145.880005	328.720001	-210.839996	17.00	0.000000	0.000000	11.50	11.00	14.00	12.50	3.25	6.50	0.00	2.75	0.00	0.00	0.50	1.25	2.25	1.25	0.00	1.25	-0.203125	0.138184	0.972656	-2.170000	3.990000	0.840000	717.00	-0.240904	-0.094820
8.87	0.25	0.00	0.25	0.00	0.00	0.00	0.00	0.00	0.00	0.00	0.00	0.25	0.00	0.25	0.00	0.00	1.032227	0.562012	2.845703	119.910004	-32.549999	-170.729996	10.00	0.000000	0.000000	11.25	10.75	13.50	12.25	3.25	6.50	0.00	2.75	0.00	0.00	0.75	1.25	2.00	1.50	0.25	1.25	-0.215332	0.143555	0.970215	-2.800000	4.690000	0.490000	709.00	-0.234532	-0.094370
8.88	0.25	0.00	0.00	0.00	0.00	0.00	0.00	0.00	0.00	0.00	0.00	0.25	0.00	0.25	0.00	0.00	0.703613	0.296875	2.228516	28.420000	-171.639999	-129.360001	7.00	0.000000	0.000000	11.25	10.50	13.00	12.00	3.25	6.25	0.00	2.50	0.00	0.00	0.75	1.00	2.00	1.75	0.00	1.75	-0.225098	0.142578	0.973145	-3.290000	5.390000	0.140000	692.00	-0.234813	-0.092061
8.89	0.25	0.00	0.00	0.00	0.00	0.00	0.00	0.00	0.00	0.00	0.00	0.00	0.00	0.25	0.00	0.00	0.486328	0.223633	1.302246	-66.639999	-242.550003	-103.599998	5.00	0.000000	0.000000	10.75	10.25	12.50	11.75	3.25	6.25	0.00	2.50	0.00	0.00	0.75	1.00	1.75	2.25	0.00	1.75	-0.220703	0.134277	0.994629	-3.640000	5.530000	-0.000000	678.00	-0.229670	-0.091424
8.90	0.00	0.25	0.00	0.00	0.00	0.00	0.00	0.00	0.00	0.00	0.00	0.25	0.00	0.25	0.00	0.00	0.281250	0.387695	0.622070	-120.680000	-264.459991	-94.080002	7.00	0.000000	0.000000	10.25	10.00	12.25	11.25	3.00	6.00	0.00	2.25	0.00	0.00	0.75	1.00	1.75	2.00	0.00	1.75	-0.224609	0.144531	0.992188	-3.710000	4.830000	-0.000000	651.00	-0.231121	-0.091412
8.91	0.25	0.25	0.00	0.00	0.00	0.00	0.00	0.00	0.00	0.00	0.00	0.00	0.00	0.50	0.00	0.00	0.233887	0.442871	0.507812	-112.489998	-262.149994	-93.590004	9.00	0.000000	0.000000	10.00	9.50	11.50	10.75	3.25	5.75	0.00	2.25	0.00	0.00	0.75	1.50	1.75	2.25	0.25	1.50	-0.221191	0.139160	0.985352	-3.780000	4.200000	0.210000	639.00	-0.220879	-0.091755
8.92																										9.50	9.25	11.00	10.25	3.25	5.75	0.00	2.25	0.00	0.00	0.75	1.25	1.75	2.00	0.25	1.75	-0.220703	0.135742	0.980957	-3.360000	4.060000	0.210000	617.00	-0.220363	-0.094162
8.93	0.00	0.00	0.00	0.00	0.00	0.00	0.00	0.00	0.00	0.00	0.00	0.00	0.00	0.25	0.00	0.00	0.192871	0.533203	0.308594	-38.009998	-249.550003	-93.239998	2.00	0.000000	0.000000	9.50	9.00	10.75	10.25	3.00	5.50	0.00	2.00	0.00	0.00	0.75	1.25	1.50	2.00	0.25	1.75	-0.227051	0.128906	0.990234	-2.940000	4.480000	0.350000	600.00	-0.222870	-0.091426
8.94	0.00	0.00	0.00	0.00	0.00	0.00	0.00	0.00	0.00	0.00	0.00	0.00	0.00	0.50	0.00	0.00	0.147949	0.491211	0.326172	26.250000	-240.940002	-88.760002	4.00	0.000000	0.000000	9.00	8.50	10.25	9.75	3.00	5.25	0.00	2.00	0.00	0.00	0.75	1.50	1.50	2.00	0.00	1.75	-0.225098	0.127930	0.983887	-2.380000	4.060000	0.350000	577.00	-0.219907	-0.093226
8.95	0.00	0.00	0.00	0.00	0.00	0.00	0.00	0.00	0.00	0.00	0.00	0.00	0.00	0.25	0.00	0.00	0.107910	0.389648	0.426758	67.760002	-234.639999	-79.870003	2.00	0.000000	0.000000	8.50	8.00	9.75	9.25	2.75	5.25	0.00	2.00	0.00	0.00	0.75	1.25	1.50	2.00	0.00	1.75	-0.216309	0.134277	0.978516	-1.960000	3.920000	0.420000	550.00	-0.217926	-0.094856
8.96	0.00	0.25	0.00	0.00	0.00	0.00	0.00	0.00	0.00	0.00	0.00	0.00	0.00	0.50	0.00	0.00	0.057129	0.323730	0.550781	78.680000	-231.559998	-65.169998	7.00	0.000000	0.000000	7.75	8.00	9.25	9.25	2.50	5.50	0.00	2.00	0.00	0.25	0.75	1.00	1.50	1.75	0.25	1.75	-0.222168	0.128418	0.978027	-1.750000	4.340000	0.280000	537.00	-0.214208	-0.100675
8.97	0.00	0.25	0.00	0.00	0.00	0.00	0.00	0.00	0.00	0.00	0.00	0.00	0.00	0.50	0.00	0.00	0.016602	0.322266	0.667480	65.590004	-230.720001	-44.099998	7.00	0.000000	0.000000	7.75	7.75	9.00	8.75	2.50	5.25	0.00	2.00	0.00	0.00	1.00	1.25	1.50	2.50	0.25	1.75	-0.226074	0.136230	0.974121	-1.750000	5.320000	-0.140000	533.00	-0.203083	-0.097737
8.98	0.00	0.25	0.00	0.00	0.00	0.00	0.00	0.00	0.00	0.00	0.00	0.00	0.00	0.25	0.00	0.00	-0.018555	0.384766	0.759277	45.849998	-232.680008	-18.760000	4.00	0.000000	0.000000	7.50	7.50	8.75	8.50	2.25	5.00	0.00	2.00	0.00	0.00	0.75	1.25	1.75	2.50	0.25	1.75	-0.232910	0.129395	0.982910	-1.470000	5.390000	-0.140000	517.00	-0.201635	-0.100158
8.99	0.00	0.25	0.00	0.00	0.00	0.00	0.00	0.00	0.00	0.00	0.00	0.00	0.00	0.00	0.00	0.00	-0.075195	0.474609	0.870605	40.599998	-241.500000	21.840000	2.00	0.000000	0.000000	7.25	7.00	8.25	8.00	2.50	5.00	0.00	2.25	0.00	0.25	0.75	1.75	1.75	2.25	0.25	1.75	-0.229004	0.128418	0.973633	-1.190000	5.390000	-0.000000	511.00	-0.191305	-0.104995
9.00	0.00	0.00	0.00	0.00	0.00	0.00	0.00	0.00	0.00	0.00	0.00	0.00	0.00	0.00	0.00	0.00	-0.126465	0.472168	0.933594	55.020000	-249.410004	46.549999	0.00	0.000000	0.000000	6.75	6.75	7.75	7.75	2.50	5.00	0.00	2.25	0.00	0.25	1.00	1.75	1.75	2.25	0.50	1.75	-0.229980	0.132812	0.978027	-0.700000	5.390000	-0.000000	500.00	-0.181389	-0.108373
9.01	0.00	0.00	0.00	0.00	0.00	0.00	0.00	0.00	0.00	0.00	0.00	0.00	0.00	0.00	0.00	0.00	-0.193848	0.402344	0.994629	73.430000	-256.619995	68.250000	0.00	0.000000	0.000000	6.75	6.75	7.50	7.50	2.50	5.00	0.00	2.50	0.00	0.25	1.25	1.75	2.00	2.25	0.50	2.00	-0.229980	0.130859	0.975098	-0.350000	5.810000	0.280000	505.00	-0.173996	-0.113077
9.02	0.00	0.00	0.00	0.00	0.00	0.00	0.00	0.00	0.00	0.00	0.00	0.00	0.00	0.00	0.00	0.00	-0.253906	0.299805	1.060059	85.889999	-261.660004	85.889999	0.00	0.000000	0.000000	6.50	6.75	7.25	7.75	2.25	5.00	0.00	2.50	0.00	0.50	1.50	1.75	2.00	2.50	0.50	2.00	-0.227539	0.131348	0.961914	-0.140000	5.950000	0.280000	507.00	-0.166542	-0.114761
9.03	0.00	0.25	0.00	0.00	0.00	0.00	0.00	0.00	0.00	0.00	0.00	0.00	0.00	0.00	0.00	0.00	-0.315430	0.222168	1.146484	92.120003	-266.209991	98.980003	2.00	0.000000	0.000000	6.50	6.50	6.75	7.50	2.50	5.25	0.00	2.75	0.00	0.50	1.50	1.75	2.00	3.00	0.50	2.25	-0.238770	0.131836	0.974121	0.140000	6.510000	0.070000	511.00	-0.156010	-0.116218
9.04	0.25	0.00	0.00	0.00	0.00	0.00	0.00	0.00	0.00	0.00	0.00	0.00	0.00	0.00	0.00	0.00	-0.381348	0.156250	1.237793	95.760002	-270.970001	107.309998	3.00	0.000000	0.000000	6.25	6.50	7.00	7.50	2.50	5.25	0.00	2.75	0.00	0.50	1.75	2.00	2.25	3.00	0.50	2.25	-0.234863	0.132812	0.979004	-0.000000	6.650000	-0.210000	519.00	-0.150224	-0.118588
9.05	0.00	0.25	0.00	0.00	0.00	0.00	0.00	0.00	0.00	0.00	0.00	0.00	0.00	0.00	0.00	0.00	-0.451660	0.096680	1.334473	99.680000	-275.730011	111.020004	2.00	0.000000	0.000000	6.25	6.25	7.00	7.50	3.00	5.25	0.00	3.00	0.00	0.75	2.00	2.50	2.25	3.00	0.75	2.25	-0.241211	0.140625	0.973145	-0.280000	6.370000	-0.420000	539.00	-0.137906	-0.119141
9.06	0.00	0.00	0.00	0.00	0.00	0.00	0.00	0.00	0.00	0.00	0.00	0.00	0.00	0.00	0.00	0.00	-0.568848	0.015137	1.463867	108.849998	-282.029999	108.919998	0.00	0.000000	0.000000	5.75	6.25	7.00	7.00	3.00	5.50	0.00	3.25	0.00	0.75	2.25	2.50	2.75	3.00	0.75	2.75	-0.244141	0.138184	0.971680	-0.630000	6.090000	-0.700000	544.00	-0.126382	-0.126599
9.07	0.00	0.00	0.00	0.00	0.00	0.00	0.00	0.00	0.00	0.00	0.00	0.00	0.00	0.25	0.00	0.00	-0.660156	-0.026855	1.532715	114.029999	-285.110016	103.809998	2.00	0.000000	0.000000	5.75	6.00	7.00	7.00	3.00	5.50	0.00	3.50	0.25	1.00	2.50	2.75	3.00	3.25	0.75	2.75	-0.236328	0.131348	0.979980	-0.840000	5.950000	-0.700000	561.00	-0.114083	-0.125898
9.08	0.00	0.50	0.00	0.00	0.00	0.00	0.00	0.00	0.00	0.00	0.00	0.00	0.00	0.00	0.00	0.00	-0.775879	-0.047363	1.621094	113.400002	-286.929993	97.300003	5.00	0.000000	0.000000	5.75	6.00	6.75	7.00	3.00	5.75	0.00	3.75	0.25	1.00	3.25	3.25	3.00	3.75	1.00	2.75	-0.243164	0.130859	0.978027	-1.190000	5.740000	-0.770000	585.00	-0.099224	-0.128326
9.09	0.00	0.25	0.00	0.00	0.00	0.00	0.00	0.00	0.00	0.00	0.00	0.00	0.00	0.00	0.00	0.00	-0.838379	-0.028809	1.654297	102.760002	-288.260010	94.080002	2.00	0.000000	0.000000	5.75	6.00	6.75	7.00	3.00	5.75	0.00	3.75	0.25	1.25	3.25	3.50	3.00	4.00	1.00	2.75	-0.241699	0.141113	0.969727	-1.610000	5.670000	-0.700000	592.00	-0.094523	-0.127127
9.10	0.00	0.00	0.00	0.00	0.00	0.00	0.00	0.00	0.00	0.00	0.00	0.00	0.00	0.25	0.00	0.00	-0.869141	0.055176	1.677246	86.449997	-288.049988	95.830002	2.00	0.000000	0.000000	5.75	5.75	6.50	6.50	3.25	5.50	0.00	4.00	0.25	1.75	3.75	3.50	3.50	4.75	1.00	3.00	-0.239258	0.140137	0.968262	-2.450000	5.740000	-0.910000	608.00	-0.076295	-0.125114
9.11	0.00	0.00	0.00	0.00	0.00	0.00	0.00	0.00	0.00	0.00	0.00	0.00	0.00	0.00	0.00	0.00	-0.906250	0.164551	1.744141	74.550003	-285.809998	103.180000	0.00	0.000000	0.000000	5.75	5.75	6.50	6.50	3.25	5.75	0.00	4.00	0.25	2.00	4.00	3.75	3.75	5.00	1.00	3.00	-0.240234	0.125977	0.975098	-3.290000	5.670000	-1.120000	623.00	-0.070303	-0.125788
9.12	0.00	0.00	0.00	0.00	0.00	0.00	0.00	0.00	0.00	0.00	0.00	0.00	0.00	0.00	0.00	0.00	-0.932129	0.248047	1.804688	67.410004	-283.220001	115.290001	0.00	0.000000	0.000000	5.50	5.75	6.25	6.50	3.50	5.50	0.00	4.25	0.00	2.00	4.25	4.00	4.00	6.00	1.00	3.50	-0.244141	0.139160	0.982422	-4.760000	5.530000	-1.400000	637.00	-0.057829	-0.128443
9.13	0.00	0.25	0.00	0.00	0.00	0.00	0.00	0.00	0.00	0.00	0.00	0.00	0.00	0.00	0.00	0.00	-1.032715	0.349121	1.910156	60.130001	-278.529999	138.110001	2.00	0.000000	0.000000	5.50	5.75	6.25	6.50	3.50	5.50	0.00	4.50	0.25	2.75	5.00	4.25	4.25	7.00	1.25	3.50	-0.248535	0.128906	0.989258	-6.090000	5.040000	-1.680000	675.00	-0.039795	-0.123292
9.14	0.00	0.25	0.00	0.00	0.00	0.00	0.00	0.00	0.00	0.00	0.00	0.00	0.00	0.00	0.00	0.00	-1.113281	0.401855	1.989258	52.290001	-273.769989	154.699997	2.00	0.000000	0.000000	5.00	5.25	6.00	5.75	3.75	5.50	0.00	4.25	0.50	3.00	5.50	4.75	4.75	8.00	1.25	3.50	-0.247070	0.122559	0.991211	-6.230000	4.620000	-2.100000	683.00	-0.017678	-0.119217
9.15	0.00	0.00	0.00	0.00	0.00	0.00	0.00	0.00	0.00	0.00	0.00	0.00	0.00	0.00	0.00	0.00	-1.250977	0.465332	2.040527	41.090000	-268.309998	170.029999	0.00	0.000000	0.000000	4.25	5.00	5.50	5.50	4.00	5.25	0.00	4.50	0.50	3.25	6.00	5.25	5.00	9.00	2.00	4.00	-0.240723	0.128418	0.999023	-5.810000	4.060000	-2.380000	703.00	0.007536	-0.121417
9.16	0.00	0.00	0.00	0.00	0.00	0.00	0.00	0.00	0.00	0.00	0.00	0.00	0.00	0.00	0.00	0.00	-1.404785	0.520996	2.080566	30.100000	-263.619995	182.210007	0.00	0.000000	0.000000	3.25	4.00	5.00	5.00	3.50	5.00	0.00	4.50	0.75	3.50	6.75	5.75	5.00	10.25	2.25	4.25	-0.233887	0.135254	0.993164	-4.270000	3.920000	-2.660000	697.00	0.039795	-0.120332
9.17	0.00	0.00	0.00	0.00	0.00	0.00	0.00	0.00	0.00	0.00	0.00	0.00	0.00	0.00	0.00	0.00	-1.568359	0.569336	2.099609	21.000000	-261.589996	189.139999	0.00	0.000000	0.000000	1.50	2.50	3.75	4.25	3.25	4.25	0.00	4.50	1.25	4.50	7.25	6.00	5.50	11.50	2.25	4.50	-0.228027	0.132812	0.993164	-2.660000	5.040000	-2.730000	674.00	0.089071	-0.119362
9.18	0.00	0.00	0.00	0.00	0.00	0.00	0.00	0.00	0.00	0.00	0.00	0.00	0.00	0.00	0.00	0.00	-1.737793	0.609375	2.039551	15.540000	-262.709991	189.699997	0.00	0.000000	0.000000	1.25	2.25	2.75	2.75	3.00	4.00	0.00	4.25	1.75	5.00	8.00	6.50	6.00	12.75	2.25	4.75	-0.248047	0.132324	0.987793	-1.610000	6.580000	-2.660000	673.00	0.121710	-0.113530
9.19	0.00	0.00	0.00	0.00	0.00	0.00	0.00	0.00	0.00	0.00	0.00	0.00	0.00	0.00	0.00	0.00	-2.000000	0.618164	1.751465	19.250000	-266.769989	178.710007	0.00	0.000000	0.000000	0.50	1.50	1.50	1.50	2.25	3.25	0.00	4.25	1.75	5.50	8.75	7.00	6.50	14.25	2.50	5.00	-0.247559	0.131836	0.979980	-0.210000	9.030000	-3.360000	654.00	0.167549	-0.114814
9.20	0.00	0.00	0.00	0.00	0.00	0.00	0.00	0.00	0.00	0.00	0.00	0.00	0.00	0.00	0.00	0.00	-2.141602	0.538086	1.423340	33.810001	-264.390015	165.759995	0.00	0.000000	0.000000	0.25	0.75	0.50	0.75	1.25	1.75	0.00	4.25	2.00	6.25	9.50	8.00	6.75	16.00	3.25	5.50	-0.246582	0.133789	0.984863	1.680000	13.720000	-5.110000	655.00	0.213886	-0.110039
9.21	0.00	0.00	0.00	0.00	0.00	0.00	0.00	0.00	0.00	0.00	0.00	0.00	0.00	0.00	0.00	0.00	-2.225586	0.385742	1.001465	60.549999	-251.020004	152.250000	0.00	0.000000	0.000000	0.75	0.25	0.25	0.50	0.75	1.50	0.00	4.25	2.50	6.75	10.75	8.00	7.00	17.25	3.50	6.00	-0.228516	0.145508	1.000488	1.750000	18.270000	-7.210000	685.00	0.226720	-0.101544
9.22	0.00	0.00	0.00	0.00	0.00	0.00	0.00	0.00	0.00	0.25	0.00	0.00	0.00	0.00	0.00	0.00	-2.257812	0.089355	0.580566	98.629997	-224.699997	140.279999	3.00	0.000000	0.000000	0.25	0.25	0.25	0.25	0.25	1.00	0.00	3.75	3.00	7.25	11.75	8.75	7.25	19.00	3.25	6.25	-0.246582	0.151855	0.994141	2.310000	24.080000	-8.750000	704.00	0.245097	-0.092777
9.23	0.00	0.00	0.00	0.00	0.00	0.00	0.00	0.00	0.00	0.25	0.00	0.00	0.00	0.00	0.00	0.00	-2.346680	-0.362305	0.272949	140.070007	-186.130005	128.660004	3.00	0.000000	0.000000	0.50	0.50	0.25	0.50	0.25	0.50	0.00	3.50	3.50	8.25	12.75	9.25	7.50	20.25	3.50	6.75	-0.250977	0.169434	0.984375	5.740000	29.960001	-11.970000	753.00	0.245718	-0.084367
9.24	0.00	0.00	0.00	0.00	0.00	0.00	0.00	0.00	0.00	0.00	0.00	0.00	0.00	0.00	0.00	0.00	-2.698242	-0.835938	0.163086	171.710007	-144.479996	114.940002	0.00	0.000000	0.000000	0.25	0.25	0.25	0.25	0.00	0.50	0.00	3.00	4.00	8.75	13.25	9.50	7.75	22.00	4.00	7.00	-0.236816	0.124023	1.066895	9.660000	45.430000	-8.610000	779.00	0.259614	-0.075124
9.25	0.00	0.00	0.00	0.00	0.00	0.00	0.00	0.00	0.00	0.00	0.00	0.00	0.00	0.00	0.00	0.00	-3.131836	-1.191895	0.170410	154.839996	-111.650002	87.919998	0.00	0.000000	0.000000	0.25	0.25	0.25	0.25	0.00	0.25	0.00	2.50	4.50	9.00	14.00	9.75	7.75	23.00	4.25	7.00	-0.281250	0.107910	1.063477	15.610000	60.480000	-9.240000	799.00	0.265134	-0.066579
9.26	0.00	0.00	0.00	0.00	0.00	0.00	0.00	0.00	0.00	0.00	0.00	0.00	0.00	0.00	0.00	0.00	-3.148926	-1.230469	-0.072754	55.090000	-68.879997	16.660000	0.00	0.000000	0.000000	0.00	0.25	0.00	0.25	0.00	0.00	0.00	2.00	4.50	9.50	14.25	10.25	7.50	24.00	4.50	7.25	-0.303711	0.123047	1.088867	19.320000	73.080002	-8.890000	807.00	0.274910	-0.061563
9.27	0.00	0.00	0.00	0.00	0.00	0.00	0.00	0.00	0.00	0.00	0.00	0.00	0.00	0.00	0.00	0.00	-2.854004	-0.969238	-0.215332	-8.050000	-26.880001	-36.820000	0.00	0.000000	0.000000	0.25	0.25	0.25	0.00	0.00	0.00	0.00	1.50	4.75	10.00	15.00	10.50	7.75	25.25	4.25	8.00	-0.357910	0.134277	1.040527	19.879999	84.980003	-7.700000	835.00	0.275985	-0.055292
9.28	0.00	0.00	0.00	0.00	0.00	0.00	0.00	0.00	0.00	0.00	0.00	0.00	0.00	0.00	0.00	0.00	-2.498047	-0.591309	-0.180664	-46.970001	25.270000	-79.870003	0.00	0.000000	0.000000	0.25	0.00	0.00	0.25	0.00	0.25	0.00	1.25	5.25	10.25	14.75	10.00	7.00	26.50	4.75	8.25	-0.309082	0.149902	1.115234	17.850000	95.340004	-6.860000	844.00	0.281584	-0.045102
9.29	0.00	0.00	0.00	0.00	0.00	0.00	0.00	0.00	0.00	0.00	0.00	0.00	0.00	0.00	0.00	0.00	-2.155762	-0.200195	0.073730	-64.750000	76.790001	-104.930000	0.00	0.000000	0.000000	0.00	0.00	0.00	0.00	0.00	0.00	0.00	0.75	5.50	10.50	14.25	9.75	6.75	27.50	5.00	8.25	-0.355957	0.196289	1.109375	13.720000	108.080002	-8.400000	835.00	0.292053	-0.035024
9.30	0.00	0.00	0.25	0.00	0.00	0.00	0.00	0.00	0.00	0.00	0.00	0.00	0.00	0.00	0.00	0.00	-1.877930	0.119141	0.423828	-69.019997	116.270004	-112.000000	3.00	0.000000	0.000000	0.00	0.00	0.25	0.00	0.00	0.00	0.00	0.50	5.25	10.25	14.25	9.75	6.00	27.75	5.00	8.50	-0.377930	0.205078	1.131348	4.970000	120.330002	-13.160000	825.00	0.293258	-0.031047
9.31	0.25	0.50	0.25	0.25	0.00	0.00	0.00	0.00	0.00	0.00	0.00	0.00	0.00	0.00	0.00	0.00	1.747559	0.284668	0.888672	-213.850006	224.910004	-90.510002	13.00	0.000000	0.000000	0.00	0.00	0.00	0.00	0.00	0.00	0.00	0.25	5.50	10.50	13.75	9.25	5.00	28.75	5.25	9.00	-0.388184	0.147461	1.112305	0.630000	140.770004	-17.010000	819.00	0.300392	-0.020390
9.32	1.25	1.25	1.00	1.00	0.00	0.00	0.00	0.00	0.00	0.00	0.00	0.00	0.00	0.00	0.00	0.00	-0.295410	0.776855	0.953613	-192.080002	181.720001	-72.379997	47.00	0.000000	0.000000	0.00	0.00	0.00	0.00	0.00	0.00	0.00	0.25	5.50	10.25	13.50	8.00	4.25	29.75	5.50	9.00	-0.430176	0.205078	1.051758	-4.130000	154.839996	-18.549999	805.00	0.304958	-0.010387
9.33	2.75	3.25	2.50	2.75	0.00	0.00	0.00	0.00	0.00	0.00	0.00	0.00	0.00	0.00	0.00	0.00	-0.109863	0.499023	0.420898	-209.369995	219.940002	-41.230000	116.00	-0.343772	-0.052958	0.00	0.00	0.00	0.00	0.00	0.00	0.00	0.00	5.75	10.50	12.75	7.75	3.75	30.00	5.50	9.00	-0.430176	0.182129	1.091797	-11.130000	169.119995	-22.680000	795.00	0.308198	-0.002191
9.34	5.00	5.00	3.50	4.50	0.00	0.00	0.00	0.00	0.00	0.00	0.00	0.00	0.00	0.00	0.00	0.00	-0.077637	0.747070	1.014648	-168.070007	251.930008	-1.470000	186.00	-0.347056	-0.051716	0.00	0.00	0.00	0.00	0.00	0.00	0.00	0.00	5.75	10.25	11.50	7.00	3.00	29.25	5.50	9.00	-0.457031	0.155762	1.106934	-16.870001	192.009995	-25.620001	758.00	0.311210	0.005033
9.35	6.25	6.25	5.00	5.50	0.00	0.00	0.00	0.00	0.00	0.00	0.00	0.00	0.00	0.00	0.00	0.00	-0.195312	0.403320	1.449707	-97.370003	254.380005	48.509998	238.00	-0.345010	-0.046594	0.00	0.00	0.00	0.00	0.00	0.00	0.00	0.00	5.75	10.25	10.75	5.75	2.25	29.00	5.75	8.50	-0.534668	0.198730	1.066406	-20.860001	212.729996	-28.559999	728.00	0.315157	0.016320
9.36	7.50	7.00	5.75	6.50	0.00	0.00	0.00	0.00	0.00	0.00	0.00	0.00	0.00	0.00	0.00	0.00	-0.551758	0.139160	1.468262	-44.310001	241.779999	78.959999	278.00	-0.344847	-0.045271	0.00	0.00	0.00	0.00	0.00	0.00	0.00	0.00	5.50	10.00	9.75	5.00	1.75	28.25	5.75	8.00	-0.587891	0.239258	1.099121	-25.549999	237.790009	-36.820000	690.00	0.318145	0.023306
9.37	8.75	8.00	6.75	7.50	0.00	0.00	0.00	0.00	0.00	0.00	0.00	0.00	0.00	0.00	0.00	0.00	-0.558105	-0.474121	1.256348	-17.710001	233.869995	85.750000	322.00	-0.344552	-0.043990	0.00	0.00	0.00	0.00	0.00	0.00	0.00	0.00	5.00	9.50	8.75	3.75	1.50	26.50	5.25	7.00	-0.619141	0.162109	1.377441	-31.219999	274.890015	-46.130001	627.00	0.320465	0.031198
9.38	9.00	8.75	7.00	8.25	0.00	0.25	0.00	0.00	0.00	0.00	0.00	0.00	0.00	0.00	0.00	0.00	-0.403809	-0.836914	1.230957	-27.440001	232.190002	56.840000	345.00	-0.342923	-0.050330	0.00	0.00	0.00	0.00	0.00	0.00	0.00	0.00	5.00	9.25	8.00	3.25	1.25	23.75	4.75	5.75	-0.635254	0.326660	1.447266	-33.180000	307.440002	-51.099998	574.00	0.318696	0.037074
9.39	9.75	9.75	8.00	10.00	0.00	0.25	0.00	0.00	0.00	0.00	0.00	0.00	0.00	0.00	0.00	0.00	-0.400879	-0.322266	1.131836	-25.340000	229.809998	-2.590000	392.00	-0.340941	-0.054468	0.00	0.00	0.00	0.00	0.00	0.00	0.00	0.00	4.50	8.50	6.50	2.50	1.50	21.50	3.75	4.50	-0.784180	0.174805	1.660156	-32.900002	338.940002	-58.450001	502.00	0.318728	0.043332
9.40	11.75	11.00	11.50	15.00	0.25	3.25	0.00	1.00	0.00	0.00	0.00	0.00	0.25	0.00	0.00	0.00	-0.850098	1.471680	1.252930	-64.610001	120.330002	5.320000	571.00	-0.311935	-0.079789	0.00	0.00	0.00	0.00	0.00	0.00	0.00	0.00	3.50	7.00	4.75	1.50	1.25	18.75	2.75	3.50	-0.784668	0.299805	2.004883	-41.650002	357.910004	-63.139999	402.00	0.323379	0.054165
9.41	12.25	11.25	15.00	18.75	0.75	6.50	0.00	2.50	0.00	0.00	0.00	0.00	1.75	0.00	0.00	0.00	-0.414551	-0.278809	1.071777	29.260000	49.209999	12.810000	736.00	-0.282204	-0.102528	0.00	0.00	0.00	0.00	0.00	0.00	0.00	0.00	3.00	5.25	2.75	0.50	1.00	14.75	2.00	3.00	-0.976562	0.248535	1.283203	-44.869999	385.980011	-69.860001	299.00	0.329150	0.069592
9.42	11.50	11.00	14.75	18.50	1.25	7.50	0.00	3.00	0.00	0.00	0.00	0.50	2.50	0.00	0.00	0.25	-0.270996	-0.109375	1.600098	-17.219999	59.500000	6.020000	757.00	-0.266423	-0.113739	0.00	0.00	0.00	0.00	0.00	0.00	0.00	0.00	2.25	3.50	1.00	0.25	0.50	11.00	1.25	2.00	-1.348145	0.148438	2.794922	22.049999	398.510010	-74.830002	201.00	0.337927	0.092408
9.43	10.75	10.25	14.00	17.75	1.75	8.00	0.00	3.50	0.00	0.00	0.00	1.00	3.25	0.00	0.00	1.25	-0.196777	-0.008301	1.032227	14.770000	13.020000	3.850000	762.00	-0.247585	-0.124868	0.00	0.00	0.00	0.00	0.00	0.00	0.00	0.00	1.50	1.25	0.75	0.25	0.50	6.50	0.75	0.75	-0.959961	0.255371	2.426758	-8.050000	405.510010	-75.879997	115.00	0.337740	0.090957
9.44	10.25	10.00	14.25	17.75	1.75	8.25	0.00	4.00	0.00	0.00	0.00	1.50	4.00	0.25	0.00	2.25	-0.221680	0.149902	1.059570	15.120000	17.710001	3.010000	787.00	-0.231026	-0.133029	0.00	0.00	0.00	0.00	0.00	0.00	0.00	0.00	0.75	0.75	0.50	0.25	0.50	3.00	0.50	0.25	-0.938477	0.474121	1.935547	-36.680000	407.119995	-92.400002	62.00	0.323353	0.056256
9.45	10.25	9.75	15.00	18.00	2.25	8.75	0.00	4.50	0.00	0.00	0.25	2.25	4.50	0.75	0.00	3.00	-0.236328	0.128418	1.005859	14.560000	13.090000	2.310000	837.00	-0.214038	-0.135482	0.00	0.00	0.00	0.00	0.00	0.00	0.00	0.00	0.25	0.50	0.50	0.00	0.25	1.75	0.25	0.25	-0.289062	0.629883	2.698730	-45.849998	403.549988	-103.389999	35.00	0.000000	0.000000
9.46	10.25	9.75	15.00	17.75	2.75	9.25	0.00	4.75	0.00	0.00	0.50	2.75	5.00	0.75	0.00	3.50	-0.222168	0.142578	0.990723	7.980000	8.820000	1.330000	864.00	-0.204320	-0.139053	0.00	0.00	0.00	0.00	0.00	0.00	0.00	0.00	0.25	0.50	0.25	0.25	0.25	1.50	0.25	0.50	-0.649414	0.387207	1.441895	-61.250000	383.390015	-112.419998	34.00	0.000000	0.000000
9.47	10.50	10.25	15.25	18.00	2.50	9.50	0.00	4.75	0.00	0.00	0.50	2.75	5.00	1.00	0.00	3.50	-0.215820	0.144531	0.994141	5.040000	6.020000	0.910000	879.00	-0.205064	-0.138282	0.00	0.00	0.00	0.00	0.00	0.00	0.00	0.00	0.25	0.50	0.50	0.25	0.25	1.25	0.25	0.25	0.211914	0.623047	2.242188	-39.900002	422.239990	-113.120003	33.00	0.000000	0.000000
9.48	10.75	10.50	15.25	17.75	2.75	9.25	0.00	4.75	0.00	0.00	0.50	3.25	5.00	1.25	0.00	3.00	-0.215820	0.143066	1.004883	3.010000	3.850000	0.350000	886.00	-0.203640	-0.135971	0.00	0.00	0.00	0.00	0.00	0.00	0.00	0.00	0.25	0.50	0.25	0.00	0.00	1.00	0.00	0.00	0.325684	0.309082	1.379883	29.960001	406.000000	-123.900002	20.00	0.000000	0.000000
9.49	10.50	10.25	15.00	17.25	3.00	9.00	0.00	4.50	0.00	0.00	0.75	3.25	4.50	1.25	0.00	3.25	-0.202148	0.145020	0.978516	1.610000	2.660000	0.210000	869.00	-0.202187	-0.133202	0.00	0.00	0.00	0.00	0.00	0.00	0.00	0.00	0.25	0.00	0.00	0.00	0.00	0.25	0.00	0.00	-0.693848	0.939453	1.598145	150.639999	405.579987	-162.399994	5.00	0.000000	0.000000
9.50	10.50	10.25	14.50	16.75	2.50	8.75	0.00	4.50	0.00	0.00	0.75	3.00	4.50	1.25	0.00	3.25	-0.205078	0.139160	0.978516	0.770000	2.240000	0.000000	847.00	-0.203157	-0.134382	0.00	0.00	0.25	0.25	0.00	0.00	0.00	0.00	0.00	0.00	0.00	0.00	0.00	0.25	0.00	0.00	0.059570	1.007324	3.593262	220.080002	275.029999	-164.009995	8.00	0.000000	0.000000
9.51	10.50	10.25	13.75	16.25	2.50	8.50	0.00	4.25	0.00	0.00	0.50	3.00	4.25	1.25	0.00	3.00	-0.199219	0.144043	0.972168	0.140000	2.310000	-0.420000	820.00	-0.206298	-0.133304	0.00	0.00	0.25	0.00	0.00	0.00	0.00	0.00	0.00	0.00	0.00	0.00	0.00	0.00	0.00	0.00	0.759277	0.486328	3.354980	212.589996	88.269997	-134.330002	3.00	0.000000	0.000000
9.52	10.00	10.00	13.25	15.75	2.50	8.25	0.00	4.00	0.00	0.00	0.75	3.00	4.00	1.25	0.00	3.00	-0.202148	0.140137	0.965820	-0.350000	2.450000	-0.630000	796.00	-0.204146	-0.133049	0.00	0.00	0.25	0.00	0.00	0.00	0.00	0.00	0.00	0.00	0.00	0.00	0.00	0.25	0.00	0.00	0.708496	0.311035	2.345703	112.489998	-92.190002	-89.320000	5.00	0.000000	0.000000
9.53	9.25	9.50	13.00	15.00	2.50	7.75	0.00	4.00	0.00	0.00	0.75	2.75	4.25	1.25	0.00	2.75	-0.197754	0.140625	0.973145	-0.490000	3.010000	-0.700000	765.00	-0.201463	-0.134183	0.00	0.00	0.00	0.00	0.00	0.00	0.00	0.00	0.00	0.00	0.00	0.00	0.00	0.50	0.00	0.00	0.176270	0.228027	1.362793	-81.480003	-231.350006	-26.740000	4.00	0.000000	0.000000
9.54	9.25	9.25	12.50	14.25	2.25	7.50	0.00	3.75	0.00	0.00	0.50	2.75	4.00	1.25	0.00	3.00	-0.203613	0.140137	0.967285	-0.490000	3.220000	-0.770000	736.00	-0.202358	-0.133080	0.00	0.00	0.00	0.00	0.00	0.00	0.00	0.00	0.00	0.00	0.00	0.00	0.00	0.50	0.00	0.00	0.146973	0.352539	0.834961	-143.220001	-249.619995	-5.810000	4.00	0.000000	0.000000
9.55	9.00	9.00	11.75	13.00	2.50	7.50	0.00	3.75	0.00	0.00	0.25	3.00	3.75	1.50	0.25	2.75	-0.200684	0.136230	0.969727	-0.490000	3.290000	-0.770000	713.00	-0.196429	-0.132154	0.00	0.00	0.00	0.00	0.00	0.00	0.00	0.00	0.00	0.00	0.00	0.00	0.00	0.75	0.00	0.00	0.106934	0.455566	0.500977	-150.570007	-246.050003	4.130000	6.00	0.000000	0.000000
9.56	8.50	8.50	11.00	12.25	2.25	7.25	0.00	3.50	0.00	0.00	0.50	2.50	3.50	1.75	0.25	2.75	-0.202148	0.138672	0.968750	-0.630000	3.570000	-0.840000	675.00	-0.193660	-0.130769	0.00	0.00	0.00	0.00	0.00	0.00	0.00	0.00	0.00	0.00	0.00	0.00	0.00	0.25	0.00	0.00	0.041992	0.520996	0.322266	-116.410004	-234.919998	9.800000	2.00	0.000000	0.000000
9.57	8.00	8.00	10.50	11.50	2.00	7.00	0.00	3.50	0.00	0.00	0.50	2.75	3.50	1.75	0.25	2.75	-0.202148	0.134277	0.967285	-0.770000	3.920000	-0.980000	648.00	-0.187419	-0.134016	0.00	0.00	0.00	0.00	0.00	0.00	0.00	0.00	0.00	0.00	0.00	0.00	0.00	0.25	0.00	0.00	-0.000000	0.544434	0.212891	-60.060001	-219.660004	14.980000	2.00	0.000000	0.000000
9.58	7.50	7.75	9.75	10.75	2.00	6.25	0.00	3.50	0.00	0.00	0.50	2.75	3.50	1.75	0.25	2.75	-0.201172	0.140625	0.963379	-0.980000	4.200000	-0.910000	616.00	-0.182817	-0.135916	0.00	0.00	0.00	0.00	0.00	0.00	0.00	0.00	0.00	0.00	0.00	0.00	0.00	0.25	0.00	0.00	-0.035156	0.487305	0.195312	-2.870000	-202.089996	21.280001	2.00	0.000000	0.000000
9.59	7.25	7.50	9.00	10.25	2.00	6.25	0.00	3.25	0.00	0.00	0.75	3.50	3.75	1.75	0.50	2.50	-0.204102	0.141602	0.964844	-1.260000	4.900000	-0.840000	608.00	-0.170519	-0.140063	0.00	0.00	0.00	0.00	0.00	0.00	0.00	0.00	0.00	0.00	0.00	0.00	0.00	0.25	0.00	0.00	-0.085449	0.353027	0.415039	49.770000	-183.050003	32.270000	2.00	0.000000	0.000000
9.60	7.00	7.25	8.75	9.75	2.25	6.25	0.00	3.50	0.00	0.00	0.75	3.50	3.50	2.00	0.25	2.75	-0.207031	0.138672	0.967285	-1.330000	5.740000	-0.910000	600.00	-0.166335	-0.140360	0.00	0.00	0.00	0.00	0.00	0.00	0.00	0.00	0.00	0.00	0.00	0.00	0.00	0.25	0.00	0.00	-0.090332	0.287109	0.621582	56.770000	-182.490005	43.470001	2.00	0.000000	0.000000
9.61	6.50	6.75	8.00	9.00	2.25	6.00	0.00	3.50	0.00	0.00	1.00	3.00	3.50	2.00	0.25	2.75	-0.209961	0.141113	0.969727	-1.190000	6.090000	-0.910000	568.00	-0.160671	-0.142396	0.00	0.00	0.00	0.00	0.00	0.00	0.00	0.00	0.00	0.00	0.00	0.00	0.00	0.25	0.00	0.00	-0.119141	0.256348	0.842773	45.709999	-193.970001	58.730000	2.00	0.000000	0.000000
9.62	6.25	6.50	7.75	8.75	2.25	6.25	0.00	3.50	0.00	0.00	1.00	3.25	3.50	2.25	0.00	2.75	-0.206055	0.133789	0.970215	-1.050000	6.370000	-0.910000	562.00	-0.156081	-0.144621	0.00	0.00	0.00	0.00	0.00	0.00	0.00	0.00	0.00	0.00	0.00	0.00	0.00	0.00	0.00	0.00	-0.190430	0.253418	1.006348	23.660000	-217.630005	77.070000	0.00	0.000000	0.000000
9.63	6.00	6.50	7.25	8.25	2.25	6.25	0.00	3.75	0.00	0.00	1.00	3.50	3.75	2.25	0.00	2.75	-0.209961	0.136719	0.968262	-0.840000	6.300000	-0.910000	557.00	-0.148571	-0.150983	0.00	0.00	0.00	0.00	0.00	0.00	0.00	0.00	0.00	0.00	0.00	0.00	0.00	0.00	0.00	0.00	-0.273926	0.263672	1.078613	1.470000	-247.380005	95.129997	0.00	0.000000	0.000000
9.64	5.75	6.00	7.00	7.75	2.25	6.25	0.00	3.75	0.00	0.25	1.25	3.25	3.75	2.50	0.25	3.00	-0.207520	0.134277	0.972656	-0.560000	6.090000	-0.840000	550.00	-0.135162	-0.149488	0.00	0.00	0.00	0.00	0.00	0.00	0.00	0.00	0.00	0.00	0.00	0.00	0.00	0.00	0.00	0.00	-0.349121	0.258301	1.063965	-12.460000	-275.799988	109.270004	0.00	0.000000	0.000000
9.65	5.25	5.50	6.75	7.75	2.00	6.00	0.00	3.75	0.00	0.25	1.25	3.75	3.75	2.75	0.50	2.75	-0.209473	0.137207	0.973145	-0.000000	5.880000	-0.630000	541.00	-0.122597	-0.152892	0.00	0.00	0.00	0.00	0.00	0.00	0.00	0.00	0.00	0.00	0.00	0.00	0.00	0.25	0.00	0.00	-0.457031	0.221680	0.947266	-12.110000	-306.320007	118.370003	2.00	0.000000	0.000000
9.66	5.50	5.75	6.50	7.25	2.25	6.25	0.00	4.00	0.00	0.25	1.25	4.00	4.00	2.75	0.50	3.25	-0.210938	0.134277	0.968750	0.980000	5.810000	-0.140000	555.00	-0.117095	-0.156070	0.00	0.00	0.00	0.00	0.00	0.00	0.00	0.00	0.00	0.00	0.00	0.00	0.00	0.00	0.00	0.00	-0.508301	0.161133	0.872559	-0.840000	-315.070007	116.199997	0.00	0.000000	0.000000
9.67	5.25	5.75	6.25	7.25	2.25	6.25	0.00	4.25	0.00	0.50	1.25	4.00	4.25	2.75	0.50	3.50	-0.212402	0.138184	0.969727	1.540000	6.440000	-0.140000	559.00	-0.110383	-0.160669	0.00	0.00	0.00	0.00	0.00	0.00	0.00	0.00	0.00	0.00	0.00	0.00	0.00	0.00	0.00	0.00	-0.540527	0.066406	0.842773	14.910000	-315.980011	108.500000	0.00	0.000000	0.000000
9.68	5.00	5.50	6.00	7.00	2.25	6.25	0.00	4.25	0.00	0.50	1.75	4.00	4.50	2.75	0.50	3.50	-0.209473	0.140137	0.963867	2.100000	6.580000	-0.210000	556.00	-0.101844	-0.163589	0.00	0.00	0.00	0.00	0.00	0.00	0.00	0.00	0.00	0.00	0.00	0.00	0.00	0.00	0.00	0.00	-0.570312	-0.026367	0.848145	30.450001	-310.730011	95.830002	0.00	0.000000	0.000000
9.69	5.00	5.50	5.75	7.00	2.00	6.25	0.00	4.75	0.00	0.50	2.00	4.50	4.75	3.25	0.50	3.50	-0.213867	0.139160	0.971191	2.450000	6.930000	-0.280000	572.00	-0.090534	-0.168519	0.00	0.00	0.00	0.00	0.00	0.00	0.00	0.00	0.00	0.00	0.00	0.00	0.00	0.00	0.00	0.00	-0.579102	-0.102051	0.896973	42.700001	-302.610016	79.309998	0.00	0.000000	0.000000
9.70	4.00	5.50	5.75	6.75	2.50	6.50	0.00	5.00	0.00	0.75	2.25	5.00	5.25	3.50	0.75	3.75	-0.214355	0.139648	0.964844	2.800000	7.140000	-0.420000	592.00	-0.071792	-0.173613	0.00	0.00	0.00	0.00	0.00	0.00	0.00	0.00	0.00	0.00	0.00	0.00	0.00	0.00	0.00	0.00	-0.590332	-0.116211	1.018066	50.959999	-294.420013	61.810001	0.00	0.000000	0.000000
9.71	4.25	5.00	5.75	6.75	2.50	6.25	0.00	5.00	0.00	0.75	2.50	5.75	5.50	3.75	0.75	4.25	-0.214844	0.133789	0.967285	2.730000	7.000000	-0.490000	605.00	-0.060766	-0.173778	0.00	0.00	0.00	0.00	0.00	0.00	0.00	0.00	0.00	0.00	0.00	0.00	0.00	0.00	0.00	0.00	-0.592773	-0.093262	1.214844	60.619999	-287.769989	40.670002	0.00	0.000000	0.000000
9.72	4.25	5.00	5.50	6.25	2.25	6.25	0.00	5.50	0.00	1.00	3.25	6.00	6.00	4.50	1.00	4.50	-0.219727	0.137695	0.967773	2.380000	7.280000	-0.420000	630.00	-0.041818	-0.175301	0.00	0.00	0.00	0.00	0.00	0.00	0.00	0.00	0.00	0.00	0.00	0.00	0.00	0.25	0.00	0.00	-0.586426	-0.052246	1.339355	65.309998	-287.700012	31.920000	2.00	0.000000	0.000000
9.73	3.25	4.75	5.50	6.25	2.25	6.25	0.00	5.75	0.00	0.25	4.00	6.50	6.50	4.75	1.00	4.75	-0.218262	0.140137	0.972656	2.310000	7.070000	-0.140000	634.00	-0.028624	-0.185545	0.00	0.00	0.00	0.00	0.00	0.00	0.00	0.00	0.00	0.00	0.00	0.00	0.00	0.00	0.00	0.00	-0.589844	-0.016113	1.463379	70.139999	-289.660004	28.000000	0.00	0.000000	0.000000
9.74	2.75	4.25	5.25	6.00	2.50	6.50	0.00	6.00	0.00	0.25	4.25	7.00	7.25	5.25	1.25	4.75	-0.218262	0.141113	0.968750	2.170000	6.790000	-0.280000	649.00	-0.012007	-0.190150	0.00	0.00	0.00	0.00	0.00	0.00	0.00	0.00	0.00	0.00	0.00	0.00	0.00	0.00	0.00	0.00	-0.602539	0.020020	1.603516	74.410004	-294.489990	28.139999	0.00	0.000000	0.000000
9.75	3.00	4.25	4.75	5.75	2.50	6.50	0.00	6.25	0.00	1.00	5.25	7.50	7.50	5.25	1.25	5.25	-0.205078	0.152344	0.959473	2.240000	6.720000	-0.420000	676.00	0.000104	-0.190411	0.00	0.00	0.00	0.00	0.00	0.00	0.00	0.00	0.00	0.00	0.00	0.00	0.00	0.00	0.00	0.00	-0.613281	0.067871	1.730469	77.209999	-301.000000	32.200001	0.00	0.000000	0.000000
9.76	2.75	3.75	4.75	5.50	2.25	6.50	0.00	6.50	0.00	1.75	6.00	8.25	8.25	6.00	1.50	5.75	-0.224121	0.143555	0.970215	2.450000	6.230000	-0.770000	709.00	0.021452	-0.190371	0.00	0.00	0.00	0.00	0.00	0.00	0.00	0.00	0.00	0.00	0.00	0.00	0.00	0.00	0.00	0.00	-0.738281	0.156738	1.992676	73.639999	-313.670013	44.869999	0.00	0.000000	0.000000
9.77	2.75	3.75	4.50	5.25	2.25	6.25	0.00	6.75	0.00	2.50	6.25	9.00	8.75	7.00	1.75	6.00	-0.215820	0.136719	0.972656	3.150000	5.320000	-0.910000	739.00	0.036548	-0.187401	0.00	0.00	0.00	0.00	0.00	0.00	0.00	0.00	0.00	0.00	0.00	0.00	0.00	0.00	0.00	0.00	-0.885254	0.244629	2.161621	64.959999	-324.309998	58.310001	0.00	0.000000	0.000000
9.78	2.50	3.75	3.25	5.00	2.50	6.25	0.00	6.75	0.25	3.00	7.25	9.75	9.00	8.00	2.25	6.00	-0.211426	0.149902	0.975586	3.710000	6.300000	-1.260000	766.00	0.057915	-0.184870	0.00	0.00	0.00	0.00	0.00	0.00	0.00	0.00	0.00	0.00	0.00	0.00	0.00	0.00	0.00	0.00	-1.094727	0.349609	2.263672	49.000000	-335.860016	75.320000	0.00	0.000000	0.000000
9.79	2.00	3.25	2.75	4.00	2.25	6.25	0.00	6.75	0.25	4.00	8.00	10.75	9.25	9.00	3.00	6.25	-0.215820	0.161133	0.978027	4.550000	8.960000	-2.450000	785.00	0.085804	-0.182687	0.00	0.00	0.00	0.00	0.00	0.00	0.00	0.00	0.00	0.00	0.00	0.00	0.00	0.00	0.00	0.00	-1.331055	0.372070	2.274902	34.860001	-343.209991	92.820000	0.00	0.000000	0.000000
9.80	1.00	2.50	2.00	3.25	2.00	5.50	0.00	6.75	0.25	4.25	9.00	11.50	10.50	10.00	3.00	7.00	-0.223633	0.147949	0.983887	5.250000	10.640000	-2.730000	785.00	0.117281	-0.189096	0.00	0.00	0.00	0.00	0.00	0.00	0.00	0.00	0.00	0.00	0.00	0.00	0.00	0.00	0.00	0.00	-1.579102	0.333496	2.185059	32.410000	-346.149994	104.580002	0.00	0.000000	0.000000
9.81	0.75	2.50	1.00	2.00	1.75	5.00	0.00	6.75	0.50	4.75	9.75	12.25	11.25	11.50	3.00	7.50	-0.223633	0.151855	0.975098	5.950000	12.390000	-2.660000	796.00	0.143349	-0.187183	0.00	0.00	0.00	0.00	0.00	0.00	0.00	0.00	0.00	0.00	0.00	0.00	0.00	0.00	0.00	0.00	-1.963867	0.303711	1.994629	29.540001	-340.619995	105.840004	0.00	0.000000	0.000000
9.82	0.25	1.00	0.25	0.75	1.25	4.25	0.00	6.75	0.50	5.50	10.75	13.25	11.50	12.75	3.75	7.50	-0.227539	0.158203	0.968262	7.070000	14.140000	-2.870000	790.00	0.182687	-0.185415	0.00	0.00	0.00	0.00	0.00	0.00	0.00	0.00	0.00	0.00	0.00	0.00	0.00	0.00	0.00	0.00	-2.194824	0.313965	1.766602	26.600000	-329.769989	101.080002	0.00	0.000000	0.000000
9.83	0.25	0.50	0.25	0.25	1.00	3.50	0.00	6.50	0.50	5.75	11.75	14.00	12.75	14.50	4.00	7.75	-0.243164	0.156738	0.962402	8.050000	16.450001	-3.500000	816.00	0.200548	-0.180551	0.00	0.00	0.00	0.00	0.00	0.00	0.00	0.00	0.00	0.00	0.00	0.00	0.00	0.00	0.00	0.00	-2.357422	0.345215	1.493652	25.410000	-312.339996	94.150002	0.00	0.000000	0.000000
9.84	0.25	0.50	0.00	0.25	0.50	2.75	0.00	6.50	0.50	6.00	12.75	15.00	13.25	15.00	4.25	8.00	-0.210449	0.172363	0.974609	10.710000	18.969999	-6.650000	836.00	0.210043	-0.181554	0.00	0.00	0.00	0.00	0.00	0.00	0.00	0.00	0.00	0.00	0.00	0.00	0.00	0.00	0.00	0.00	-2.500977	0.370605	1.183105	28.910000	-289.309998	83.860001	0.00	0.000000	0.000000
9.85	0.25	0.25	0.25	0.25	0.25	2.25	0.00	6.50	0.75	6.50	13.25	15.75	14.00	16.00	4.25	8.25	-0.186523	0.142090	0.998535	12.180000	26.740000	-6.860000	866.00	0.215867	-0.177144	0.00	0.00	0.00	0.00	0.00	0.00	0.00	0.00	0.00	0.00	0.00	0.00	0.00	0.00	0.00	0.00	-2.639648	0.326660	0.834961	49.630001	-260.540009	74.199997	0.00	0.000000	0.000000
9.86	0.25	0.25	0.00	0.25	0.25	2.00	0.00	6.25	1.00	6.75	13.75	16.50	14.25	17.75	4.50	8.50	-0.239746	0.143555	1.007324	18.270000	40.180000	-7.560000	897.00	0.223590	-0.169835	0.00	0.00	0.00	0.00	0.00	0.00	0.00	0.00	0.00	0.00	0.00	0.00	0.00	0.00	0.00	0.00	-2.733887	0.155762	0.445801	84.070000	-225.330002	65.800003	0.00	0.000000	0.000000
9.87	0.25	0.25	0.00	0.25	0.25	1.75	0.00	5.75	1.00	7.00	14.75	17.00	14.50	18.75	4.75	8.75	-0.249023	0.137695	1.015137	23.030001	47.880001	-7.140000	920.00	0.228987	-0.164571	0.00	0.00	0.00	0.00	0.00	0.00	0.00	0.00	0.00	0.00	0.00	0.00	0.00	0.00	0.00	0.00	-2.874512	-0.137695	0.055176	125.440002	-182.210007	61.180000	0.00	0.000000	0.000000
9.88	0.25	0.25	0.25	0.25	0.25	0.75	0.00	5.00	1.00	6.75	15.50	18.00	14.50	20.50	5.00	9.00	-0.256348	0.151855	1.009277	26.320000	55.160000	-6.160000	935.00	0.238209	-0.156012	0.00	0.00	0.00	0.00	0.00	0.00	0.00	0.00	0.00	0.00	0.00	0.00	0.00	0.00	0.00	0.00	-3.105469	-0.525879	-0.221191	174.649994	-115.639999	61.670002	0.00	0.000000	0.000000
9.89	0.25	0.25	0.00	0.00	0.00	0.25	0.00	4.50	1.00	7.25	16.25	18.25	15.00	21.75	5.00	9.00	-0.252441	0.159180	1.037109	28.770000	63.840000	-5.670000	944.00	0.248028	-0.151083	0.00	0.00	0.25	0.00	0.00	0.00	0.00	0.00	0.00	0.00	0.00	0.00	0.00	0.00	0.00	0.00	-4.166992	-0.581055	-0.769531	169.399994	-72.169998	52.990002	3.00	0.000000	0.000000
9.90	0.00	0.25	0.00	0.00	0.00	0.00	0.00	4.25	1.25	7.50	16.75	18.75	15.00	23.00	5.50	9.50	-0.264648	0.166992	1.040039	31.150000	74.690002	-5.740000	970.00	0.254560	-0.145551	0.00	0.00	0.25	0.00	0.00	0.00	0.00	0.00	0.00	0.00	0.00	0.00	0.00	0.00	0.00	0.00	-3.736328	-1.448242	-1.667480	65.239998	65.870003	37.869999	3.00	0.000000	0.000000
9.91	0.00	0.25	0.00	0.00	0.00	0.25	0.00	3.50	1.75	8.00	16.75	19.50	15.00	24.50	5.50	9.50	-0.310059	0.179199	1.026855	30.590000	87.430000	-5.950000	994.00	0.258104	-0.136253	0.00	0.25	0.50	0.50	0.00	0.00	0.00	0.00	0.00	0.00	0.00	0.00	0.00	0.00	0.00	0.00	-3.723145	-1.168457	-1.422852	-60.970001	179.270004	3.570000	13.00	0.000000	0.000000
9.92	0.00	0.00	0.00	0.25	0.00	0.25	0.00	3.00	1.50	8.00	17.00	19.75	14.75	25.25	6.00	10.00	-0.321777	0.210449	1.032715	29.960001	92.400002	-6.160000	1001.00	0.262243	-0.133683	0.75	1.00	1.00	0.50	0.00	0.00	0.00	0.00	0.00	0.00	0.00	0.00	0.00	0.00	0.00	0.00	-0.480469	-0.169922	-0.265625	-129.500000	302.610016	-43.049999	34.00	0.000000	0.000000
9.93	0.25	0.25	0.00	0.00	0.00	0.00	0.00	2.50	1.75	8.00	16.75	19.50	14.00	26.00	6.00	10.50	-0.340332	0.248535	1.013184	30.730000	110.879997	-10.080000	994.00	0.265753	-0.125136	3.50	3.75	1.25	0.75	0.00	0.00	0.00	0.00	0.00	0.00	0.00	0.00	0.00	0.00	0.00	0.00	-0.244629	0.364258	2.611328	-192.779999	286.230011	-60.060001	93.00	-0.377397	-0.025814
9.94	0.00	0.00	0.00	0.00	0.00	0.00	0.00	2.25	2.25	8.00	16.75	19.00	13.25	27.25	6.25	10.50	-0.359863	0.237305	1.115234	30.450001	121.449997	-14.070000	993.00	0.272977	-0.115531	5.25	6.00	2.50	3.25	0.00	0.00	0.00	0.00	0.00	0.00	0.00	0.00	0.00	0.00	0.00	0.00	-0.457520	0.508789	1.501465	-138.809998	227.570007	-28.350000	173.00	-0.361577	-0.050780
9.95	0.00	0.25	0.00	0.00	0.00	0.00	0.00	1.75	2.00	8.00	16.50	18.75	12.25	28.00	6.25	10.75	-0.358887	0.223633	1.148438	25.830000	138.180008	-19.040001	978.00	0.275879	-0.109614	6.50	7.25	4.00	5.00	0.00	0.00	0.00	0.00	0.00	0.00	0.00	0.00	0.00	0.00	0.00	0.00	-0.363770	0.132812	0.861328	-111.300003	228.690002	-7.980000	234.00	-0.353637	-0.051894
9.96	0.00	0.00	0.00	0.00	0.00	0.25	0.00	1.50	1.75	8.25	16.25	18.25	11.00	27.75	6.50	11.25	-0.392578	0.240234	1.068848	21.910000	154.350006	-21.559999	959.00	0.279451	-0.105784	7.75	7.50	4.75	5.50	0.00	0.00	0.00	0.00	0.00	0.00	0.00	0.00	0.00	0.00	0.00	0.00	-0.411133	-0.093262	1.083008	-88.340004	255.570007	6.510000	263.00	-0.352452	-0.044088
9.97	0.00	0.25	0.00	0.00	0.00	0.00	0.00	1.25	1.75	8.75	15.75	17.75	10.00	27.50	6.50	11.25	-0.416504	0.197266	1.080566	23.170000	174.300003	-24.010000	938.00	0.281377	-0.099582	8.25	8.25	5.25	6.00	0.00	0.00	0.00	0.00	0.00	0.00	0.00	0.00	0.00	0.00	0.00	0.00	-0.576660	-0.264648	1.736328	-42.000000	253.190002	17.639999	286.00	-0.351984	-0.045135
9.98	0.00	0.00	0.00	0.00	0.00	0.00	0.00	0.75	2.00	9.25	15.50	16.75	9.25	26.00	6.50	11.25	-0.479980	0.257812	1.102051	22.820000	198.520004	-26.670000	904.00	0.285272	-0.093642	8.75	8.75	5.25	6.50	0.00	0.00	0.00	0.00	0.00	0.00	0.00	0.00	0.00	0.00	0.00	0.00	-0.681641	-0.511230	1.772461	-42.070000	239.050003	11.130000	301.00	-0.352685	-0.047614
9.99	0.00	0.00	0.00	0.00	0.00	0.00	0.00	0.75	2.50	9.25	14.25	15.50	8.00	24.50	6.00	11.00	-0.480957	0.318848	1.255371	22.889999	242.759995	-35.560001	854.00	0.285850	-0.086478	9.25	9.50	6.50	7.75	0.00	0.00	0.00	0.00	0.00	0.00	0.00	0.00	0.00	0.00	0.00	0.00	-3.239258	2.958008	2.828125	-70.629997	221.550003	-43.820000	341.00	-0.348561	-0.049169
10.00	0.00	0.00	0.00	0.00	0.00	0.00	0.00	0.75	2.25	9.25	13.50	13.50	7.25	22.50	6.25	10.50	-0.623047	0.529297	1.377930	20.299999	277.760010	-47.250000	798.00	0.287034	-0.083937	10.50	10.25	9.75	10.25	0.25	0.75	0.00	0.25	0.00	0.00	0.00	0.00	0.00	0.00	0.00	0.00	-0.703125	1.280273	0.868652	40.810001	8.190000	3.010000	439.00	-0.332612	-0.052327
10.01	0.00	0.00	0.00	0.00	0.00	0.00	0.00	0.75	2.25	9.00	12.00	11.50	6.50	20.00	5.75	9.75	-0.533691	0.427246	1.561523	28.070000	313.320007	-65.660004	722.00	0.286927	-0.080619	10.75	10.00	12.00	11.25	0.75	3.00	0.00	0.50	0.00	0.00	0.00	0.00	0.50	0.00	0.00	0.00	-0.191895	-0.179688	1.312012	26.530001	51.450001	5.110000	513.00	-0.310919	-0.063035
10.02	0.00	0.00	0.00	0.00	0.00	0.00	0.00	0.75	2.50	8.25	10.25	9.50	5.50	17.75	5.00	8.00	-0.776855	0.201660	2.229980	14.770000	338.730011	-74.410004	633.00	0.286967	-0.071456	10.25	9.50	12.25	11.25	1.50	4.25	0.00	1.25	0.00	0.00	0.00	0.25	0.50	0.25	0.00	0.25	-0.349121	0.076172	2.179199	-11.830000	104.370003	8.120000	546.00	-0.288913	-0.074053
10.03	0.00	0.00	0.00	0.00	0.00	0.00	0.00	0.75	2.00	7.00	8.00	7.50	4.50	14.75	4.25	6.25	-0.664062	0.600098	1.918945	11.060000	368.339996	-80.500000	517.00	0.287131	-0.069213	9.75	9.00	12.50	11.00	1.75	5.00	0.00	1.25	0.00	0.00	0.25	0.50	1.25	0.75	0.00	0.50	-0.168945	-0.029785	0.755859	10.080000	28.490000	6.300000	564.00	-0.267093	-0.080024
10.04	0.00	0.00	0.00	0.00	0.00	0.00	0.00	0.25	1.75	5.75	5.75	5.00	3.00	10.50	3.00	4.50	-1.015137	0.441895	1.880859	0.630000	401.660004	-94.919998	371.00	0.290466	-0.054840	9.50	9.00	12.75	11.25	2.75	5.25	0.00	1.75	0.00	0.00	0.50	0.75	1.75	2.00	0.00	1.00	-0.284668	0.193848	1.125488	9.800000	20.930000	1.890000	612.00	-0.238503	-0.083240
10.05	0.00	0.00	0.00	0.00	0.00	0.00	0.00	0.00	1.50	4.00	2.50	2.25	2.00	7.25	2.00	3.00	-0.854004	0.930176	2.470215	34.160000	420.209991	-99.260002	228.00	0.302110	-0.025861	9.50	9.00	13.25	11.50	3.25	5.50	0.00	2.00	0.00	0.00	0.50	0.75	1.75	2.25	0.25	1.75	-0.252930	0.121582	1.014160	3.010000	16.940001	0.910000	641.00	-0.227641	-0.084337
10.06	0.00	0.00	0.00	0.00	0.00	0.00	0.00	0.00	1.00	2.50	1.50	1.25	0.75	3.75	1.00	1.00	-1.017578	1.057617	2.077637	22.469999	425.179993	-121.449997	122.00	0.297656	-0.002977	10.00	9.25	13.75	11.75	4.00	5.50	0.00	2.25	0.00	0.00	0.75	1.25	1.75	2.75	0.50	1.75	-0.258789	0.131348	1.029785	0.840000	10.990000	0.490000	683.00	-0.216188	-0.082363
10.07	0.00	0.00	0.00	0.00	0.00	0.00	0.00	0.00	0.75	1.00	1.25	1.25	0.50	1.25	0.50	0.50	-0.995605	1.186035	1.959473	76.160004	419.160004	-135.660004	69.00	0.272976	-0.049709	10.00	9.25	13.75	11.50	4.00	5.75	0.00	2.25	0.00	0.00	1.00	1.25	1.75	3.50	0.50	1.75	-0.243652	0.147461	1.025391	-1.680000	6.860000	0.420000	692.00	-0.208184	-0.080276
10.08	0.00	0.00	0.00	0.00	0.00	0.00	0.00	0.00	0.75	1.00	1.00	1.00	0.25	1.50	0.50	0.50	-0.288086	0.788574	2.329590	112.910004	408.519989	-154.139999	64.00	0.285737	-0.015459	10.25	9.25	13.75	11.75	4.00	5.75	0.00	2.25	0.00	0.25	1.00	1.00	1.75	3.75	0.50	1.75	-0.227051	0.128418	0.970215	-2.170000	4.620000	0.700000	700.00	-0.207233	-0.078012
10.09	0.00	0.00	0.00	0.00	0.00	0.00	0.00	0.00	0.50	0.75	0.75	0.50	0.25	1.50	0.50	0.75	-0.354004	0.503418	1.381836	106.610001	379.470001	-171.919998	52.00	0.302870	-0.011948	10.00	9.25	13.75	11.75	4.00	6.00	0.00	2.25	0.00	0.25	1.00	1.75	2.00	4.00	0.50	2.25	-0.227539	0.135742	0.971191	-1.960000	5.460000	0.490000	715.00	-0.196563	-0.083134
10.10	0.00	0.00	0.00	0.00	0.00	0.00	0.00	0.00	0.50	0.75	0.75	0.75	0.50	1.25	0.25	0.25	-0.055664	0.491211	1.420410	100.099998	378.769989	-190.539993	49.00	0.000000	0.000000	10.00	9.25	13.25	11.25	4.75	6.25	0.00	2.50	0.00	0.50	1.25	1.75	2.00	4.50	0.50	2.25	-0.235840	0.137207	0.983398	-2.380000	6.300000	0.140000	728.00	-0.186773	-0.082144
10.11	0.00	0.00	0.00	0.00	0.00	0.00	0.00	0.00	0.00	0.25	0.25	0.50	0.25	0.75	0.00	0.00	0.620605	0.232910	1.569824	124.529999	367.220001	-204.050003	19.00	0.000000	0.000000	9.50	9.00	12.75	11.00	5.00	6.25	0.00	2.75	0.25	0.75	1.25	1.75	2.25	4.75	0.50	1.75	-0.238770	0.142090	0.979980	-2.520000	6.510000	-0.210000	726.00	-0.178073	-0.082472
10.12	0.00	0.00	0.00	0.00	0.00	0.00	0.00	0.00	0.00	0.00	0.00	0.00	0.00	0.00	0.00	0.00	0.216309	0.907715	3.255371	170.380005	253.820007	-251.440002	0.00	0.000000	0.000000	9.50	8.75	12.50	11.00	5.00	6.00	0.00	2.75	0.25	0.75	1.75	2.25	2.50	4.75	0.50	2.25	-0.246582	0.138184	0.998047	-3.290000	6.440000	-0.210000	734.00	-0.168406	-0.085902
10.13	0.00	0.25	0.25	0.00	0.00	0.00	0.00	0.00	0.00	0.00	0.00	0.00	0.00	0.25	0.00	0.00	0.985352	0.655762	3.000977	157.500000	66.290001	-237.509995	7.00	0.000000	0.000000	9.00	8.50	12.00	10.50	4.75	6.25	0.00	2.75	0.25	0.75	1.75	2.25	2.25	5.25	0.75	2.75	-0.245117	0.131836	0.998535	-3.710000	6.160000	-0.280000	723.00	-0.157886	-0.086766
10.14	0.00	0.25	0.25	0.00	0.00	0.00	0.00	0.00	0.00	0.00	0.00	0.25	0.00	0.00	0.00	0.00	0.755859	0.469238	2.484375	102.480003	-94.709999	-207.899994	8.00	0.000000	0.000000	8.25	8.25	11.25	10.00	5.00	6.25	0.00	2.75	0.25	1.00	2.50	2.25	2.25	5.50	1.00	2.75	-0.240234	0.137695	0.990234	-3.990000	5.530000	-0.350000	717.00	-0.142605	-0.088032
10.15	0.00	0.25	0.00	0.00	0.00	0.00	0.00	0.00	0.00	0.00	0.00	0.25	0.00	0.25	0.00	0.00	0.529785	0.322754	1.746094	23.730000	-198.240005	-171.850006	7.00	0.000000	0.000000	8.25	7.50	11.00	9.75	5.00	6.00	0.00	2.75	0.25	1.00	2.50	2.00	2.50	5.75	0.75	3.00	-0.239258	0.131348	0.988770	-3.920000	5.110000	-0.560000	702.00	-0.138576	-0.086743
10.16	0.00	0.00	0.00	0.00	0.00	0.00	0.00	0.00	0.00	0.00	0.00	0.00	0.00	0.25	0.00	0.00	0.341309	0.325195	1.051758	-48.439999	-241.360001	-148.610001	2.00	0.000000	0.000000	7.75	7.50	10.25	9.00	5.00	6.00	0.00	2.50	0.25	1.00	2.25	2.25	2.25	5.75	0.75	3.00	-0.241211	0.137695	0.982422	-3.430000	4.970000	-0.420000	674.00	-0.134910	-0.086522
10.17	0.00	0.25	0.00	0.00	0.00	0.00	0.00	0.00	0.00	0.00	0.00	0.00	0.00	0.25	0.00	0.00	0.228027	0.450195	0.676270	-80.360001	-248.779999	-135.729996	4.00	0.000000	0.000000	7.50	7.00	9.75	8.50	4.50	5.75	0.00	2.75	0.25	1.00	2.00	2.25	2.25	5.75	0.75	2.75	-0.237305	0.132324	0.979492	-3.220000	4.830000	-0.420000	648.00	-0.131203	-0.088748
10.18	0.00	0.00	0.25	0.00	0.00	0.00	0.00	0.00	0.00	0.00	0.00	0.00	0.00	0.25	0.00	0.25	0.185059	0.576172	0.466309	-65.800003	-242.199997	-124.529999	6.00	0.000000	0.000000	7.00	6.75	9.25	8.25	4.25	5.50	0.00	2.50	0.25	1.25	2.25	2.00	2.25	5.75	0.75	2.75	-0.239746	0.129395	0.978027	-2.590000	5.110000	-0.700000	625.00	-0.125065	-0.087710
10.19	0.00	0.25	0.25	0.00	0.00	0.00	0.00	0.00	0.00	0.00	0.00	0.00	0.00	0.25	0.00	0.00	0.177734	0.609863	0.342773	9.380000	-224.490005	-101.919998	7.00	0.000000	0.000000	6.50	6.50	8.50	7.50	4.00	5.25	0.00	2.50	0.25	1.50	2.50	2.50	2.50	5.75	1.00	3.00	-0.241211	0.131348	0.979004	-2.450000	5.600000	-0.770000	612.00	-0.107057	-0.092566
10.20	0.00	0.25	0.00	0.00	0.00	0.00	0.00	0.00	0.00	0.00	0.00	0.00	0.00	0.25	0.00	0.00	0.150879	0.537598	0.403320	60.270000	-213.220001	-80.779999	4.00	0.000000	0.000000	5.75	6.00	7.75	7.25	4.00	5.00	0.00	2.50	0.25	1.75	3.00	2.50	2.50	5.75	1.00	3.00	-0.240234	0.133789	0.977539	-2.590000	6.090000	-0.980000	594.00	-0.093055	-0.095275
10.21	0.00	0.25	0.00	0.00	0.00	0.00	0.00	0.00	0.00	0.00	0.00	0.00	0.00	0.00	0.00	0.00	0.119629	0.452148	0.540039	86.239998	-204.750000	-54.459999	2.00	0.000000	0.000000	5.25	5.75	7.00	6.75	4.00	5.00	0.00	2.50	0.50	2.00	3.00	2.50	2.50	6.00	1.00	3.00	-0.242188	0.128906	0.977539	-3.290000	7.210000	-1.330000	581.00	-0.079365	-0.094454
10.22	0.00	0.00	0.00	0.00	0.00	0.00	0.00	0.00	0.00	0.00	0.00	0.00	0.00	0.00	0.00	0.00	0.117676	0.383301	0.699707	85.330002	-200.059998	-22.680000	0.00	0.000000	0.000000	5.00	5.50	7.25	6.25	3.50	4.50	0.00	2.50	0.50	2.25	3.25	2.50	2.50	6.00	1.50	3.00	-0.239258	0.123047	0.987793	-3.710000	7.700000	-1.330000	573.00	-0.067004	-0.092004
10.23	0.00	0.00	0.25	0.00	0.00	0.00	0.00	0.00	0.00	0.00	0.00	0.00	0.00	0.00	0.00	0.00	0.096191	0.377930	0.895020	60.970001	-202.930008	29.610001	3.00	0.000000	0.000000	3.50	5.00	5.50	5.75	3.50	4.00	0.00	2.50	0.50	2.50	3.50	2.75	2.50	6.00	1.50	3.00	-0.242676	0.129395	0.986816	-3.710000	7.700000	-0.980000	530.00	-0.039308	-0.101061
10.24	0.25	0.25	0.00	0.00	0.00	0.00	0.00	0.00	0.00	0.00	0.00	0.00	0.00	0.00	0.00	0.00	0.075684	0.381348	0.943848	56.139999	-206.360001	46.619999	5.00	0.000000	0.000000	3.75	4.75	5.00	5.50	3.25	3.50	0.00	2.50	0.75	2.50	3.50	3.00	2.75	6.50	1.50	3.00	-0.247070	0.122559	0.983398	-3.430000	7.280000	-0.980000	526.00	-0.026535	-0.098056
10.25	0.00	0.25	0.00	0.00	0.00	0.00	0.00	0.00	0.00	0.00	0.00	0.00	0.00	0.00	0.00	0.00	0.046387	0.348145	0.992188	56.560001	-215.040009	76.930000	2.00	0.000000	0.000000	3.75	4.50	3.75	4.25	3.25	3.50	0.00	2.50	0.75	2.75	3.75	2.75	2.75	7.00	1.50	3.00	-0.249023	0.123047	0.979980	-3.010000	7.070000	-1.120000	503.00	-0.005813	-0.095370
10.26	0.00	0.00	0.00	0.00	0.00	0.00	0.00	0.00	0.00	0.00	0.00	0.00	0.00	0.00	0.00	0.00	-0.001465	0.239258	1.064453	71.260002	-227.220001	110.739998	0.00	0.000000	0.000000	2.25	4.00	3.50	4.00	2.75	3.25	0.00	2.25	1.00	3.00	4.00	3.00	2.75	7.25	1.50	3.00	-0.249512	0.125488	0.971680	-2.660000	6.930000	-1.190000	478.00	0.023863	-0.096688
10.27	0.00	0.00	0.00	0.00	0.00	0.00	0.00	0.00	0.00	0.00	0.00	0.00	0.00	0.00	0.00	0.00	-0.046387	0.130859	1.125977	80.849998	-234.710007	125.790001	0.00	0.000000	0.000000	2.25	3.75	3.50	4.00	2.75	3.00	0.00	2.50	1.25	3.25	4.50	3.25	3.00	7.75	1.50	3.50	-0.252441	0.123535	0.975098	-2.870000	6.580000	-1.330000	500.00	0.038078	-0.096067
10.28	0.00	0.00	0.00	0.00	0.00	0.00	0.00	0.00	0.00	0.00	0.00	0.00	0.00	0.00	0.00	0.00	-0.096191	0.034668	1.226074	85.540001	-243.110001	134.330002	0.00	0.000000	0.000000	2.00	3.50	2.25	3.75	2.75	2.75	0.00	2.50	1.25	3.25	4.75	3.50	3.25	8.25	1.50	3.50	-0.251953	0.124023	0.974121	-3.080000	6.090000	-1.400000	487.00	0.059940	-0.100837
10.29	0.00	0.00	0.00	0.00	0.00	0.00	0.00	0.00	0.00	0.00	0.00	0.00	0.00	0.00	0.00	0.00	-0.152344	-0.042480	1.287598	86.940002	-252.279999	136.850006	0.00	0.000000	0.000000	1.50	2.25	2.75	3.25	2.75	2.75	0.00	2.25	1.25	3.50	5.50	3.75	3.25	8.50	1.75	3.25	-0.253906	0.131348	0.974609	-3.290000	5.530000	-1.330000	484.00	0.084072	-0.094129
10.30	0.00	0.00	0.00	0.00	0.00	0.00	0.00	0.00	0.00	0.00	0.00	0.00	0.00	0.00	0.00	0.00	-0.229980	-0.097656	1.372559	88.340004	-262.079987	133.559998	0.00	0.000000	0.000000	1.25	2.50	3.00	3.25	2.75	3.00	0.00	2.50	1.75	4.00	5.75	4.00	3.25	9.25	2.00	3.50	-0.251465	0.126953	0.978027	-3.220000	5.040000	-1.400000	520.00	0.091931	-0.089677
10.31	0.00	0.00	0.00	0.00	0.00	0.00	0.00	0.00	0.00	0.00	0.00	0.00	0.00	0.00	0.00	0.00	-0.286621	-0.139160	1.418457	91.349998	-271.110016	125.160004	0.00	0.000000	0.000000	1.00	3.00	2.50	2.75	2.50	2.75	0.25	2.50	2.00	4.50	5.75	4.25	3.75	9.50	2.00	4.00	-0.250000	0.128906	0.980957	-3.150000	4.410000	-1.540000	530.00	0.106274	-0.089648
10.32	0.00	0.00	0.00	0.00	0.00	0.00	0.00	0.00	0.00	0.00	0.00	0.00	0.00	0.00	0.00	0.00	-0.399414	-0.187012	1.505371	96.669998	-282.029999	107.099998	0.00	0.000000	0.000000	0.50	2.25	1.50	2.25	2.25	2.25	0.25	2.50	2.00	4.75	6.50	4.50	3.75	10.50	2.50	4.00	-0.253906	0.125000	0.975586	-2.940000	4.130000	-1.890000	519.00	0.145456	-0.088120
10.33	0.00	0.00	0.00	0.00	0.00	0.00	0.00	0.00	0.00	0.00	0.00	0.00	0.00	0.00	0.00	0.00	-0.488281	-0.180176	1.579102	93.029999	-287.140015	95.199997	0.00	0.000000	0.000000	0.25	1.50	1.75	2.00	2.25	2.25	0.25	2.75	2.50	5.00	6.75	5.00	4.25	11.25	2.00	4.00	-0.258789	0.121582	0.976562	-2.520000	4.060000	-2.450000	536.00	0.157922	-0.085524
10.34	0.00	0.25	0.00	0.00	0.00	0.00	0.00	0.00	0.00	0.00	0.00	0.00	0.00	0.00	0.00	0.00	-0.562988	-0.115723	1.650391	82.389999	-291.059998	86.379997	2.00	0.000000	0.000000	0.50	1.25	1.75	1.50	2.00	1.75	0.25	2.50	2.50	5.25	7.00	5.25	4.25	11.75	2.25	4.00	-0.258301	0.130371	0.979492	-2.450000	4.340000	-3.010000	534.00	0.172330	-0.077809
10.35	0.00	0.25	0.00	0.00	0.00	0.00	0.00	0.00	0.00	0.00	0.00	0.00	0.00	0.00	0.00	0.00	-0.643066	0.003418	1.715820	70.910004	-293.369995	82.180000	2.00	0.000000	0.000000	0.25	1.00	1.25	1.50	2.00	1.50	0.25	2.50	2.50	6.00	7.50	5.50	4.25	12.00	2.50	4.25	-0.255859	0.125000	0.974609	-2.310000	4.830000	-3.570000	542.00	0.187931	-0.078063
10.36	0.00	0.00	0.00	0.00	0.00	0.00	0.00	0.00	0.00	0.00	0.00	0.00	0.00	0.00	0.00	0.00	-0.717285	0.127441	1.758789	64.330002	-295.610016	84.840004	0.00	0.000000	0.000000	0.25	1.00	1.00	1.25	1.75	1.50	0.25	2.75	3.00	6.50	8.25	5.50	4.25	13.25	2.50	4.25	-0.255859	0.119141	0.980469	-2.520000	5.810000	-4.200000	568.00	0.198635	-0.071327
10.37	0.00	0.00	0.00	0.00	0.00	0.00	0.00	0.00	0.00	0.00	0.00	0.00	0.00	0.00	0.00	0.00	-0.826172	0.237305	1.788086	59.150002	-296.309998	92.959999	0.00	0.000000	0.000000	0.50	0.50	1.25	1.00	1.50	1.75	0.00	2.75	3.50	7.00	8.50	5.75	4.25	14.75	2.50	4.25	-0.266113	0.128418	0.976074	-2.450000	7.490000	-4.550000	592.00	0.207285	-0.062703
10.38	0.00	0.00	0.00	0.00	0.00	0.00	0.00	0.00	0.00	0.00	0.00	0.00	0.00	0.00	0.00	0.00	-0.937500	0.344727	1.812988	54.110001	-292.950012	106.820000	0.00	0.000000	0.000000	0.50	0.50	1.25	1.00	1.50	1.00	0.25	2.50	3.75	7.25	9.00	6.25	4.50	15.50	2.50	4.75	-0.254395	0.118652	0.979980	-2.310000	10.430000	-5.250000	612.00	0.215913	-0.056102
10.39	0.00	0.00	0.00	0.00	0.00	0.00	0.00	0.00	0.00	0.00	0.00	0.00	0.00	0.00	0.00	0.00	-1.168945	0.514648	1.898438	42.980000	-279.510010	136.710007	0.00	0.000000	0.000000	0.25	0.50	0.75	0.75	1.00	0.75	0.25	2.50	4.25	7.50	9.50	7.00	4.50	16.50	2.50	4.75	-0.258789	0.127441	0.984375	-2.170000	12.880000	-5.880000	623.00	0.232806	-0.053815
10.40	0.00	0.00	0.00	0.00	0.00	0.00	0.00	0.00	0.00	0.00	0.00	0.00	0.00	0.00	0.00	0.00	-1.413086	0.663574	2.012207	31.080000	-268.170013	159.460007	0.00	0.000000	0.000000	0.25	0.75	0.50	0.75	0.50	0.75	0.25	2.50	4.50	8.00	10.25	7.00	4.75	17.25	3.00	4.75	-0.266602	0.122070	0.986816	-0.980000	15.960000	-6.720000	648.00	0.238766	-0.053268
10.41	0.00	0.00	0.00	0.00	0.00	0.00	0.00	0.00	0.00	0.00	0.00	0.00	0.00	0.00	0.00	0.00	-1.695312	0.822754	2.143066	18.969999	-258.649994	180.949997	0.00	0.000000	0.000000	0.25	0.50	0.25	0.50	0.25	0.50	0.25	2.25	4.75	8.50	10.50	7.00	5.00	19.25	3.00	5.00	-0.282227	0.110840	0.979004	0.840000	19.180000	-7.700000	662.00	0.254463	-0.044032
10.42	0.00	0.00	0.00	0.00	0.00	0.00	0.00	0.00	0.00	0.00	0.00	0.00	0.00	0.00	0.00	0.00	-2.041016	0.945312	2.229980	13.860000	-255.710007	201.740005	0.00	0.000000	0.000000	0.75	0.25	0.25	0.25	0.25	0.25	0.00	2.00	5.50	9.00	10.75	7.50	5.25	19.75	3.00	5.00	-0.263184	0.122070	0.999512	2.940000	27.160000	-5.740000	681.00	0.258163	-0.037223
10.43	0.00	0.00	0.00	0.00	0.00	0.00	0.00	0.00	0.00	0.00	0.00	0.00	0.00	0.00	0.00	0.00	-2.395020	1.009766	2.239258	8.610000	-263.690002	215.320007	0.00	0.000000	0.000000	0.25	0.25	0.25	0.25	0.25	0.25	0.00	1.75	5.75	9.50	11.75	7.25	5.00	20.25	3.00	5.25	-0.278809	0.119141	1.000488	4.200000	32.340000	-5.740000	692.00	0.265590	-0.032231
10.44	0.00	0.00	0.00	0.00	0.00	0.00	0.00	0.00	0.00	0.00	0.00	0.00	0.00	0.00	0.00	0.00	-2.682129	1.025391	2.021973	8.540000	-279.019989	219.029999	0.00	0.000000	0.000000	0.00	0.25	0.25	0.00	0.25	0.00	0.00	1.75	6.25	9.75	11.75	7.75	5.00	20.50	3.00	5.25	-0.286133	0.118652	0.991699	5.460000	42.000000	-5.390000	701.00	0.271672	-0.029190
10.45	0.00	0.25	0.00	0.00	0.00	0.00	0.00	0.00	0.00	0.00	0.00	0.00	0.00	0.00	0.00	0.00	-2.851074	0.852539	1.532715	31.780001	-289.100006	215.809998	2.00	0.000000	0.000000	0.25	0.00	0.25	0.00	0.00	0.25	0.00	1.50	6.50	10.50	12.25	7.75	5.00	21.25	3.25	5.50	-0.298340	0.132812	1.000977	6.650000	48.230000	-5.390000	724.00	0.274027	-0.024766
10.46	0.00	0.25	0.00	0.00	0.00	0.00	0.00	0.00	0.00	0.00	0.00	0.00	0.00	0.00	0.00	0.00	-3.020508	0.309570	0.786133	104.790001	-269.640015	207.270004	2.00	0.000000	0.000000	0.25	0.25	0.00	0.00	0.00	0.00	0.00	1.00	7.00	11.00	12.75	8.00	5.00	21.75	3.50	5.25	-0.303711	0.110840	1.035645	7.420000	54.880001	-4.970000	738.00	0.278584	-0.017782
10.47	0.00	0.00	0.00	0.00	0.00	0.00	0.00	0.00	0.00	0.25	0.00	0.00	0.00	0.00	0.00	0.00	-2.936523	-0.223633	0.047363	134.399994	-229.250000	205.869995	3.00	0.000000	0.000000	0.00	0.00	0.25	0.25	0.00	0.00	0.00	1.00	7.50	11.50	13.00	8.25	4.75	22.25	3.00	5.00	-0.325684	0.145508	1.005371	8.050000	63.279999	-4.900000	751.00	0.278106	-0.012955
10.48	0.00	0.00	0.00	0.00	0.00	0.00	0.00	0.00	0.00	0.00	0.00	0.00	0.00	0.00	0.00	0.00	-3.151367	-0.898438	-0.374023	163.589996	-176.399994	208.949997	0.00	0.000000	0.000000	0.00	0.00	0.25	0.25	0.00	0.00	0.00	0.75	7.50	11.50	13.50	8.00	4.75	22.50	3.50	5.25	-0.337891	0.168457	1.060059	5.110000	70.139999	-5.110000	759.00	0.280875	-0.011265
10.49	0.00	0.00	0.00	0.00	0.00	0.00	0.00	0.00	0.00	0.00	0.00	0.00	0.00	0.00	0.00	0.00	-3.834961	-1.382324	-0.289062	161.139999	-127.120003	192.149994	0.00	0.000000	0.000000	0.00	0.00	0.00	0.00	0.00	0.00	0.00	0.50	8.00	11.75	13.75	8.00	4.50	23.25	3.75	5.50	-0.338867	0.144043	1.053223	0.910000	84.000000	-8.050000	769.00	0.287783	-0.004599
10.50	0.00	0.00	0.00	0.00	0.00	0.00	0.00	0.00	0.00	0.25	0.00	0.00	0.00	0.00	0.00	0.00	-4.000977	-1.541504	-0.357910	95.340004	-83.230003	139.160004	3.00	0.000000	0.000000	0.00	0.00	0.25	0.00	0.00	0.00	0.00	0.50	8.25	11.75	13.75	8.00	4.25	25.00	3.75	5.75	-0.363770	0.122070	1.050781	-0.280000	92.190002	-9.730000	789.00	0.288507	0.001051
10.51	0.00	0.00	0.00	0.00	0.00	0.00	0.00	0.00	0.00	0.25	0.00	0.00	0.00	0.00	0.00	0.00	-3.530273	-1.361328	-0.572754	3.360000	-34.090000	59.430000	3.00	0.000000	0.000000	0.00	0.00	0.00	0.00	0.00	0.00	0.00	0.25	8.50	12.50	13.75	8.00	4.00	26.00	3.75	5.75	-0.373047	0.135254	1.057129	-2.380000	98.910004	-9.940000	800.00	0.292917	0.007474
10.52	0.00	0.25	0.25	0.00	0.00	0.00	0.00	0.00	0.00	0.00	0.00	0.00	0.00	0.00	0.00	0.00	-4.128418	-1.113281	0.190430	-122.919998	193.059998	-63.980000	5.00	0.000000	0.000000	0.00	0.00	0.25	0.00	0.00	0.00	0.00	0.25	8.50	12.25	13.50	7.25	3.50	26.75	4.00	5.75	-0.383789	0.149902	1.066895	-4.970000	106.470001	-10.290000	795.00	0.294223	0.014633
10.53	0.50	0.50	0.50	0.25	0.00	0.00	0.00	0.00	0.00	0.00	0.00	0.00	0.00	0.00	0.00	0.00	0.258301	0.086914	-0.296387	-186.270004	271.110016	-118.020004	18.00	0.000000	0.000000	0.00	0.00	0.00	0.00	0.00	0.00	0.00	0.25	8.75	12.50	13.00	6.75	3.25	27.25	4.00	5.75	-0.419434	0.167480	1.062500	-7.980000	117.949997	-11.690000	789.00	0.297888	0.020736
10.54	0.75	1.25	0.75	0.75	0.00	0.00	0.00	0.00	0.00	0.00	0.00	0.00	0.00	0.00	0.00	0.00	0.157227	0.594727	2.067383	-195.580002	280.839996	-112.910004	36.00	0.000000	0.000000	0.00	0.00	0.00	0.00	0.00	0.00	0.00	0.00	9.00	12.25	12.75	6.25	2.75	27.75	4.00	5.75	-0.419922	0.166992	1.123047	-13.090000	130.899994	-15.330000	778.00	0.301624	0.029826
10.55	3.50	2.50	2.00	2.50	0.00	0.00	0.00	0.00	0.00	0.00	0.00	0.00	0.00	0.00	0.00	0.00	-0.530762	0.613770	1.570312	-146.369995	238.910004	-68.459999	109.00	-0.348823	-0.037211	0.00	0.00	0.00	0.00	0.00	0.00	0.00	0.00	8.75	12.50	12.00	5.50	2.00	28.00	3.75	5.50	-0.455566	0.173340	1.051270	-17.710001	156.800003	-21.910000	753.00	0.304373	0.039492
10.56	5.00	5.00	3.50	4.00	0.00	0.00	0.00	0.00	0.00	0.00	0.00	0.00	0.00	0.00	0.00	0.00	-0.375977	0.512695	0.603516	-114.940002	241.500000	-39.130001	181.00	-0.348861	-0.046461	0.00	0.00	0.00	0.00	0.00	0.00	0.00	0.00	8.75	12.50	11.00	4.75	1.50	28.25	3.25	5.50	-0.554688	0.136719	1.113281	-23.240000	173.880005	-27.510000	727.00	0.306934	0.049645
10.57	6.00	6.00	4.50	5.25	0.00	0.00	0.00	0.00	0.00	0.00	0.00	0.00	0.00	0.00	0.00	0.00	-0.279297	0.360840	0.925781	-89.809998	276.709991	-12.040000	225.00	-0.346277	-0.048354	0.00	0.00	0.00	0.00	0.00	0.00	0.00	0.00	8.75	12.25	9.75	4.00	1.25	28.00	3.75	5.25	-0.535645	0.266113	1.153809	-29.960001	196.630005	-34.790001	703.00	0.310568	0.057465
10.58	6.75	6.50	5.25	6.50	0.00	0.00	0.00	0.00	0.00	0.00	0.00	0.00	0.00	0.00	0.00	0.00	-0.480957	0.061035	1.413086	-67.269997	287.140015	5.600000	260.00	-0.343528	-0.050628	0.00	0.00	0.00	0.00	0.00	0.00	0.00	0.00	8.25	11.75	8.75	3.00	1.25	27.75	3.75	4.50	-0.570801	0.123047	1.349609	-37.939999	219.589996	-43.750000	664.00	0.314007	0.065519
10.59	7.75	7.75	6.00	7.50	0.00	0.00	0.00	0.00	0.00	0.00	0.00	0.00	0.00	0.00	0.00	0.00	-0.643066	-0.426270	1.334961	-44.799999	262.429993	3.500000	301.00	-0.344176	-0.052024	0.00	0.00	0.00	0.00	0.00	0.00	0.00	0.00	7.75	11.00	7.75	2.50	1.00	27.00	3.75	4.00	-0.609863	0.187012	1.323242	-54.040001	250.389999	-48.090000	623.00	0.317209	0.071794
10.60	9.00	9.25	8.50	10.75	0.25	0.50	0.00	0.25	0.00	0.00	0.00	0.00	0.00	0.00	0.00	0.00	-2.657715	1.470703	2.488770	-61.880001	282.170013	-34.509998	403.00	-0.330894	-0.061695	0.00	0.00	0.00	0.00	0.00	0.00	0.00	0.00	7.25	10.50	6.75	1.50	1.00	25.00	3.25	3.50	-0.655273	0.342285	1.550781	-52.849998	284.760010	-55.510002	565.00	0.318439	0.079960
10.61	10.50	10.25	13.25	16.75	0.50	5.00	0.00	2.00	0.00	0.00	0.00	0.25	2.50	0.00	0.00	0.00	-0.488281	-0.693359	2.218750	1.400000	98.489998	14.560000	649.00	-0.277816	-0.106556	0.00	0.00	0.00	0.00	0.00	0.00	0.00	0.00	6.00	9.50	5.50	1.00	1.00	22.25	2.50	3.00	-0.784180	0.079590	1.640625	-46.200001	332.010010	-71.959999	486.00	0.319659	0.083237
10.62	11.50	10.25	16.25	19.00	1.75	7.25	0.00	3.25	0.00	0.00	0.00	1.00	4.00	0.25	0.00	1.50	-1.756348	0.231445	5.690918	-2.660000	57.470001	2.590000	806.00	-0.246268	-0.117124	0.00	0.00	0.00	0.00	0.00	0.00	0.00	0.00	4.75	8.00	4.25	0.50	0.75	19.25	1.75	2.25	-0.942871	0.498535	2.093262	-49.910000	361.899994	-75.180000	396.00	0.322618	0.092000
10.63	10.75	9.75	15.50	18.00	2.00	8.25	0.25	3.75	0.00	0.00	0.25	1.25	4.50	0.50	0.00	2.50	-0.178223	0.054199	0.940430	10.710000	10.850000	3.150000	817.00	-0.226762	-0.124968	0.00	0.00	0.00	0.00	0.00	0.00	0.00	0.00	3.50	6.25	2.25	0.50	0.75	15.25	1.50	1.75	-1.193848	0.560059	1.260254	-15.330000	401.660004	-82.879997	301.00	0.326583	0.093723
10.64	9.25	8.75	14.75	16.50	2.00	8.00	0.00	3.75	0.00	0.00	0.50	2.50	4.75	0.75	0.00	3.50	-0.168945	0.168945	0.963379	7.840000	21.350000	1.470000	786.00	-0.205405	-0.134789	0.00	0.00	0.00	0.00	0.00	0.00	0.00	0.00	2.25	4.00	0.50	0.25	0.75	10.25	1.25	1.25	-1.334961	0.315430	3.986328	15.750000	398.929993	-87.290001	193.00	0.333512	0.096845
10.65	9.00	8.25	14.75	16.50	2.75	8.25	0.00	4.25	0.00	0.00	0.50	3.50	5.25	1.00	0.00	3.75	-0.241699	0.138184	1.007324	10.360000	13.790000	1.400000	816.00	-0.190899	-0.139556	0.00	0.00	0.00	0.00	0.00	0.00	0.00	0.00	1.25	1.50	0.75	0.25	0.50	5.25	1.00	0.25	-0.560059	0.607422	2.543945	-7.630000	402.360016	-100.029999	103.00	0.331343	0.081777
10.66	9.00	8.50	14.75	16.75	3.25	9.25	0.00	4.50	0.00	0.00	0.75	3.75	5.50	1.75	0.25	4.50	-0.234863	0.148926	1.020996	8.680000	10.850000	1.470000	862.00	-0.177813	-0.140928	0.00	0.00	0.00	0.00	0.00	0.00	0.00	0.00	0.50	1.00	0.50	0.25	0.50	1.50	0.50	0.25	-0.994629	0.576172	2.083008	-12.390000	394.100006	-111.020004	49.00	0.000000	0.000000
10.67	9.25	9.00	14.50	17.00	3.75	9.25	0.00	4.75	0.00	0.00	1.25	3.75	5.75	2.00	0.25	4.50	-0.220703	0.142090	0.986328	5.810000	8.260000	0.910000	888.00	-0.174095	-0.141011	0.00	0.00	0.00	0.00	0.00	0.00	0.00	0.00	0.25	0.75	0.50	0.00	0.00	1.50	0.25	0.50	-0.605469	0.711426	2.032227	8.260000	384.860016	-132.649994	34.00	0.000000	0.000000
10.68	9.00	8.50	14.25	16.25	3.75	9.50	0.00	5.00	0.00	0.25	1.25	4.25	5.50	2.00	0.50	4.25	-0.232910	0.134766	0.997070	4.830000	6.580000	0.840000	883.00	-0.166475	-0.142136	0.00	0.00	0.00	0.00	0.00	0.00	0.00	0.00	0.25	0.50	0.25	0.25	0.00	1.25	0.25	0.25	-0.088867	1.016602	1.115723	13.440001	394.029999	-150.850006	28.00	0.000000	0.000000
10.69	8.75	8.50	13.75	15.75	3.75	9.50	0.00	5.00	0.00	0.25	1.25	4.50	5.50	2.25	0.50	4.50	-0.223145	0.135254	0.992676	3.990000	5.180000	0.700000	876.00	-0.161029	-0.143784	0.00	0.00	0.00	0.00	0.00	0.00	0.00	0.00	0.25	0.50	0.50	0.25	0.25	1.25	0.25	0.25	-0.095703	0.750000	1.570312	53.760002	395.360016	-158.690002	33.00	0.000000	0.000000
10.70	8.75	8.25	13.50	15.25	3.75	9.25	0.00	5.00	0.00	0.50	1.50	4.75	5.75	2.50	0.50	4.50	-0.221191	0.146484	0.982910	3.080000	4.270000	0.840000	874.00	-0.153574	-0.143319	0.00	0.00	0.00	0.00	0.00	0.00	0.00	0.00	0.25	0.50	0.25	0.00	0.00	0.50	0.00	0.00	0.308105	0.455078	1.356445	92.540001	377.860016	-167.160004	15.00	0.000000	0.000000
10.71	8.50	8.25	13.00	15.00	3.50	9.25	0.00	5.00	0.00	0.50	1.50	4.75	5.50	2.50	0.50	4.25	-0.215820	0.140625	0.976074	1.750000	3.430000	0.350000	857.00	-0.153385	-0.144915	0.00	0.00	0.00	0.00	0.00	0.00	0.00	0.00	0.00	0.00	0.00	0.00	0.00	0.00	0.00	0.00	-0.512695	0.805664	1.807129	184.520004	351.190002	-201.880005	0.00	0.000000	0.000000
10.72	8.25	8.50	12.50	14.25	3.50	9.00	0.00	4.75	0.00	0.25	1.75	4.75	5.25	2.50	0.50	4.00	-0.211914	0.136230	0.972656	1.120000	3.080000	0.000000	833.00	-0.153625	-0.144457	0.00	0.00	0.00	0.00	0.00	0.00	0.00	0.00	0.00	0.00	0.00	0.00	0.00	0.00	0.00	0.00	0.410156	0.615723	3.385742	214.619995	102.340004	-183.470001	0.00	0.000000	0.000000
10.73	8.00	8.00	11.75	13.25	3.25	8.75	0.00	4.75	0.00	0.50	1.50	4.25	5.25	2.50	0.50	4.25	-0.208496	0.141602	0.972168	0.420000	3.150000	-0.210000	797.00	-0.149860	-0.145477	0.00	0.00	0.25	0.00	0.00	0.00	0.00	0.00	0.00	0.00	0.00	0.00	0.00	0.25	0.00	0.00	0.603027	0.388672	2.284668	148.960007	-57.330002	-138.669998	5.00	0.000000	0.000000
10.74	7.75	7.75	11.50	12.75	3.00	8.50	0.00	4.75	0.00	0.50	1.50	4.50	5.25	2.25	0.50	4.25	-0.212891	0.139160	0.972168	-0.210000	3.570000	-0.350000	779.00	-0.147248	-0.148215	0.00	0.00	0.00	0.00	0.00	0.00	0.00	0.00	0.00	0.00	0.00	0.00	0.00	0.25	0.00	0.00	0.250977	0.372559	1.703125	34.020000	-160.300003	-87.570000	2.00	0.000000	0.000000
10.75	7.50	7.25	10.75	12.25	3.00	8.00	0.00	4.25	0.00	0.50	1.75	4.25	5.00	2.50	0.50	4.00	-0.210938	0.138672	0.972656	-0.770000	4.060000	-0.700000	744.00	-0.143864	-0.144918	0.00	0.00	0.00	0.00	0.00	0.00	0.00	0.00	0.00	0.00	0.00	0.00	0.00	0.25	0.00	0.00	0.104980	0.418457	0.878418	-48.860001	-203.210007	-44.590000	2.00	0.000000	0.000000
10.76	7.00	7.25	10.25	11.50	3.00	7.75	0.00	4.50	0.00	0.50	2.00	4.00	4.75	2.50	0.50	4.00	-0.216797	0.140625	0.974609	-1.260000	4.340000	-0.840000	723.00	-0.139598	-0.146847	0.00	0.00	0.00	0.00	0.00	0.00	0.00	0.00	0.00	0.00	0.00	0.00	0.00	0.25	0.00	0.00	0.105469	0.539062	0.434570	-78.330002	-204.470001	-11.480000	2.00	0.000000	0.000000
10.77	6.50	6.75	9.25	10.75	3.00	7.50	0.00	4.25	0.00	0.50	1.75	4.25	4.75	2.50	0.75	3.75	-0.213379	0.137695	0.976562	-1.470000	4.340000	-0.840000	689.00	-0.131566	-0.149791	0.00	0.00	0.00	0.00	0.00	0.00	0.00	0.00	0.00	0.00	0.00	0.00	0.00	1.25	0.00	0.00	-0.003906	0.624023	0.146484	-41.299999	-182.979996	30.520000	11.00	0.000000	0.000000
10.78	6.25	6.75	8.75	9.75	2.75	6.75	0.00	4.00	0.00	0.50	1.75	3.75	4.25	2.50	0.75	3.50	-0.214844	0.137695	0.971680	-1.330000	4.060000	-1.050000	644.00	-0.132975	-0.145899	0.00	0.00	0.00	0.00	0.00	0.00	0.00	0.00	0.00	0.00	0.00	0.00	0.00	0.75	0.00	0.00	-0.041016	0.574707	0.062500	7.980000	-163.169998	55.720001	6.00	0.000000	0.000000
10.79	5.75	6.50	8.25	9.50	2.75	6.75	0.00	4.00	0.00	0.75	2.00	3.75	4.25	2.25	0.75	3.75	-0.209473	0.131836	0.967773	-0.980000	3.920000	-1.120000	633.00	-0.125651	-0.150102	0.00	0.00	0.00	0.00	0.00	0.00	0.00	0.00	0.00	0.00	0.00	0.00	0.00	0.50	0.00	0.00	-0.081543	0.433594	0.076172	51.029999	-142.729996	78.120003	4.00	0.000000	0.000000
10.80	5.75	6.25	7.75	8.75	2.50	6.75	0.00	3.75	0.00	0.50	2.00	4.00	4.25	2.50	0.75	3.50	-0.209961	0.137207	0.969727	-0.770000	3.640000	-1.050000	611.00	-0.121126	-0.150697	0.00	0.00	0.00	0.00	0.00	0.00	0.00	0.00	0.00	0.00	0.00	0.00	0.00	0.50	0.00	0.00	-0.112305	0.280273	0.197754	74.199997	-125.440002	98.070000	4.00	0.000000	0.000000
10.81	5.25	6.00	7.50	8.25	2.25	6.25	0.00	3.75	0.00	0.25	2.00	4.00	4.25	3.00	0.75	3.50	-0.213867	0.137207	0.972656	-0.350000	3.570000	-0.980000	589.00	-0.112686	-0.151797	0.00	0.00	0.00	0.00	0.00	0.00	0.00	0.00	0.00	0.00	0.00	0.00	0.00	0.50	0.00	0.00	-0.124023	0.169434	0.339844	78.330002	-114.730003	117.459999	4.00	0.000000	0.000000
10.82	5.00	5.75	6.75	8.00	2.00	6.00	0.00	3.75	0.00	0.25	2.00	4.00	4.25	2.50	0.75	3.50	-0.213867	0.134277	0.972168	-0.000000	3.570000	-0.980000	563.00	-0.110704	-0.159109	0.00	0.00	0.00	0.00	0.00	0.00	0.00	0.00	0.00	0.00	0.00	0.00	0.00	0.50	0.00	0.00	-0.138672	0.085449	0.537598	70.910004	-113.889999	135.940002	4.00	0.000000	0.000000
10.83	4.50	5.50	6.75	7.50	2.00	5.75	0.00	3.75	0.00	0.50	2.25	4.50	4.25	2.50	0.50	3.50	-0.215332	0.133789	0.956055	0.210000	3.430000	-0.840000	555.00	-0.100950	-0.160779	0.00	0.00	0.00	0.00	0.00	0.00	0.00	0.00	0.00	0.00	0.00	0.00	0.00	0.50	0.00	0.00	-0.161133	0.025391	0.734375	58.310001	-127.050003	152.600006	4.00	0.000000	0.000000
10.84	4.75	5.25	6.25	7.25	2.00	6.00	0.00	3.75	0.00	0.75	2.25	4.75	4.25	2.25	0.25	3.50	-0.212402	0.135254	0.965332	0.350000	3.430000	-0.910000	550.00	-0.100026	-0.163526	0.00	0.00	0.00	0.00	0.00	0.00	0.00	0.00	0.00	0.00	0.00	0.00	0.00	0.25	0.00	0.00	-0.169434	-0.057129	0.953125	44.799999	-167.789993	170.449997	2.00	0.000000	0.000000
10.85	4.25	5.25	6.00	7.25	2.00	5.75	0.00	4.00	0.00	0.50	2.25	4.75	4.50	2.50	0.50	3.50	-0.222168	0.131836	0.969238	0.700000	3.360000	-0.840000	548.00	-0.091571	-0.168971	0.00	0.00	0.00	0.00	0.00	0.00	0.00	0.00	0.00	0.00	0.00	0.00	0.00	0.00	0.00	0.00	-0.200195	-0.131348	1.005371	42.279999	-200.830002	173.949997	0.00	0.000000	0.000000
10.86	4.25	5.50	6.00	7.25	2.00	5.75	0.00	4.25	0.00	0.50	2.50	4.75	5.00	2.75	0.50	3.75	-0.220215	0.137207	0.960449	0.840000	3.290000	-0.840000	564.00	-0.085897	-0.171504	0.00	0.00	0.00	0.00	0.00	0.00	0.00	0.00	0.00	0.00	0.00	0.00	0.00	0.00	0.00	0.00	-0.269531	-0.220215	1.000488	42.209999	-231.419998	169.259995	0.00	0.000000	0.000000
10.87	4.50	5.00	6.25	7.00	2.25	5.75	0.25	4.50	0.00	0.75	2.75	5.00	5.00	2.75	0.75	3.75	-0.215820	0.134277	0.966309	0.980000	3.290000	-0.840000	583.00	-0.076819	-0.165314	0.00	0.00	0.00	0.00	0.00	0.00	0.00	0.00	0.00	0.00	0.00	0.00	0.00	0.00	0.00	0.00	-0.329102	-0.307129	0.937988	42.139999	-254.729996	156.240005	0.00	0.000000	0.000000
10.88	4.75	5.00	6.25	7.25	2.25	6.00	0.00	4.50	0.00	0.50	2.75	5.50	5.25	2.75	0.75	3.75	-0.220215	0.131836	0.966797	0.910000	3.290000	-0.770000	592.00	-0.078525	-0.170741	0.00	0.00	0.00	0.00	0.00	0.00	0.00	0.00	0.00	0.00	0.00	0.00	0.00	0.00	0.00	0.00	-0.373535	-0.355957	0.880859	44.170002	-269.640015	136.779999	0.00	0.000000	0.000000
10.89	5.00	5.25	6.25	7.25	2.25	6.25	0.00	4.75	0.00	0.50	3.00	5.75	5.75	3.00	1.00	3.75	-0.211426	0.137695	0.963379	1.120000	3.430000	-0.700000	618.00	-0.073049	-0.172127	0.00	0.00	0.00	0.00	0.00	0.00	0.00	0.00	0.00	0.00	0.00	0.00	0.00	0.25	0.00	0.00	-0.437988	-0.427734	0.916016	54.599998	-280.140015	101.639999	2.00	0.000000	0.000000
10.90	4.75	5.25	6.25	7.50	2.50	6.50	0.00	5.00	0.00	0.75	3.50	6.00	6.00	3.50	1.00	4.25	-0.219238	0.141602	0.965332	0.840000	3.780000	-0.980000	647.00	-0.062183	-0.172559	0.00	0.00	0.00	0.00	0.00	0.00	0.00	0.00	0.00	0.00	0.00	0.00	0.00	0.00	0.00	0.00	-0.459961	-0.458008	0.989258	59.430000	-283.779999	77.629997	0.00	0.000000	0.000000
10.91	4.75	5.25	6.50	7.25	2.50	6.50	0.00	5.25	0.00	0.75	3.50	6.25	6.25	3.75	1.25	4.25	-0.221680	0.140625	0.970215	0.630000	4.060000	-0.910000	661.00	-0.056579	-0.172449	0.00	0.00	0.00	0.00	0.00	0.00	0.00	0.00	0.00	0.00	0.00	0.00	0.00	0.00	0.00	0.00	-0.504395	-0.462402	1.095703	58.730000	-287.420013	56.070000	0.00	0.000000	0.000000
10.92	5.00	5.25	6.50	7.00	2.50	6.75	0.00	5.50	0.00	1.00	4.00	6.50	6.50	4.00	1.25	4.50	-0.220703	0.135254	0.968750	0.560000	4.130000	-0.840000	683.00	-0.049772	-0.172043	0.00	0.00	0.00	0.00	0.00	0.00	0.00	0.00	0.00	0.00	0.00	0.00	0.00	0.00	0.00	0.00	-0.535645	-0.438477	1.213867	52.360001	-292.110016	38.779999	0.00	0.000000	0.000000
10.93	4.75	5.25	6.50	7.00	2.75	6.50	0.00	5.50	0.00	1.25	4.25	6.50	7.00	4.25	1.00	4.50	-0.216309	0.140625	0.970215	0.630000	3.920000	-0.840000	690.00	-0.045140	-0.171751	0.00	0.00	0.00	0.00	0.00	0.00	0.00	0.00	0.00	0.00	0.00	0.00	0.00	0.00	0.00	0.00	-0.559082	-0.373047	1.348145	43.400002	-298.269989	26.040001	0.00	0.000000	0.000000
10.94	4.50	5.25	6.50	7.25	3.00	6.75	0.00	5.75	0.00	1.50	4.50	7.00	7.00	5.25	1.00	4.75	-0.222168	0.137695	0.967285	0.420000	4.060000	-0.910000	719.00	-0.035252	-0.169603	0.00	0.00	0.00	0.00	0.00	0.00	0.00	0.00	0.00	0.00	0.00	0.00	0.00	0.00	0.00	0.00	-0.573730	-0.306152	1.444336	36.330002	-306.179993	18.270000	0.00	0.000000	0.000000
10.95	4.50	5.00	6.50	7.00	2.75	6.75	0.00	5.75	0.00	1.75	5.25	7.50	7.50	5.00	1.25	4.75	-0.219727	0.137695	0.972168	0.490000	4.270000	-0.840000	732.00	-0.025736	-0.172196	0.00	0.00	0.00	0.00	0.00	0.00	0.00	0.00	0.00	0.00	0.00	0.00	0.00	0.00	0.00	0.00	-0.626953	-0.188965	1.543457	34.580002	-317.660004	13.370000	0.00	0.000000	0.000000
10.96	4.50	5.00	6.25	6.75	2.75	6.75	0.00	5.75	0.00	2.25	5.50	7.75	8.00	4.75	2.00	5.00	-0.219238	0.138184	0.968262	0.420000	4.480000	-0.840000	749.00	-0.015178	-0.173553	0.00	0.00	0.00	0.00	0.00	0.00	0.00	0.00	0.00	0.00	0.00	0.00	0.00	0.00	0.00	0.00	-0.690430	-0.132812	1.639160	39.200001	-322.350006	13.230000	0.00	0.000000	0.000000
10.97	4.25	5.00	6.25	6.75	2.75	6.75	0.00	6.00	0.00	2.25	5.50	8.00	8.50	5.25	1.75	5.25	-0.223145	0.149414	0.962402	0.490000	4.900000	-0.910000	760.00	-0.010407	-0.176271	0.00	0.00	0.00	0.00	0.00	0.00	0.00	0.00	0.00	0.00	0.00	0.00	0.00	0.00	0.00	0.00	-0.741699	-0.083984	1.742676	45.500000	-324.869995	14.560000	0.00	0.000000	0.000000
10.98	4.00	4.50	5.75	6.25	3.00	6.50	0.00	6.00	0.25	2.50	5.75	8.50	8.50	6.00	2.25	5.25	-0.225586	0.140625	0.967773	1.120000	4.970000	-1.120000	767.00	0.007977	-0.171970	0.00	0.00	0.00	0.00	0.00	0.00	0.00	0.00	0.00	0.00	0.00	0.00	0.00	0.00	0.00	0.00	-0.831055	-0.049805	1.848145	50.400002	-327.250000	16.799999	0.00	0.000000	0.000000
10.99	2.75	4.00	5.50	6.00	3.00	6.50	0.00	6.00	0.00	2.50	6.25	9.25	8.75	6.50	2.25	5.50	-0.221191	0.142578	0.959473	1.190000	5.180000	-1.330000	762.00	0.025456	-0.179476	0.00	0.00	0.00	0.00	0.00	0.00	0.00	0.00	0.00	0.00	0.00	0.00	0.00	0.00	0.00	0.00	-0.956055	-0.009766	1.982422	54.950001	-328.929993	21.490000	0.00	0.000000	0.000000
11.00	2.75	3.50	5.00	5.50	2.50	6.25	0.00	6.00	0.00	3.50	6.25	9.50	9.00	7.25	2.25	5.75	-0.213379	0.144531	0.969727	1.470000	5.740000	-1.400000	761.00	0.042082	-0.177724	0.00	0.00	0.00	0.00	0.00	0.00	0.00	0.00	0.00	0.00	0.00	0.00	0.00	0.00	0.00	0.00	-1.226074	-0.002930	2.150391	56.910000	-333.269989	29.469999	0.00	0.000000	0.000000
11.01	2.00	3.50	4.75	5.25	2.25	6.00	0.00	6.00	0.00	3.75	7.50	9.75	9.25	7.50	3.00	6.00	-0.229004	0.143066	0.965820	1.540000	6.090000	-1.330000	774.00	0.060109	-0.179533	0.00	0.00	0.00	0.00	0.00	0.00	0.00	0.00	0.00	0.00	0.00	0.00	0.00	0.00	0.00	0.00	-1.474121	-0.011230	2.194824	55.369999	-334.459991	31.990000	0.00	0.000000	0.000000
11.02	2.00	3.00	4.25	4.50	2.50	5.75	0.00	6.00	0.25	3.75	7.75	10.25	9.50	7.75	2.75	6.00	-0.225098	0.139648	0.970215	1.890000	6.650000	-1.540000	768.00	0.071656	-0.178672	0.00	0.00	0.00	0.00	0.00	0.00	0.00	0.00	0.00	0.00	0.00	0.00	0.00	0.00	0.00	0.00	-1.719727	-0.041016	2.166504	51.240002	-334.040009	30.309999	0.00	0.000000	0.000000
11.03	1.75	3.00	3.25	3.75	2.25	5.50	0.00	6.25	0.25	4.25	8.00	11.00	10.00	8.50	2.75	6.00	-0.225586	0.139160	0.964355	2.030000	7.280000	-1.680000	771.00	0.089475	-0.182583	0.00	0.00	0.00	0.00	0.00	0.00	0.00	0.00	0.00	0.00	0.00	0.00	0.00	0.00	0.00	0.00	-1.955566	-0.077148	2.010254	47.529999	-329.420013	23.870001	0.00	0.000000	0.000000
11.04	1.25	2.75	2.50	3.25	2.25	5.00	0.00	6.00	0.25	5.00	9.00	11.25	10.50	9.50	2.75	6.00	-0.225098	0.141113	0.970215	2.100000	7.700000	-1.960000	774.00	0.110758	-0.180158	0.00	0.00	0.00	0.00	0.00	0.00	0.00	0.00	0.00	0.00	0.00	0.00	0.00	0.00	0.00	0.00	-2.145508	-0.123535	1.750488	48.020000	-318.570007	14.000000	0.00	0.000000	0.000000
11.05	0.75	2.75	2.25	2.75	1.50	4.25	0.00	6.25	0.25	5.00	9.25	12.00	10.75	10.25	3.50	6.50	-0.226562	0.141602	0.971680	2.660000	8.680000	-2.310000	778.00	0.130888	-0.183622	0.00	0.00	0.00	0.00	0.00	0.00	0.00	0.00	0.00	0.00	0.00	0.00	0.00	0.00	0.00	0.00	-2.254395	-0.206543	1.210449	55.439999	-287.910004	-4.830000	0.00	0.000000	0.000000
11.06	0.25	1.75	2.00	1.75	1.75	4.00	0.00	6.25	0.25	5.50	10.00	12.75	11.25	11.75	4.25	6.75	-0.223145	0.146973	0.968262	3.010000	10.220000	-3.080000	797.00	0.158186	-0.178729	0.00	0.00	0.00	0.00	0.00	0.00	0.00	0.00	0.00	0.00	0.00	0.00	0.00	0.00	0.00	0.00	-2.306152	-0.270996	0.874512	66.919998	-257.739990	-14.280000	0.00	0.000000	0.000000
11.07	0.25	1.75	1.25	1.25	1.50	3.50	0.00	6.00	0.50	6.00	10.50	14.00	11.75	12.75	4.00	7.00	-0.218750	0.159668	0.967773	3.150000	12.530000	-4.060000	810.00	0.173863	-0.176774	0.00	0.00	0.00	0.00	0.00	0.00	0.00	0.00	0.00	0.00	0.00	0.00	0.00	0.00	0.00	0.00	-2.350586	-0.421387	0.577637	79.590004	-221.619995	-20.650000	0.00	0.000000	0.000000
11.08	0.25	0.75	1.00	0.50	1.50	3.50	0.00	5.75	0.75	6.50	11.25	14.50	11.75	14.00	4.25	7.25	-0.215820	0.178223	0.971680	4.340000	16.100000	-6.650000	822.00	0.193065	-0.168515	0.00	0.00	0.00	0.00	0.00	0.00	0.00	0.00	0.00	0.00	0.00	0.00	0.00	0.00	0.00	0.00	-2.375977	-0.582520	0.323242	79.940002	-183.399994	-27.370001	0.00	0.000000	0.000000
11.09	0.00	0.75	0.50	0.25	1.00	3.00	0.00	5.75	0.75	7.00	12.25	14.50	12.25	15.25	4.25	7.25	-0.219238	0.173828	0.970703	3.360000	20.440001	-9.450000	831.00	0.207362	-0.166738	0.00	0.00	0.00	0.00	0.00	0.00	0.00	0.00	0.00	0.00	0.00	0.00	0.00	0.00	0.00	0.00	-2.453613	-0.739746	0.150879	64.889999	-146.509995	-36.400002	0.00	0.000000	0.000000
11.10	0.25	0.75	0.25	0.50	0.75	1.75	0.00	5.50	1.25	7.75	13.25	15.25	12.25	17.25	4.50	7.75	-0.256836	0.103516	1.000000	4.620000	25.200001	-11.060000	868.00	0.219152	-0.153607	0.00	0.00	0.00	0.00	0.00	0.00	0.00	0.00	0.00	0.00	0.00	0.00	0.00	0.00	0.00	0.00	-2.555176	-0.839355	0.046875	39.060001	-112.980003	-49.490002	0.00	0.000000	0.000000
11.11	0.25	0.25	0.00	0.25	0.25	1.25	0.00	5.00	1.50	8.50	13.75	16.00	12.25	18.25	4.50	7.75	-0.269043	0.143555	0.996094	10.990000	39.619999	-9.030000	872.00	0.234307	-0.146900	0.00	0.00	0.00	0.00	0.00	0.00	0.00	0.00	0.00	0.00	0.00	0.00	0.00	0.00	0.00	0.00	-2.599121	-0.847168	-0.059570	11.830000	-82.529999	-65.449997	0.00	0.000000	0.000000
11.12	0.00	0.25	0.25	0.25	0.00	0.50	0.00	4.25	2.00	9.00	14.50	16.00	12.00	19.25	4.25	7.75	-0.252930	0.125977	1.011719	15.540000	46.759998	-8.260000	874.00	0.244067	-0.134742	0.00	0.00	0.00	0.00	0.00	0.00	0.00	0.00	0.00	0.00	0.00	0.00	0.00	0.00	0.00	0.00	-2.454590	-0.720215	-0.117188	-21.350000	-33.459999	-93.730003	0.00	0.000000	0.000000
11.13	0.00	0.25	0.00	0.00	0.25	0.25	0.00	4.00	2.00	9.25	15.00	16.50	12.50	21.00	4.75	8.00	-0.265625	0.151367	1.020508	19.180000	54.670002	-7.350000	903.00	0.251634	-0.129700	0.00	0.00	0.00	0.00	0.00	0.00	0.00	0.00	0.00	0.00	0.00	0.00	0.00	0.00	0.00	0.00	-2.223145	-0.539551	-0.069824	-37.730000	5.040000	-111.790001	0.00	0.000000	0.000000
11.14	0.00	0.25	0.25	0.25	0.25	0.50	0.00	3.25	2.25	9.50	15.25	16.75	12.50	21.75	5.00	8.00	-0.279785	0.144531	1.028320	20.370001	62.580002	-7.140000	920.00	0.251888	-0.122675	0.00	0.00	0.00	0.00	0.00	0.00	0.00	0.00	0.00	0.00	0.00	0.00	0.00	0.00	0.00	0.00	-1.957031	-0.341309	0.112305	-48.509998	43.750000	-124.250000	0.00	0.000000	0.000000
11.15	0.00	0.25	0.50	0.00	0.25	0.25	0.00	2.50	2.75	10.00	15.50	17.00	12.25	22.75	5.00	8.00	-0.283203	0.141113	1.041504	21.000000	71.050003	-7.700000	929.00	0.257786	-0.111083	0.00	0.00	0.00	0.00	0.00	0.00	0.00	0.00	0.00	0.00	0.00	0.00	0.00	0.00	0.00	0.00	-1.705566	-0.150879	0.366211	-54.459999	76.090004	-128.800003	0.00	0.000000	0.000000
11.16	0.00	0.25	0.25	0.25	0.00	0.25	0.00	2.25	3.00	10.25	16.00	17.50	11.75	23.75	5.00	8.00	-0.307129	0.168945	1.014648	21.070000	80.010002	-8.400000	943.00	0.261244	-0.106399	0.00	0.00	0.00	0.00	0.00	0.00	0.00	0.00	0.00	0.00	0.00	0.00	0.00	0.00	0.00	0.00	0.419922	0.286133	2.557129	-58.099998	115.010002	-128.729996	0.00	0.000000	0.000000
11.17	0.00	0.25	0.00	0.25	0.00	0.25	0.00	1.75	3.00	10.25	15.75	17.25	11.50	24.50	5.00	7.75	-0.310059	0.181641	1.012207	21.000000	87.360001	-9.170000	931.00	0.266424	-0.101011	0.00	0.25	0.25	0.25	0.00	0.00	0.00	0.00	0.00	0.00	0.00	0.00	0.00	0.00	0.00	0.00	0.266602	0.648438	1.420898	-110.180000	129.779999	-114.239998	8.00	0.000000	0.000000
11.18	0.00	0.00	0.00	0.25	0.00	0.00	0.00	1.25	3.25	10.50	15.50	17.50	11.00	26.00	5.00	8.00	-0.366699	0.186035	1.044434	21.210001	96.110001	-10.920000	934.00	0.274025	-0.091537	0.75	1.50	0.75	0.75	0.00	0.00	0.00	0.00	0.00	0.00	0.00	0.00	0.00	0.00	0.00	0.00	0.007812	0.293457	0.341309	-113.959999	113.190002	-105.209999	38.00	0.000000	0.000000
11.19	0.00	0.25	0.00	0.25	0.00	0.00	0.00	1.25	3.25	10.50	15.25	17.25	10.50	25.75	5.00	7.75	-0.336426	0.232422	1.157227	17.360001	110.040001	-14.770000	923.00	0.272673	-0.089628	1.25	3.00	1.25	1.25	0.00	0.00	0.00	0.00	0.00	0.00	0.00	0.00	0.00	0.00	0.00	0.00	-0.255859	0.242188	0.258789	-126.349998	149.240005	-103.809998	68.00	-0.357308	-0.073587
11.20	0.00	0.00	0.25	0.00	0.00	0.25	0.00	1.00	3.00	10.50	15.25	16.25	9.50	25.25	5.25	7.75	-0.338867	0.206055	1.124512	14.070000	124.040001	-18.270000	895.00	0.275965	-0.084285	3.50	5.00	2.25	2.75	0.00	0.00	0.00	0.00	0.00	0.00	0.00	0.00	0.00	0.00	0.00	0.00	-0.192383	0.406738	1.017090	-124.389999	187.320007	-90.090004	138.00	-0.357275	-0.059977
11.21	0.00	0.25	0.00	0.00	0.00	0.00	0.00	0.75	3.00	10.50	15.25	16.00	8.50	25.25	4.75	7.50	-0.405762	0.195312	1.037109	13.090000	137.059998	-20.930000	870.00	0.278805	-0.078383	5.75	6.00	3.00	4.25	0.00	0.00	0.00	0.00	0.00	0.00	0.00	0.00	0.00	0.00	0.00	0.00	-0.267578	0.619141	0.776855	-88.830002	189.419998	-60.900002	195.00	-0.355769	-0.052329
11.22	0.00	0.25	0.00	0.00	0.00	0.00	0.00	0.75	3.00	10.50	14.75	15.50	8.00	25.25	4.50	7.50	-0.425781	0.183594	1.080566	12.670000	152.460007	-22.610001	853.00	0.279730	-0.074851	6.25	7.00	4.25	5.25	0.00	0.00	0.00	0.00	0.00	0.00	0.00	0.00	0.00	0.00	0.00	0.00	-0.323242	0.291504	0.851074	-80.220001	206.639999	-41.369999	234.00	-0.350642	-0.052891
11.23	0.00	0.00	0.00	0.00	0.00	0.00	0.00	0.50	3.00	10.50	14.25	14.50	7.25	24.50	4.75	7.25	-0.451660	0.208496	1.124023	10.220000	182.770004	-26.880001	819.00	0.284437	-0.068547	6.75	8.25	5.00	6.75	0.00	0.00	0.00	0.00	0.00	0.00	0.00	0.00	0.00	0.00	0.00	0.00	-4.595703	2.891602	3.714844	-75.669998	238.490005	-33.529999	276.00	-0.348041	-0.060534
11.24	0.00	0.00	0.00	0.00	0.00	0.00	0.00	0.25	2.75	10.75	13.75	13.75	6.50	22.25	5.00	7.00	-0.461914	0.255371	1.157715	8.820000	194.669998	-29.190001	777.00	0.285120	-0.067735	9.50	9.75	9.25	10.00	0.25	2.75	0.00	0.25	0.00	0.00	0.00	0.00	0.25	0.00	0.00	0.00	-1.321777	0.967285	1.606934	14.350000	87.220001	4.340000	440.00	-0.319796	-0.068585
11.25	0.00	0.00	0.00	0.00	0.00	0.00	0.00	0.25	2.75	10.75	13.00	12.25	5.75	21.00	4.75	6.50	-0.548828	0.361328	1.223633	3.290000	234.009995	-42.070000	731.00	0.285897	-0.061392	11.25	10.25	12.25	11.75	0.75	5.00	0.00	1.00	0.00	0.00	0.25	0.00	0.75	0.25	0.00	0.00	-0.627930	-0.569824	2.244629	20.719999	56.490002	9.170000	565.00	-0.294574	-0.076066
11.26	0.00	0.00	0.00	0.00	0.00	0.00	0.00	0.25	2.75	10.50	12.00	10.75	5.00	19.00	4.25	5.75	-0.567871	0.278809	1.428711	3.570000	265.019989	-50.959999	669.00	0.285368	-0.055986	11.25	10.00	12.50	11.75	1.00	5.25	0.00	1.25	0.00	0.00	0.25	0.25	0.75	0.50	0.00	0.00	-0.183594	0.317871	1.687012	8.890000	20.160000	3.780000	580.00	-0.285743	-0.077323
11.27	0.00	0.00	0.00	0.00	0.00	0.00	0.00	0.00	2.50	9.75	10.25	8.75	4.25	16.25	4.00	5.25	-0.563965	0.272949	1.950684	-1.190000	294.769989	-55.510002	580.00	0.288060	-0.050208	10.00	9.00	11.50	10.50	1.50	5.00	0.00	1.00	0.00	0.00	0.50	0.50	1.00	1.75	0.00	0.25	-0.258789	0.064453	0.785156	-0.350000	10.150000	3.220000	551.00	-0.260454	-0.073793
11.28	0.00	0.00	0.00	0.00	0.00	0.00	0.00	0.00	2.50	8.75	8.75	7.00	3.25	13.00	3.25	4.00	-0.692383	0.365723	1.615234	-15.610000	320.459991	-64.120003	484.00	0.286213	-0.042613	9.00	8.25	10.75	10.00	1.75	5.00	0.00	1.50	0.00	0.00	0.50	0.75	0.75	2.75	0.00	0.50	-0.224609	0.126953	1.084473	-2.030000	22.960001	3.710000	541.00	-0.238476	-0.077060
11.29	0.00	0.00	0.00	0.00	0.00	0.00	0.00	0.00	2.50	7.25	6.25	5.00	2.25	9.50	2.25	2.75	-0.789062	0.372559	2.277344	-16.379999	339.850006	-74.269997	365.00	0.284613	-0.029151	8.50	8.00	10.50	9.75	2.50	5.25	0.00	1.75	0.00	0.25	0.75	0.75	1.75	3.25	0.00	0.75	-0.248535	0.141113	0.967773	2.310000	15.260000	2.520000	562.00	-0.215209	-0.083660
11.30	0.00	0.00	0.00	0.00	0.00	0.00	0.00	0.00	2.00	5.50	3.25	2.50	1.50	6.50	1.50	2.00	-0.917480	0.630859	1.338379	-35.070000	372.610016	-85.470001	239.00	0.289086	-0.007457	8.25	8.00	11.00	10.00	2.75	5.25	0.00	1.75	0.25	0.50	0.75	1.00	2.00	4.00	0.00	1.50	-0.251465	0.127930	1.005859	0.350000	9.660000	1.610000	592.00	-0.196132	-0.081318
11.31	0.00	0.00	0.00	0.00	0.00	0.00	0.00	0.00	1.50	2.75	1.25	1.00	0.75	3.50	0.75	1.00	-1.083984	0.051758	1.904785	4.340000	364.420013	-106.470001	122.00	0.293315	0.020724	8.25	8.00	11.25	10.25	3.50	5.75	0.00	2.00	0.25	0.75	1.00	1.00	1.50	5.00	0.00	1.75	-0.229980	0.132812	0.977051	-0.840000	6.020000	1.330000	626.00	-0.183868	-0.076751
11.32	0.00	0.00	0.00	0.00	0.00	0.00	0.00	0.00	1.00	0.75	1.00	0.75	0.25	1.25	0.25	0.25	-0.688477	0.773926	1.907715	-8.050000	372.959991	-109.900002	56.00	0.277485	0.013972	8.25	8.00	11.50	10.25	3.75	6.00	0.00	2.25	0.25	0.75	1.00	1.50	2.00	5.50	0.25	2.25	-0.241211	0.121094	1.006348	-0.840000	4.550000	1.120000	657.00	-0.168876	-0.081754
11.33	0.00	0.00	0.00	0.00	0.00	0.00	0.00	0.00	0.75	1.00	1.00	1.00	0.25	1.00	0.50	0.25	-0.956055	0.617188	1.330078	-13.230000	353.429993	-129.500000	59.00	0.274778	-0.022579	8.25	8.00	11.75	10.00	4.25	6.00	0.00	2.50	0.25	1.00	1.50	1.50	2.50	5.75	0.50	2.25	-0.236328	0.128418	0.988770	-0.770000	3.430000	1.190000	683.00	-0.156814	-0.082367
11.34	0.00	0.00	0.00	0.00	0.00	0.00	0.00	0.00	0.50	1.00	0.75	0.75	0.25	1.25	0.25	0.50	-0.267578	0.605469	1.839844	-17.150000	341.459991	-139.440002	51.00	0.283160	-0.019030	8.25	7.75	11.25	9.75	4.25	6.25	0.25	2.75	0.25	1.00	1.75	2.00	3.00	6.25	0.50	2.50	-0.243164	0.129883	0.988281	-1.400000	3.570000	1.400000	701.00	-0.141837	-0.086508
11.35	0.00	0.00	0.00	0.00	0.00	0.00	0.00	0.00	0.25	0.50	0.50	0.75	0.25	1.00	0.25	0.50	-0.466797	0.606445	1.011230	-28.840000	323.890015	-152.880005	38.00	0.000000	0.000000	8.00	7.75	11.00	9.75	5.00	6.50	0.25	3.25	0.50	1.25	2.00	1.75	3.00	7.00	0.50	2.50	-0.251465	0.135742	0.998047	-2.170000	3.570000	1.540000	726.00	-0.130832	-0.084960
11.36	0.00	0.00	0.00	0.00	0.00	0.00	0.00	0.00	0.25	0.50	0.50	0.50	0.25	0.75	0.00	0.00	0.141602	0.419434	1.469238	-16.870001	332.010010	-161.699997	28.00	0.000000	0.000000	7.75	7.50	10.75	9.75	5.00	6.75	0.00	3.25	0.75	1.50	2.50	1.75	2.75	7.25	0.75	2.75	-0.246582	0.134766	0.986816	-2.660000	3.220000	0.910000	732.00	-0.120496	-0.085070
11.37	0.00	0.25	0.25	0.00	0.00	0.00	0.00	0.00	0.00	0.25	0.25	0.00	0.25	0.25	0.00	0.00	0.320312	0.630859	1.868164	12.600000	289.660004	-185.360001	15.00	0.000000	0.000000	7.25	7.50	10.50	9.25	5.00	6.75	0.25	3.50	0.50	1.50	2.50	1.75	3.00	7.00	0.75	3.00	-0.246094	0.131836	1.001465	-2.870000	2.800000	0.700000	725.00	-0.116535	-0.089914
11.38	0.00	0.00	0.25	0.00	0.00	0.00	0.00	0.00	0.00	0.00	0.00	0.00	0.00	0.00	0.00	0.00	0.781738	0.741699	2.877441	28.770000	83.510002	-180.320007	3.00	0.000000	0.000000	7.25	7.25	10.00	9.25	5.00	6.50	0.25	3.50	0.50	1.25	2.50	2.25	3.50	7.50	0.75	3.00	-0.239746	0.125977	0.995605	-2.520000	2.520000	0.840000	725.00	-0.108404	-0.093060
11.39	0.00	0.00	0.25	0.00	0.00	0.00	0.00	0.00	0.00	0.00	0.00	0.25	0.00	0.00	0.00	0.00	0.755859	0.555664	2.222168	15.330000	-64.610001	-164.009995	5.00	0.000000	0.000000	6.75	7.00	9.50	9.00	5.00	6.75	0.25	4.00	0.75	1.75	2.75	2.00	3.75	8.00	0.75	3.00	-0.247070	0.130371	0.994141	-1.960000	2.100000	1.050000	735.00	-0.094681	-0.095033
11.40	0.00	0.00	0.25	0.00	0.00	0.00	0.00	0.00	0.00	0.00	0.00	0.00	0.00	0.25	0.00	0.00	0.495605	0.360840	1.527832	-22.400000	-159.389999	-149.589996	5.00	0.000000	0.000000	6.50	6.75	9.00	8.75	4.50	6.50	0.25	4.00	0.75	2.00	2.75	2.25	3.50	8.25	0.75	3.00	-0.246094	0.128418	0.993652	-0.980000	1.680000	0.770000	719.00	-0.086993	-0.095244
11.41	0.00	0.00	0.00	0.00	0.00	0.00	0.00	0.00	0.00	0.00	0.00	0.00	0.00	0.00	0.00	0.00	0.369629	0.282715	0.859375	-60.689999	-196.559998	-141.119995	0.00	0.000000	0.000000	6.25	6.50	8.75	8.25	4.25	6.25	0.25	4.00	0.50	2.00	2.75	2.50	3.50	8.25	0.75	3.00	-0.238770	0.140625	0.988281	-0.700000	1.540000	0.630000	699.00	-0.082540	-0.097893
11.42	0.00	0.00	0.00	0.00	0.00	0.00	0.00	0.00	0.00	0.00	0.00	0.00	0.00	0.25	0.00	0.00	0.236816	0.349609	0.516602	-85.889999	-200.410004	-138.250000	2.00	0.000000	0.000000	6.25	6.00	8.25	7.75	4.25	6.25	0.25	4.00	0.50	2.00	2.75	2.50	3.50	8.25	0.75	3.00	-0.242676	0.131348	0.988281	-0.350000	1.610000	0.350000	684.00	-0.077151	-0.097942
11.43	0.00	0.00	0.00	0.00	0.00	0.00	0.00	0.00	0.00	0.25	0.00	0.25	0.00	0.00	0.00	0.00	0.148926	0.462891	0.369629	-86.379997	-192.360001	-134.330002	5.00	0.000000	0.000000	5.75	6.00	7.50	7.75	4.25	6.00	0.25	3.75	0.75	2.00	2.75	2.50	4.00	8.00	0.75	3.00	-0.242188	0.124023	0.980957	-0.070000	2.100000	0.350000	669.00	-0.070665	-0.100913
11.44	0.00	0.00	0.00	0.00	0.00	0.00	0.00	0.00	0.00	0.00	0.00	0.25	0.00	0.00	0.00	0.00	0.106934	0.568848	0.327637	-66.919998	-182.770004	-125.580002	3.00	0.000000	0.000000	5.00	5.75	6.75	7.00	4.00	5.75	0.25	3.75	0.75	2.00	3.00	2.75	4.00	8.25	0.75	3.25	-0.243652	0.126465	0.985352	0.140000	2.660000	0.350000	646.00	-0.054726	-0.104438
11.45	0.00	0.00	0.25	0.00	0.00	0.00	0.00	0.00	0.00	0.25	0.00	0.25	0.00	0.00	0.00	0.00	0.069336	0.712891	0.377930	-23.730000	-171.570007	-99.120003	8.00	0.000000	0.000000	4.25	5.25	6.50	6.25	3.50	5.50	0.25	3.75	0.50	2.00	3.00	3.00	3.75	8.25	1.00	3.25	-0.238770	0.134277	0.980957	0.630000	3.360000	0.630000	614.00	-0.041803	-0.108157
11.46	0.25	0.25	0.00	0.00	0.00	0.00	0.00	0.00	0.25	0.00	0.00	0.25	0.00	0.00	0.00	0.00	0.031250	0.774902	0.448242	-0.210000	-167.720001	-68.180000	11.00	0.000000	0.000000	3.75	5.50	5.50	6.25	3.25	5.25	0.25	4.00	0.50	2.00	3.50	3.00	4.00	8.25	1.25	3.25	-0.245605	0.132812	0.978027	0.350000	3.780000	0.630000	608.00	-0.029987	-0.116862
11.47	0.25	0.00	0.00	0.00	0.00	0.00	0.00	0.00	0.25	0.00	0.00	0.00	0.00	0.00	0.00	0.00	-0.020996	0.816406	0.530273	9.380000	-166.529999	-27.650000	6.00	0.000000	0.000000	2.75	4.75	5.00	6.00	2.75	5.00	0.00	3.75	0.25	1.75	3.50	3.00	4.00	8.50	1.25	3.25	-0.245117	0.133301	0.978516	0.280000	4.060000	0.420000	563.00	-0.015377	-0.125460
11.48	0.25	0.00	0.00	0.00	0.00	0.00	0.00	0.00	0.00	0.00	0.00	0.00	0.00	0.00	0.00	0.00	-0.083008	0.849609	0.624023	8.190000	-168.419998	20.370001	3.00	0.000000	0.000000	3.00	4.00	4.75	5.50	2.50	5.00	0.00	3.75	0.50	2.25	3.75	3.25	4.00	8.50	1.25	3.50	-0.244141	0.136230	0.972656	-0.000000	3.710000	0.350000	563.00	-0.000789	-0.122022
11.49	0.25	0.00	0.00	0.00	0.00	0.00	0.00	0.00	0.00	0.00	0.00	0.25	0.00	0.00	0.00	0.00	-0.150391	0.842773	0.692383	2.870000	-173.740005	69.860001	5.00	0.000000	0.000000	2.50	5.00	4.00	5.50	2.50	4.50	0.00	3.75	0.75	2.25	3.75	3.50	4.00	8.50	1.25	3.50	-0.243652	0.134277	0.973145	-0.560000	2.940000	0.210000	559.00	0.004011	-0.125081
11.50	0.00	0.00	0.00	0.00	0.00	0.00	0.00	0.00	0.00	0.00	0.00	0.00	0.00	0.00	0.00	0.00	-0.244141	0.823730	0.750000	0.350000	-181.509995	115.360001	0.00	0.000000	0.000000	2.50	4.25	4.00	5.00	2.50	4.50	0.25	3.75	0.75	2.50	4.25	4.00	4.25	8.75	1.50	3.50	-0.248535	0.133301	0.975586	-0.700000	2.730000	-0.070000	570.00	0.021430	-0.121762
11.51	0.00	0.00	0.00	0.00	0.00	0.00	0.00	0.00	0.00	0.00	0.00	0.00	0.00	0.00	0.00	0.00	-0.396973	0.734863	0.807617	7.070000	-194.389999	168.350006	0.00	0.000000	0.000000	2.25	3.25	3.75	5.00	2.50	4.50	0.00	3.75	1.00	3.00	4.50	3.75	4.50	8.75	1.50	3.50	-0.244141	0.133301	0.970215	-1.400000	1.680000	-0.000000	563.00	0.035618	-0.122044
11.52	0.00	0.00	0.00	0.00	0.00	0.00	0.00	0.00	0.00	0.00	0.00	0.00	0.00	0.00	0.00	0.00	-0.499512	0.654785	0.818848	15.470000	-202.300003	191.660004	0.00	0.000000	0.000000	1.75	3.25	3.50	4.50	2.00	4.50	0.00	4.00	1.00	3.00	4.50	4.00	4.50	9.50	1.50	3.75	-0.237305	0.134766	0.972168	-2.170000	1.330000	-0.210000	558.00	0.051546	-0.125731
11.53	0.00	0.00	0.00	0.00	0.00	0.00	0.00	0.00	0.00	0.00	0.00	0.00	0.00	0.00	0.00	0.00	-0.596191	0.571289	0.845215	22.400000	-208.809998	207.970001	0.00	0.000000	0.000000	1.75	3.75	3.75	4.75	2.25	4.50	0.00	4.00	1.00	3.00	4.75	4.25	4.75	10.00	1.50	3.75	-0.250000	0.135254	0.975098	-2.660000	0.980000	-0.560000	583.00	0.048467	-0.124362
11.54	0.00	0.00	0.25	0.00	0.00	0.00	0.00	0.00	0.00	0.00	0.00	0.00	0.00	0.00	0.00	0.00	-0.705078	0.496094	0.880859	24.500000	-213.990005	218.820007	3.00	0.000000	0.000000	1.50	3.75	3.50	4.25	2.50	4.50	0.00	4.25	1.25	3.00	4.75	4.25	5.00	10.25	1.75	4.00	-0.253906	0.131348	0.976562	-2.450000	0.560000	-0.490000	590.00	0.059092	-0.124508
11.55	0.00	0.00	0.00	0.00	0.00	0.00	0.00	0.00	0.00	0.00	0.00	0.00	0.00	0.00	0.00	0.00	-0.793945	0.445801	0.914062	19.460001	-218.330002	225.190002	0.00	0.000000	0.000000	1.75	3.50	3.00	4.25	2.00	4.50	0.25	4.25	1.25	3.00	5.00	4.25	5.00	10.50	1.75	4.25	-0.251953	0.131348	0.988281	-2.100000	0.070000	-0.280000	589.00	0.066567	-0.124022
11.56	0.00	0.00	0.00	0.00	0.00	0.00	0.00	0.00	0.00	0.00	0.00	0.00	0.00	0.00	0.00	0.00	-0.900879	0.410156	0.956055	10.360000	-222.389999	227.639999	0.00	0.000000	0.000000	1.75	3.25	3.25	4.50	2.00	4.00	0.00	4.50	1.50	3.25	5.50	4.75	5.25	11.00	1.75	4.00	-0.254883	0.134277	0.981445	-1.540000	0.000000	-0.280000	608.00	0.073150	-0.123104
11.57	0.00	0.00	0.00	0.00	0.00	0.00	0.00	0.00	0.00	0.00	0.00	0.00	0.00	0.00	0.00	0.00	-0.992676	0.388672	0.989746	-1.610000	-226.449997	227.290009	0.00	0.000000	0.000000	2.00	3.25	3.75	4.25	2.25	4.00	0.00	4.50	1.50	3.50	5.50	5.00	5.25	11.50	2.00	4.00	-0.250000	0.129883	0.981934	-0.700000	0.280000	-0.210000	628.00	0.073847	-0.116754
11.58	0.00	0.00	0.00	0.00	0.00	0.00	0.00	0.00	0.00	0.00	0.00	0.00	0.00	0.00	0.00	0.00	-1.099121	0.395996	0.966309	-21.280001	-228.690002	223.300003	0.00	0.000000	0.000000	1.50	3.00	3.00	4.00	2.25	4.25	0.00	4.50	1.50	3.50	5.75	5.00	5.00	12.00	2.00	4.00	-0.242188	0.132812	0.978027	-0.630000	0.560000	-0.350000	617.00	0.087535	-0.118219
11.59	0.00	0.00	0.00	0.00	0.00	0.00	0.00	0.00	0.00	0.00	0.00	0.00	0.00	0.00	0.00	0.00	-1.134277	0.446289	0.920898	-35.070000	-225.470001	221.199997	0.00	0.000000	0.000000	1.75	3.00	3.00	4.00	2.25	4.25	0.00	4.50	1.50	4.00	5.75	5.25	5.75	12.75	2.00	4.25	-0.252441	0.135742	0.981934	-0.630000	0.770000	-0.280000	642.00	0.091934	-0.117504
11.60	0.00	0.00	0.00	0.00	0.00	0.00	0.00	0.00	0.00	0.00	0.00	0.00	0.00	0.00	0.00	0.00	-1.166992	0.533691	0.893555	-48.930000	-217.699997	222.180008	0.00	0.000000	0.000000	1.25	2.75	3.00	3.50	2.00	4.00	0.00	4.50	1.75	4.50	6.25	5.25	5.75	12.50	2.00	4.25	-0.246582	0.137695	0.975586	-0.840000	0.840000	-0.490000	635.00	0.105165	-0.115824
11.61	0.00	0.00	0.00	0.00	0.00	0.00	0.00	0.00	0.00	0.00	0.00	0.00	0.00	0.00	0.00	0.00	-1.158203	0.633301	0.882324	-60.270000	-206.850006	227.779999	0.00	0.000000	0.000000	1.25	3.00	3.25	4.00	2.00	4.00	0.00	4.50	2.00	4.50	6.25	5.50	6.00	12.75	1.75	4.25	-0.250000	0.139648	0.978516	-0.980000	0.770000	-0.770000	653.00	0.099614	-0.115138
11.62	0.00	0.00	0.00	0.00	0.00	0.00	0.00	0.00	0.00	0.00	0.00	0.00	0.00	0.00	0.00	0.00	-1.152832	0.746582	0.884766	-69.510002	-194.110001	238.419998	0.00	0.000000	0.000000	1.00	3.00	3.25	3.50	2.00	4.00	0.00	4.25	2.00	4.50	6.25	5.50	6.00	12.75	2.00	4.50	-0.243164	0.131348	0.977539	-1.050000	1.120000	-1.050000	645.00	0.107382	-0.113755
11.63	0.00	0.00	0.00	0.00	0.00	0.00	0.00	0.00	0.00	0.00	0.00	0.00	0.00	0.00	0.00	0.00	-1.132812	0.828125	0.934570	-80.779999	-180.880005	253.960007	0.00	0.000000	0.000000	1.00	2.50	3.25	3.25	2.00	3.75	0.00	4.50	2.00	4.25	6.75	5.75	6.00	13.25	2.00	4.50	-0.253906	0.132324	0.979980	-0.840000	1.680000	-1.400000	649.00	0.115994	-0.113432
11.64	0.00	0.00	0.00	0.00	0.00	0.00	0.00	0.00	0.00	0.00	0.00	0.00	0.00	0.00	0.00	0.00	-1.202637	0.960449	1.034668	-92.470001	-169.470001	271.179993	0.00	0.000000	0.000000	1.25	2.50	3.00	3.25	1.75	3.50	0.00	4.25	2.00	5.00	7.00	6.00	6.00	13.75	2.25	4.50	-0.252930	0.134277	0.981445	-0.350000	2.030000	-1.680000	659.00	0.123782	-0.108516
11.65	0.00	0.00	0.00	0.00	0.00	0.00	0.00	0.00	0.00	0.00	0.00	0.00	0.00	0.00	0.00	0.00	-1.330566	1.127930	1.144043	-107.029999	-159.250000	300.089996	0.00	0.000000	0.000000	1.00	2.50	2.75	2.75	1.75	3.25	0.00	4.25	2.25	5.25	7.50	6.00	6.25	13.75	2.25	4.50	-0.249512	0.129395	0.972168	0.140000	2.730000	-2.170000	659.00	0.134146	-0.107198
11.66	0.00	0.00	0.00	0.00	0.00	0.00	0.00	0.00	0.00	0.00	0.00	0.00	0.00	0.00	0.00	0.00	-1.419922	1.209473	1.157227	-119.139999	-155.680008	320.040009	0.00	0.000000	0.000000	1.00	1.75	2.50	2.50	1.75	3.00	0.00	4.25	2.50	5.00	7.50	6.00	6.25	14.75	2.25	4.50	-0.244141	0.126465	0.979004	0.070000	3.640000	-2.940000	653.00	0.148472	-0.101284
11.67	0.00	0.00	0.00	0.00	0.00	0.00	0.00	0.00	0.00	0.00	0.00	0.00	0.00	0.00	0.00	0.00	-1.508301	1.277832	1.102539	-129.360001	-152.039993	338.239990	0.00	0.000000	0.000000	0.75	1.50	2.25	2.50	1.50	3.25	0.00	4.25	2.50	5.50	7.50	5.75	6.25	15.00	2.25	4.50	-0.253418	0.138184	0.979492	-0.350000	4.480000	-3.430000	650.00	0.155711	-0.101091
11.68	0.00	0.00	0.00	0.00	0.00	0.00	0.00	0.00	0.00	0.00	0.00	0.00	0.00	0.00	0.00	0.00	-1.596191	1.341797	1.014160	-134.399994	-146.580002	353.010010	0.00	0.000000	0.000000	0.75	1.50	1.75	2.50	1.25	3.00	0.00	4.25	2.50	5.75	7.75	6.25	6.50	15.25	2.25	4.75	-0.253906	0.139160	0.971680	-0.280000	5.250000	-3.920000	655.00	0.164095	-0.104377
11.69	0.00	0.00	0.00	0.00	0.00	0.00	0.00	0.00	0.00	0.00	0.00	0.00	0.00	0.00	0.00	0.00	-1.670898	1.365234	0.908691	-133.070007	-139.020004	365.049988	0.00	0.000000	0.000000	1.00	2.00	1.75	2.50	1.50	2.75	0.00	4.00	2.75	5.75	8.25	6.50	6.50	15.00	2.50	4.75	-0.256348	0.133301	0.974121	-0.140000	5.880000	-4.200000	670.00	0.160283	-0.100785
11.70	0.00	0.00	0.00	0.00	0.00	0.00	0.00	0.00	0.00	0.00	0.00	0.00	0.00	0.00	0.00	0.00	-1.754395	1.395508	0.800293	-126.559998	-129.080002	374.989990	0.00	0.000000	0.000000	1.00	1.50	1.75	2.00	1.00	2.50	0.00	4.00	2.75	5.75	8.50	6.50	6.25	16.00	2.50	4.50	-0.257812	0.136719	0.973633	-0.000000	6.300000	-4.410000	659.00	0.174786	-0.094775
11.71	0.00	0.00	0.00	0.00	0.00	0.00	0.00	0.00	0.00	0.00	0.00	0.00	0.00	0.00	0.00	0.00	-1.865234	1.400391	0.650391	-106.050003	-109.270004	388.429993	0.00	0.000000	0.000000	0.50	0.50	1.50	1.50	0.75	2.00	0.00	4.00	2.75	6.25	8.25	6.75	6.50	16.00	2.50	4.50	-0.252930	0.139648	0.977051	-0.070000	6.930000	-4.760000	636.00	0.198514	-0.094932
11.72	0.00	0.00	0.00	0.00	0.00	0.00	0.00	0.00	0.00	0.00	0.00	0.00	0.00	0.00	0.00	0.00	-1.906250	1.259766	0.583984	-80.570000	-92.959999	395.429993	0.00	0.000000	0.000000	0.25	0.50	1.50	1.50	0.75	1.75	0.00	3.75	2.75	6.50	8.25	7.00	6.50	16.00	2.50	4.50	-0.262207	0.141113	0.979492	-0.350000	7.420000	-5.040000	632.00	0.203965	-0.093396
11.73	0.00	0.00	0.00	0.00	0.00	0.00	0.00	0.00	0.00	0.00	0.00	0.00	0.00	0.00	0.00	0.00	-1.983887	1.019043	0.540039	-43.540001	-74.900002	395.079987	0.00	0.000000	0.000000	0.25	0.50	1.50	1.50	0.50	1.75	0.00	3.50	2.75	6.50	8.25	6.50	5.75	16.25	2.50	4.50	-0.259766	0.135742	0.973633	-0.630000	7.910000	-5.530000	616.00	0.207824	-0.085688
11.74	0.00	0.00	0.00	0.00	0.00	0.00	0.00	0.00	0.00	0.00	0.00	0.00	0.00	0.00	0.00	0.00	-2.006836	0.768555	0.490723	-7.560000	-53.970001	388.079987	0.00	0.000000	0.000000	0.25	0.25	1.25	1.50	0.25	1.75	0.00	3.50	3.25	6.50	8.25	6.75	6.25	17.00	2.50	4.25	-0.266113	0.130371	0.972168	-0.700000	8.470000	-5.740000	626.00	0.215689	-0.083360
11.75	0.00	0.00	0.00	0.00	0.00	0.00	0.00	0.00	0.00	0.00	0.00	0.00	0.00	0.00	0.00	0.00	-2.018555	0.530273	0.439453	20.790001	-30.030001	378.140015	0.00	0.000000	0.000000	0.25	0.25	1.25	1.50	0.25	1.75	0.00	3.50	3.00	6.75	8.50	6.75	6.50	17.00	2.50	4.50	-0.258789	0.129395	0.984375	-0.490000	9.590000	-5.530000	632.00	0.215776	-0.086532
11.76	0.00	0.00	0.00	0.00	0.00	0.00	0.00	0.00	0.00	0.00	0.00	0.00	0.00	0.00	0.00	0.00	-2.012207	0.298340	0.399414	34.090000	-4.410000	365.750000	0.00	0.000000	0.000000	0.25	0.25	1.50	1.25	0.25	1.25	0.00	3.25	3.25	7.00	8.50	6.75	6.25	17.25	2.50	4.50	-0.266602	0.138184	0.977051	-0.140000	11.200000	-5.390000	629.00	0.221539	-0.077000
11.77	0.00	0.00	0.00	0.00	0.00	0.00	0.00	0.00	0.00	0.00	0.00	0.00	0.00	0.00	0.00	0.00	-1.976074	0.138672	0.371094	29.120001	21.420000	349.440002	0.00	0.000000	0.000000	0.25	0.25	1.25	1.00	0.25	1.00	0.00	3.00	3.25	6.75	8.75	6.75	6.00	17.25	2.50	4.25	-0.262207	0.128906	0.980957	0.210000	12.460000	-5.670000	613.00	0.228959	-0.073152
11.78	0.00	0.00	0.00	0.00	0.00	0.00	0.00	0.00	0.00	0.00	0.00	0.00	0.00	0.00	0.00	0.00	-1.893555	-0.010254	0.318359	3.640000	55.020000	320.880005	0.00	0.000000	0.000000	0.25	0.25	1.00	0.75	0.25	1.00	0.00	3.00	3.25	7.00	8.75	6.50	6.00	17.50	2.50	4.25	-0.273438	0.137695	0.970703	0.770000	13.580000	-6.020000	610.00	0.234334	-0.070790
11.79	0.00	0.00	0.00	0.00	0.00	0.00	0.00	0.00	0.00	0.00	0.00	0.00	0.00	0.00	0.00	0.00	-1.827148	-0.044922	0.327148	-14.070000	72.099998	299.040009	0.00	0.000000	0.000000	0.25	0.25	0.75	1.00	0.25	0.75	0.00	2.75	3.25	7.00	9.00	6.50	6.00	17.50	2.25	4.00	-0.271973	0.137207	0.978516	1.400000	14.770000	-6.370000	602.00	0.236505	-0.068889
11.80	0.00	0.00	0.00	0.00	0.00	0.00	0.00	0.00	0.00	0.00	0.00	0.00	0.00	0.00	0.00	0.00	-1.757324	-0.029785	0.333496	-29.820000	83.790001	274.679993	0.00	0.000000	0.000000	0.25	0.25	0.75	0.50	0.25	0.75	0.00	2.75	3.00	7.25	8.50	6.25	5.75	17.50	2.25	4.00	-0.282715	0.131836	0.973633	2.310000	16.170000	-6.790000	585.00	0.241795	-0.065861
11.81	0.00	0.00	0.00	0.00	0.00	0.00	0.00	0.00	0.00	0.00	0.00	0.00	0.00	0.00	0.00	0.00	-1.670898	0.017090	0.325684	-41.369999	91.419998	249.759995	0.00	0.000000	0.000000	0.25	0.25	0.50	0.25	0.00	0.75	0.00	2.25	3.25	7.25	8.25	6.50	5.50	17.75	2.50	4.00	-0.282715	0.134766	0.972656	2.450000	16.799999	-6.930000	575.00	0.253545	-0.058726
11.82	0.00	0.00	0.00	0.00	0.00	0.00	0.00	0.00	0.00	0.00	0.00	0.00	0.00	0.00	0.00	0.00	-1.583496	0.089844	0.314453	-45.290001	97.860001	225.540009	0.00	0.000000	0.000000	0.25	0.25	0.50	0.25	0.00	0.50	0.00	2.25	3.75	7.25	8.00	6.50	5.25	17.75	2.50	3.75	-0.280762	0.137207	0.964355	2.520000	17.710001	-7.350000	573.00	0.255693	-0.051519
11.83	0.00	0.00	0.00	0.00	0.00	0.00	0.00	0.00	0.00	0.00	0.00	0.00	0.00	0.00	0.00	0.00	-1.493164	0.162109	0.283203	-40.110001	106.260002	204.330002	0.00	0.000000	0.000000	0.25	0.25	0.75	0.00	0.00	0.50	0.00	2.25	3.50	7.25	8.25	6.25	5.25	18.25	2.50	3.75	-0.301758	0.126953	0.968262	2.380000	17.780001	-7.350000	574.00	0.257006	-0.049336
11.84	0.00	0.00	0.00	0.00	0.00	0.00	0.00	0.00	0.00	0.00	0.00	0.00	0.00	0.00	0.00	0.00	-1.333008	0.173828	0.195312	-30.030001	119.000000	187.110001	0.00	0.000000	0.000000	0.25	0.00	1.00	0.25	0.25	0.50	0.00	2.00	3.50	7.00	8.25	6.50	5.50	18.00	2.25	3.75	-0.301270	0.133789	0.961914	2.170000	17.290001	-7.000000	574.00	0.252767	-0.050125
11.85	0.00	0.00	0.00	0.00	0.00	0.00	0.00	0.00	0.00	0.00	0.00	0.00	0.00	0.00	0.00	0.00	-1.116211	0.127441	0.033203	-19.250000	152.110001	167.300003	0.00	0.000000	0.000000	0.25	0.00	1.00	0.50	0.00	0.75	0.00	2.00	3.50	7.00	8.25	6.00	5.25	18.00	2.50	3.50	-0.304199	0.134766	0.952148	1.260000	14.700000	-6.790000	570.00	0.251257	-0.048250
11.86	0.00	0.00	0.00	0.00	0.00	0.00	0.00	0.00	0.00	0.00	0.00	0.00	0.00	0.00	0.00	0.00	-0.962402	0.069336	-0.056641	-18.969999	187.740005	154.070007	0.00	0.000000	0.000000	0.25	0.00	0.50	0.75	0.25	0.25	0.00	2.00	3.25	7.25	8.00	6.00	5.25	18.00	2.50	3.25	-0.319824	0.130859	0.954102	0.210000	12.110000	-6.650000	560.00	0.255623	-0.048169
11.87	0.00	0.00	0.00	0.00	0.00	0.00	0.00	0.00	0.00	0.00	0.50	0.25	0.00	0.00	0.00	0.00	-5.054688	0.298340	5.755371	-79.519997	219.169998	118.510002	8.00	0.000000	0.000000	0.25	0.00	0.25	0.75	0.00	0.25	0.00	2.00	3.25	6.75	8.00	6.00	5.00	17.00	2.00	3.25	-0.318848	0.124512	0.942871	-1.120000	7.770000	-6.160000	533.00	0.256789	-0.052135
11.88	0.00	0.00	0.25	0.00	0.00	0.00	0.00	0.00	0.25	0.50	1.00	1.00	0.50	0.25	0.00	0.25	2.023438	-3.800781	8.640625	-246.820007	142.029999	143.990005	40.00	0.000000	0.000000	0.25	0.00	0.50	0.50	0.00	0.25	0.00	1.75	3.00	6.50	7.00	5.50	4.50	16.75	2.00	3.00	-0.321289	0.117676	0.940918	-2.170000	2.100000	-5.460000	500.00	0.259972	-0.043372
11.89	0.00	0.00	0.25	0.00	0.00	0.00	0.00	0.00	0.25	2.25	2.50	3.00	2.00	0.75	0.00	1.75	-2.809570	0.154297	0.116211	7.280000	-111.370003	56.070000	121.00	0.225634	-0.162498	0.00	0.00	0.75	0.50	0.00	0.25	0.00	1.75	2.50	5.75	6.50	5.25	4.25	15.75	2.00	3.00	-0.307617	0.130859	0.950684	-2.240000	-2.800000	-3.920000	468.00	0.259189	-0.049513
11.90	0.00	0.00	0.00	0.00	0.00	0.25	0.00	0.25	0.25	3.00	3.50	4.75	3.50	1.75	0.00	2.25	-0.174805	0.508789	0.805176	21.210001	-99.750000	22.610001	185.00	0.228048	-0.181242	0.25	0.00	0.75	0.50	0.00	0.25	0.00	2.00	1.75	5.00	6.00	5.00	4.50	14.50	1.50	2.50	-0.322266	0.133789	0.934570	-0.700000	-7.630000	-3.080000	432.00	0.247276	-0.064283
11.91	0.00	0.00	0.25	0.25	0.25	0.25	0.00	1.75	0.25	4.00	5.00	6.25	5.50	3.00	0.25	3.25	-0.157227	0.071777	1.225586	0.280000	-79.379997	1.470000	295.00	0.203145	-0.192220	0.00	0.00	0.75	0.50	0.00	0.25	0.00	2.00	1.50	4.00	5.25	5.25	4.50	12.75	1.50	2.25	-0.300293	0.129395	0.960449	3.850000	-14.560000	-2.100000	394.00	0.245147	-0.080415
11.92	0.00	0.25	2.75	3.00	0.50	2.25	0.00	3.00	0.25	4.25	5.25	7.25	6.50	4.50	0.50	4.50	-0.516113	0.082520	-0.012695	40.320000	-21.070000	4.550000	445.00	0.118105	-0.183890	0.00	0.00	0.50	0.50	0.00	0.50	0.00	2.25	1.00	3.00	4.75	5.00	4.25	11.25	1.25	2.00	-0.279785	0.130859	1.005371	6.650000	-13.160000	-1.120000	354.00	0.236612	-0.101303
11.93	1.25	1.25	6.25	6.50	2.00	5.00	0.00	4.00	0.25	4.00	5.50	8.25	7.00	6.25	1.00	4.75	-0.370605	0.196777	1.064453	20.299999	-21.350000	-0.070000	643.00	0.041969	-0.161860	0.25	0.00	0.50	0.25	0.00	0.50	0.00	2.25	0.75	2.50	4.25	5.00	4.25	9.25	1.25	2.00	-0.284180	0.115723	1.044434	8.050000	-4.410000	0.560000	323.00	0.226556	-0.119483
11.94	3.00	3.25	8.25	8.00	3.50	6.25	0.00	4.25	0.00	4.00	5.50	8.00	7.25	7.75	1.25	4.75	-0.209961	0.125488	1.054688	4.760000	-12.110000	0.070000	764.00	0.003253	-0.144177	0.25	0.00	0.50	0.25	0.00	0.50	0.00	2.25	0.50	1.75	3.75	4.50	4.25	8.00	1.25	2.00	-0.267578	0.147949	1.056641	11.760000	10.360000	1.890000	291.00	0.219395	-0.136560
11.95	4.00	3.50	9.00	8.25	4.25	6.50	0.00	4.50	0.00	4.00	5.75	8.25	7.50	9.25	1.50	4.50	-0.229980	0.133301	0.983887	2.660000	-5.250000	-0.210000	824.00	0.000255	-0.134230	0.00	0.00	0.25	0.25	0.00	0.25	0.00	2.25	0.25	1.00	3.25	4.00	4.25	7.25	1.00	1.75	-0.262695	0.184570	1.129883	18.969999	28.070000	0.910000	251.00	0.226554	-0.156401
11.96	4.50	3.75	8.75	8.00	4.00	6.25	0.00	4.50	0.25	4.25	6.00	8.50	8.00	10.50	2.25	5.25	-0.258301	0.129883	0.982422	3.150000	-2.170000	-0.350000	858.00	0.013831	-0.129913	0.00	0.00	0.25	0.00	0.00	0.25	0.00	2.00	0.00	0.50	2.50	3.50	4.00	6.00	0.75	1.50	-0.254395	0.160645	1.180664	22.889999	47.950001	-3.010000	206.00	0.225276	-0.175476
11.97	4.00	4.00	8.25	7.75	4.25	6.00	0.00	4.50	0.25	4.00	6.00	8.50	8.25	11.00	2.50	5.25	-0.254395	0.115234	0.964844	4.900000	-1.400000	0.000000	853.00	0.020985	-0.131268	0.00	0.00	0.25	0.00	0.00	0.25	0.00	2.00	0.00	0.25	2.25	3.00	3.75	4.75	0.75	1.25	-0.264648	0.185059	1.184082	16.450001	72.660004	-9.380000	181.00	0.214224	-0.192545
11.98	3.00	3.75	7.75	7.75	3.75	6.25	0.00	4.75	0.25	3.75	6.25	8.75	8.75	10.50	2.50	5.25	-0.240723	0.131348	0.976562	6.580000	-0.280000	1.050000	839.00	0.028896	-0.142849	0.00	0.00	0.50	0.00	0.00	0.25	0.00	1.75	0.25	0.25	1.50	2.75	3.50	3.75	0.50	1.00	-0.284180	0.229004	1.123047	19.879999	87.779999	-15.050000	159.00	0.197091	-0.192247
11.99	2.75	4.25	7.50	7.50	3.50	6.25	0.00	5.00	0.25	4.00	6.25	9.00	9.00	9.75	2.50	5.25	-0.243652	0.143066	0.974121	6.300000	0.840000	1.120000	837.00	0.028773	-0.149167	0.00	0.00	0.25	0.00	0.00	0.25	0.00	1.50	0.25	0.25	0.75	2.25	3.00	3.00	0.50	0.75	-0.229004	0.265625	1.131348	22.330000	98.489998	-24.570000	127.00	0.199669	-0.201027
12.00	2.75	3.75	6.75	7.25	3.25	6.25	0.00	5.00	0.00	3.50	5.75	9.50	9.00	9.50	2.75	5.00	-0.239746	0.147461	0.973633	5.180000	1.050000	0.630000	810.00	0.033221	-0.156604	0.00	0.00	0.00	0.00	0.00	0.00	0.00	1.25	0.25	0.25	1.00	2.25	2.75	2.00	0.25	0.50	-0.236816	0.304688	1.112793	25.270000	107.169998	-37.939999	105.00	0.205503	-0.224606
12.01	2.75	3.25	6.50	7.00	3.00	6.00	0.00	5.00	0.00	3.75	5.75	9.00	8.50	8.75	2.75	4.75	-0.234863	0.144043	0.963379	3.150000	0.630000	0.070000	779.00	0.034354	-0.156644	0.00	0.00	0.00	0.00	0.00	0.00	0.00	1.25	0.00	0.00	0.25	1.50	2.50	1.50	0.25	0.25	-0.291992	0.364258	1.130859	23.450001	114.730003	-52.150002	76.00	0.186461	-0.274094
12.02	2.75	3.00	6.25	6.75	3.00	5.75	0.00	5.00	0.00	3.75	5.75	8.50	8.25	8.50	2.00	4.75	-0.234863	0.137207	0.967285	1.260000	0.630000	-0.420000	751.00	0.032100	-0.156735	0.00	0.00	0.00	0.00	0.00	0.00	0.00	1.25	0.00	0.25	0.25	1.25	2.00	0.50	0.00	0.00	0.075195	0.498535	1.202637	41.790001	117.949997	-86.940002	59.00	0.142639	-0.317285
12.03	2.75	3.25	6.00	6.50	3.00	5.50	0.00	4.50	0.00	3.00	5.50	8.25	7.50	8.50	2.25	4.50	-0.236328	0.137695	0.966309	-0.140000	0.420000	-0.280000	719.00	0.030105	-0.153243	0.00	0.00	0.25	0.00	0.00	0.00	0.00	0.75	0.00	0.00	0.50	1.00	1.75	0.25	0.25	0.25	-0.136230	0.719727	1.392090	62.439999	108.639999	-118.440002	51.00	0.146351	-0.296579
12.04	3.00	3.25	6.25	6.50	3.00	5.50	0.00	4.50	0.25	2.50	5.25	8.00	7.25	8.25	2.25	4.50	-0.231445	0.136230	0.962891	-1.120000	0.490000	-0.350000	713.00	0.023939	-0.150628	0.00	0.00	0.00	0.00	0.00	0.00	0.00	0.50	0.25	0.00	0.50	0.50	1.25	0.25	0.25	0.00	-0.115234	0.710449	1.471680	109.760002	90.370003	-145.180008	37.00	0.000000	0.000000
12.05	2.50	3.25	6.25	6.25	2.75	5.25	0.00	4.25	0.25	2.75	5.25	7.50	7.00	8.25	2.25	4.25	-0.227539	0.131348	0.973633	-1.610000	0.490000	-0.420000	690.00	0.028159	-0.148099	0.00	0.00	0.00	0.00	0.00	0.00	0.00	0.25	0.50	0.00	0.25	0.25	0.25	0.25	0.00	0.00	0.209473	0.500488	1.450195	162.259995	62.930000	-180.600006	20.00	0.000000	0.000000
12.06	2.50	3.25	6.00	6.00	2.75	5.25	0.00	4.00	0.00	3.00	5.00	7.00	6.50	8.00	2.00	4.00	-0.233398	0.133789	0.967773	-1.680000	0.840000	-0.140000	662.00	0.024075	-0.146507	0.00	0.00	0.25	0.00	0.00	0.00	0.00	0.00	0.25	0.00	0.50	0.25	0.25	0.25	0.00	0.00	-0.276367	0.491699	0.953613	182.979996	32.200001	-217.419998	18.00	0.000000	0.000000
12.07	3.25	3.00	6.00	5.75	2.75	5.00	0.00	3.75	0.00	2.50	5.00	7.00	6.50	8.00	2.00	3.75	-0.234375	0.132812	0.967285	-1.540000	0.910000	0.070000	651.00	0.020373	-0.142434	0.00	0.00	0.00	0.00	0.00	0.00	0.00	0.00	0.25	0.00	0.25	0.25	0.25	0.25	0.00	0.00	-0.100586	0.472656	0.883789	206.009995	19.460001	-251.089996	13.00	0.000000	0.000000
12.08	2.75	2.75	5.50	6.25	2.75	5.00	0.00	3.75	0.00	2.50	4.75	7.00	6.00	7.75	2.00	4.25	-0.229004	0.133789	0.962402	-1.540000	0.910000	0.140000	637.00	0.023524	-0.146864	0.00	0.00	0.00	0.00	0.00	0.00	0.00	0.00	0.00	0.25	0.25	0.00	0.00	0.25	0.00	0.00	-0.272949	0.675781	0.735840	214.479996	-10.430000	-280.070007	7.00	0.000000	0.000000
12.09	2.75	3.00	6.00	6.25	2.50	4.75	0.00	3.50	0.00	2.50	4.75	6.75	6.00	8.00	2.00	4.00	-0.229492	0.137207	0.965332	-1.400000	0.630000	-0.140000	634.00	0.020812	-0.141683	0.00	0.00	0.25	0.00	0.00	0.00	0.00	0.00	0.00	0.00	0.25	0.00	0.00	0.25	0.00	0.00	0.045898	0.026367	0.758789	209.089996	-26.040001	-297.079987	8.00	0.000000	0.000000
12.10	2.75	3.00	6.00	6.75	2.75	4.50	0.00	3.50	0.00	2.25	4.75	6.75	6.00	8.00	2.00	3.75	-0.229492	0.124023	0.959961	-1.190000	0.420000	-0.070000	636.00	0.016638	-0.141436	0.00	0.00	0.25	0.00	0.00	0.00	0.00	0.00	0.00	0.00	0.00	0.00	0.00	0.00	0.00	0.00	-0.165527	-0.979980	0.665039	177.169998	-49.980000	-337.470001	3.00	0.000000	0.000000
12.11	2.75	3.00	6.00	6.25	3.00	4.75	0.00	3.75	0.00	2.50	4.50	6.50	5.75	8.00	2.50	4.00	-0.236816	0.129395	0.960938	-1.120000	-0.070000	0.140000	641.00	0.020431	-0.139334	0.00	0.00	0.25	0.00	0.00	0.00	0.00	0.00	0.00	0.00	0.00	0.00	0.00	0.00	0.00	0.00	-0.474121	-0.398438	1.106445	135.520004	-52.360001	-408.380005	3.00	0.000000	0.000000
12.12	3.00	3.25	5.75	6.00	3.00	5.00	0.00	3.75	0.00	2.75	4.50	6.50	5.75	8.25	2.25	3.75	-0.232422	0.131348	0.966309	-1.120000	-0.420000	0.140000	644.00	0.018874	-0.137621	0.00	0.00	0.25	0.00	0.00	0.00	0.00	0.00	0.00	0.00	0.00	0.00	0.00	0.00	0.00	0.00	-0.286133	-0.323730	1.217773	95.900002	-86.309998	-440.580017	3.00	0.000000	0.000000
12.13	3.00	3.00	6.25	6.50	3.00	5.00	0.00	3.75	0.00	2.75	4.75	6.75	6.25	8.00	2.00	4.00	-0.228027	0.129395	0.961914	-1.050000	-0.560000	0.070000	659.00	0.015886	-0.140603	0.00	0.00	0.25	0.00	0.00	0.00	0.00	0.00	0.00	0.00	0.00	0.00	0.00	0.00	0.00	0.00	-0.461426	0.041504	0.949219	61.040001	-132.440002	-465.570007	3.00	0.000000	0.000000
12.14	3.00	3.00	6.25	6.25	3.00	5.00	0.00	3.75	0.00	2.50	5.00	6.75	6.25	8.00	2.25	4.00	-0.232910	0.131836	0.959961	-1.120000	-0.560000	0.210000	659.00	0.018661	-0.140728	0.00	0.00	0.25	0.00	0.00	0.00	0.00	0.00	0.00	0.00	0.00	0.00	0.00	0.00	0.00	0.00	-0.524902	0.178223	0.645020	60.760002	-140.070007	-462.769989	3.00	0.000000	0.000000
12.15	3.50	3.00	6.25	6.25	3.00	5.00	0.00	3.75	0.00	2.25	5.00	6.75	6.25	8.50	2.25	4.00	-0.230469	0.133789	0.958008	-1.190000	-0.420000	0.000000	666.00	0.017036	-0.137551	0.00	0.00	0.25	0.00	0.00	0.00	0.00	0.00	0.00	0.00	0.00	0.00	0.00	0.00	0.00	0.00	-0.539551	0.245117	0.454102	68.180000	-130.130005	-449.190002	3.00	0.000000	0.000000
12.16	2.50	3.75	6.25	6.25	3.00	5.00	0.00	4.00	0.00	2.75	5.00	7.25	6.25	8.75	2.00	4.25	-0.228516	0.138184	0.967285	-1.260000	-0.280000	-0.070000	677.00	0.022485	-0.142295	0.00	0.00	0.25	0.00	0.00	0.00	0.00	0.00	0.00	0.00	0.00	0.00	0.00	0.00	0.00	0.00	-0.536621	0.307617	0.436035	78.190002	-110.809998	-425.179993	3.00	0.000000	0.000000
12.17	2.75	4.25	6.25	6.25	3.25	5.25	0.00	4.00	0.00	3.00	5.25	7.00	6.75	9.00	2.00	4.00	-0.231445	0.141602	0.961426	-1.680000	-0.140000	-0.210000	698.00	0.019068	-0.140458	0.00	0.00	0.25	0.00	0.00	0.00	0.00	0.00	0.00	0.00	0.00	0.00	0.00	0.00	0.00	0.00	-0.416992	0.375488	0.513184	93.660004	-80.779999	-367.640015	3.00	0.000000	0.000000
12.18	3.00	3.50	6.25	6.50	3.50	5.25	0.00	4.00	0.25	3.25	5.50	7.50	6.75	10.00	2.00	4.25	-0.231934	0.130371	0.967773	-2.030000	0.420000	-0.350000	723.00	0.029291	-0.133879	0.00	0.00	0.25	0.00	0.00	0.00	0.00	0.00	0.00	0.00	0.00	0.00	0.00	0.00	0.00	0.00	-0.375488	0.375977	0.557129	97.650002	-71.680000	-343.630005	3.00	0.000000	0.000000
12.19	3.50	3.50	6.50	6.50	3.25	5.25	0.00	4.00	0.00	3.25	5.75	7.50	6.75	11.00	2.75	4.50	-0.231445	0.130371	0.963867	-2.100000	0.560000	-0.210000	745.00	0.034441	-0.130025	0.00	0.00	0.25	0.00	0.00	0.00	0.00	0.00	0.00	0.00	0.00	0.00	0.00	0.25	0.00	0.00	-0.210449	0.362793	0.709473	105.349998	-47.110001	-263.410004	5.00	0.000000	0.000000
12.20	3.25	3.50	6.25	6.25	3.50	5.25	0.00	4.00	0.00	3.75	6.00	8.00	6.75	11.50	2.50	4.75	-0.229980	0.131348	0.965820	-2.030000	0.980000	-0.140000	756.00	0.042346	-0.129147	0.00	0.00	0.25	0.00	0.00	0.00	0.00	0.00	0.00	0.00	0.25	0.00	0.00	0.00	0.00	0.00	-0.106934	0.323242	0.854980	109.340004	-35.490002	-207.199997	5.00	0.000000	0.000000
12.21	2.50	3.50	6.00	6.25	3.75	5.25	0.00	4.25	0.25	4.25	6.25	8.00	6.75	12.25	2.25	4.75	-0.233398	0.132324	0.965332	-1.890000	0.910000	-0.070000	766.00	0.051827	-0.127503	0.00	0.00	0.25	0.00	0.00	0.00	0.00	0.00	0.00	0.00	0.25	0.00	0.00	0.00	0.00	0.00	-0.022949	0.258301	0.997070	113.610001	-30.030001	-152.529999	5.00	0.000000	0.000000
12.22	2.50	3.50	6.25	6.25	4.00	5.25	0.00	4.25	0.25	4.00	6.50	8.25	6.75	12.50	2.50	4.75	-0.231445	0.134277	0.972168	-1.400000	0.910000	0.000000	779.00	0.052737	-0.126243	0.00	0.00	0.25	0.00	0.00	0.00	0.00	0.00	0.00	0.00	0.00	0.00	0.00	0.25	0.00	0.00	0.029297	0.157227	1.109375	117.879997	-29.400000	-104.160004	5.00	0.000000	0.000000
12.23	3.00	3.25	6.25	6.00	3.75	5.25	0.00	4.25	0.25	4.25	6.75	8.25	7.25	13.00	2.50	5.00	-0.235840	0.125488	0.967285	-1.190000	1.470000	-0.140000	792.00	0.057209	-0.124764	0.00	0.00	0.25	0.00	0.00	0.00	0.00	0.00	0.00	0.00	0.00	0.00	0.00	0.25	0.00	0.00	0.061035	0.031250	1.168457	119.559998	-32.130001	-63.630001	5.00	0.000000	0.000000
12.24	2.75	3.25	5.75	6.00	3.75	5.25	0.00	4.25	0.50	4.75	6.75	8.25	7.50	13.50	3.00	5.00	-0.231445	0.135742	0.967773	-1.190000	1.400000	0.000000	804.00	0.067408	-0.123185	0.00	0.00	0.00	0.00	0.00	0.00	0.00	0.00	0.00	0.00	0.00	0.00	0.00	0.25	0.00	0.00	0.083984	-0.104492	1.193359	119.629997	-36.049999	-31.920000	2.00	0.000000	0.000000
12.25	2.50	3.25	5.50	5.75	4.00	5.25	0.00	4.25	0.50	5.00	7.00	8.75	7.50	13.75	3.25	5.25	-0.236328	0.137207	0.968262	-1.120000	1.960000	-0.210000	815.00	0.075044	-0.123579	0.00	0.00	0.00	0.00	0.00	0.00	0.00	0.00	0.00	0.00	0.00	0.00	0.00	0.00	0.00	0.00	0.078613	-0.295898	1.202637	118.930000	-41.860001	-1.190000	0.00	0.000000	0.000000
12.26	2.50	3.00	5.50	5.75	4.00	5.25	0.00	4.25	0.50	5.00	7.25	9.00	7.50	14.25	3.25	4.50	-0.231934	0.137207	0.969238	-1.050000	1.820000	-0.210000	818.00	0.077677	-0.121476	0.00	0.00	0.25	0.00	0.00	0.00	0.00	0.00	0.00	0.00	0.00	0.00	0.00	0.00	0.00	0.00	0.072266	-0.431152	1.215332	117.809998	-45.220001	8.470000	3.00	0.000000	0.000000
12.27	2.50	3.25	5.50	5.75	3.75	5.25	0.00	4.50	0.50	5.25	7.25	9.00	7.50	15.00	3.50	5.25	-0.235352	0.132812	0.963867	-1.400000	2.240000	-0.210000	837.00	0.082046	-0.121381	0.00	0.00	0.25	0.00	0.00	0.00	0.00	0.00	0.00	0.00	0.00	0.00	0.00	0.00	0.00	0.00	0.063965	-0.558105	1.251465	113.260002	-49.349998	9.450000	3.00	0.000000	0.000000
12.28	2.50	3.25	5.50	5.75	3.75	5.00	0.00	4.25	0.50	5.50	7.25	8.50	7.50	14.75	3.50	5.50	-0.232422	0.138184	0.966309	-1.260000	2.520000	-0.350000	827.00	0.082553	-0.119033	0.00	0.00	0.00	0.00	0.00	0.00	0.00	0.00	0.00	0.00	0.00	0.00	0.00	0.00	0.00	0.00	0.073242	-0.666504	1.306152	103.739998	-55.230000	2.800000	0.00	0.000000	0.000000
12.29	1.75	3.00	5.25	5.25	3.75	5.00	0.00	4.25	0.75	5.50	7.50	9.00	7.50	15.50	3.50	5.50	-0.230469	0.130371	0.968262	-1.190000	3.010000	-0.490000	827.00	0.096627	-0.118309	0.00	0.00	0.00	0.00	0.00	0.00	0.00	0.00	0.00	0.00	0.25	0.00	0.00	0.00	0.00	0.00	0.097656	-0.755371	1.371582	82.180000	-68.110001	-17.990000	3.00	0.000000	0.000000
12.30	2.00	2.50	4.75	5.00	4.00	4.75	0.00	4.25	0.75	5.50	7.50	9.25	7.25	15.00	3.50	5.50	-0.234863	0.133301	0.965332	-0.980000	3.430000	-0.490000	812.00	0.100322	-0.118466	0.00	0.00	0.25	0.00	0.00	0.00	0.00	0.00	0.00	0.00	0.00	0.00	0.00	0.00	0.00	0.00	0.128906	-0.772461	1.387207	68.529999	-79.379997	-37.590000	3.00	0.000000	0.000000
12.31	1.75	2.25	4.25	4.50	3.50	4.25	0.00	4.00	0.75	5.50	8.00	9.00	7.50	15.25	3.25	5.75	-0.234863	0.128418	0.969727	-0.910000	4.060000	-0.560000	787.00	0.113577	-0.118662	0.00	0.00	0.25	0.00	0.00	0.00	0.00	0.00	0.00	0.00	0.00	0.00	0.00	0.00	0.00	0.00	0.139648	-0.763184	1.396973	59.570000	-91.840004	-59.920002	3.00	0.000000	0.000000
12.32	1.25	2.25	3.75	4.50	3.50	4.00	0.00	4.00	1.25	6.00	8.00	9.25	7.50	15.75	3.25	5.50	-0.234375	0.134277	0.969727	-0.770000	4.200000	-0.840000	791.00	0.124061	-0.115297	0.00	0.00	0.00	0.00	0.00	0.00	0.00	0.00	0.00	0.00	0.00	0.00	0.00	0.00	0.00	0.00	0.153809	-0.736328	1.400391	53.480000	-105.070000	-82.949997	0.00	0.000000	0.000000
12.33	0.75	2.00	3.50	4.50	3.25	4.00	0.00	3.75	1.25	6.00	8.25	9.25	7.50	15.75	3.50	5.75	-0.236328	0.127930	0.968262	-0.560000	4.410000	-0.840000	781.00	0.133787	-0.116872	0.00	0.00	0.25	0.00	0.00	0.00	0.00	0.00	0.00	0.00	0.00	0.00	0.00	0.00	0.00	0.00	0.145508	-0.696777	1.373535	46.549999	-118.090004	-104.510002	3.00	0.000000	0.000000
12.34	0.75	1.75	2.50	4.25	3.25	3.50	0.00	3.75	1.25	6.00	8.50	9.25	7.50	16.50	3.50	6.00	-0.236816	0.130859	0.962891	-0.630000	4.480000	-0.770000	770.00	0.147777	-0.116127	0.00	0.00	0.00	0.00	0.00	0.00	0.00	0.00	0.00	0.00	0.00	0.00	0.00	0.00	0.00	0.00	0.145996	-0.620605	1.338379	38.290001	-129.289993	-123.340004	0.00	0.000000	0.000000
12.35	1.50	1.50	2.75	3.75	3.25	3.25	0.00	3.75	1.25	6.25	8.50	9.25	7.50	16.25	3.50	6.00	-0.232422	0.129883	0.961426	-0.490000	4.550000	-0.910000	770.00	0.146154	-0.111842	0.00	0.00	0.00	0.00	0.00	0.00	0.00	0.00	0.00	0.00	0.00	0.00	0.00	0.00	0.00	0.00	0.137695	-0.525391	1.297363	30.450001	-138.600006	-138.250000	0.00	0.000000	0.000000
12.36	0.75	2.25	2.75	3.00	2.75	3.25	0.00	3.75	1.50	6.25	8.50	9.75	7.75	16.50	3.50	6.00	-0.238281	0.132812	0.964355	-0.630000	4.550000	-0.910000	769.00	0.154916	-0.114386	0.00	0.00	0.00	0.00	0.00	0.00	0.00	0.00	0.00	0.00	0.00	0.00	0.00	0.00	0.00	0.00	0.127930	-0.369629	1.245605	22.120001	-148.889999	-153.300003	0.00	0.000000	0.000000
12.37	0.25	2.50	3.00	2.75	2.75	3.00	0.00	3.75	1.50	6.50	8.50	9.75	7.75	17.00	3.50	6.00	-0.229004	0.124512	0.963867	-0.490000	4.690000	-0.840000	770.00	0.159811	-0.112133	0.00	0.00	0.25	0.00	0.00	0.00	0.00	0.00	0.00	0.00	0.00	0.00	0.00	0.00	0.00	0.00	0.117676	-0.268555	1.238770	19.250000	-154.139999	-158.690002	3.00	0.000000	0.000000
12.38	0.50	1.50	2.50	2.50	2.75	2.75	0.00	3.75	1.50	6.50	8.50	9.75	8.00	16.75	3.25	6.25	-0.238770	0.123535	0.967285	-0.420000	4.690000	-0.980000	751.00	0.169672	-0.113510	0.00	0.00	0.25	0.00	0.00	0.00	0.00	0.00	0.00	0.00	0.00	0.00	0.00	0.00	0.00	0.00	0.099121	-0.183105	1.225098	18.760000	-158.130005	-160.789993	3.00	0.000000	0.000000
12.39	0.75	1.00	2.25	2.75	2.50	3.00	0.00	3.75	1.50	6.75	8.50	10.00	8.00	16.75	3.75	6.25	-0.238770	0.127441	0.968750	-0.350000	4.550000	-0.630000	759.00	0.173160	-0.114591	0.00	0.00	0.00	0.00	0.00	0.00	0.00	0.00	0.00	0.00	0.00	0.00	0.00	0.00	0.00	0.00	0.081055	-0.107910	1.232910	19.879999	-161.000000	-160.930008	0.00	0.000000	0.000000
12.40	0.50	1.00	2.25	2.25	2.25	2.50	0.00	3.75	1.75	6.75	8.75	10.25	8.00	17.25	3.75	6.00	-0.243164	0.123535	0.971191	-0.140000	4.620000	-0.210000	755.00	0.183596	-0.110997	0.00	0.00	0.00	0.00	0.00	0.00	0.00	0.00	0.00	0.00	0.00	0.00	0.00	0.00	0.00	0.00	0.064453	-0.050781	1.271484	22.400000	-164.500000	-159.250000	0.00	0.000000	0.000000
12.41	0.25	1.00	1.75	2.50	2.25	2.50	0.00	3.75	1.75	6.75	9.00	10.00	8.25	17.25	3.50	5.75	-0.244141	0.134766	0.961914	-0.000000	4.550000	0.140000	747.00	0.186171	-0.113788	0.00	0.00	0.00	0.00	0.00	0.00	0.00	0.00	0.00	0.00	0.00	0.00	0.00	0.00	0.00	0.00	0.007324	-0.011719	1.273438	27.090000	-170.520004	-155.259995	0.00	0.000000	0.000000
12.42	0.25	1.25	1.75	2.50	2.50	2.75	0.00	3.75	1.75	7.00	9.00	10.25	8.25	17.25	4.25	6.25	-0.238281	0.133301	0.961426	-0.280000	4.830000	-0.210000	771.00	0.185202	-0.114285	0.00	0.00	0.25	0.00	0.00	0.00	0.00	0.00	0.00	0.00	0.00	0.00	0.00	0.00	0.00	0.00	-0.037598	0.004883	1.241211	31.920000	-172.550003	-152.110001	3.00	0.000000	0.000000
12.43	0.50	1.00	2.00	2.50	2.25	2.75	0.00	3.75	1.75	7.00	9.25	11.00	8.50	18.00	3.75	6.25	-0.236328	0.141113	0.968750	-0.420000	5.040000	-0.700000	785.00	0.185187	-0.113918	0.00	0.00	0.00	0.00	0.00	0.00	0.00	0.00	0.00	0.00	0.00	0.00	0.00	0.00	0.00	0.00	-0.089844	-0.007812	1.217285	39.060001	-172.410004	-148.750000	0.00	0.000000	0.000000
12.44	0.25	1.00	2.00	2.25	2.25	2.50	0.00	4.00	2.00	7.25	9.25	11.00	8.50	18.00	3.75	6.50	-0.243164	0.131836	0.966797	-0.490000	5.250000	-0.980000	788.00	0.189753	-0.113201	0.00	0.00	0.00	0.00	0.00	0.00	0.00	0.00	0.00	0.00	0.25	0.00	0.00	0.00	0.00	0.00	-0.132324	-0.035645	1.187988	46.060001	-170.100006	-144.970001	3.00	0.000000	0.000000
12.45	0.25	1.00	2.00	2.00	2.25	2.50	0.00	3.75	1.75	7.50	9.50	10.75	8.50	18.00	4.00	6.50	-0.240723	0.130859	0.966797	-0.630000	5.740000	-1.540000	783.00	0.193090	-0.111780	0.00	0.00	0.00	0.00	0.00	0.00	0.00	0.00	0.00	0.00	0.00	0.00	0.00	0.00	0.00	0.00	-0.184082	-0.070312	1.180664	50.610001	-166.460007	-141.330002	0.00	0.000000	0.000000
12.46	0.25	1.25	2.25	2.25	2.00	2.50	0.00	3.75	2.00	7.50	9.75	11.00	8.50	18.75	4.25	6.75	-0.238770	0.123535	0.962891	-0.630000	6.230000	-1.890000	807.00	0.192343	-0.109216	0.00	0.00	0.00	0.00	0.00	0.00	0.00	0.00	0.00	0.00	0.00	0.00	0.00	0.00	0.00	0.00	-0.234375	-0.108398	1.174316	51.520000	-161.979996	-138.949997	0.00	0.000000	0.000000
12.47	0.00	1.00	1.75	1.75	2.00	2.50	0.00	3.75	2.00	7.75	9.75	11.25	8.50	19.50	4.25	6.50	-0.245605	0.133301	0.974121	-0.560000	6.790000	-1.610000	802.00	0.204163	-0.107766	0.00	0.00	0.00	0.00	0.00	0.00	0.00	0.00	0.00	0.00	0.00	0.00	0.00	0.00	0.00	0.00	-0.288086	-0.183594	1.144043	48.299999	-154.699997	-138.389999	0.00	0.000000	0.000000
12.48	0.25	0.75	2.00	2.00	1.50	2.25	0.00	3.50	2.00	8.00	10.00	11.00	8.75	19.00	4.00	6.50	-0.247070	0.129883	0.965332	-0.350000	7.350000	-1.470000	793.00	0.203463	-0.107267	0.00	0.00	0.25	0.00	0.00	0.00	0.00	0.00	0.00	0.00	0.00	0.00	0.00	0.00	0.00	0.00	-0.323242	-0.233398	1.125000	44.310001	-150.430008	-140.979996	3.00	0.000000	0.000000
12.49	0.00	0.50	1.75	2.00	1.50	2.00	0.00	3.50	2.00	7.75	10.00	11.25	8.75	18.75	4.00	6.75	-0.245117	0.131836	0.967773	-0.350000	8.400000	-1.400000	782.00	0.209795	-0.110270	0.00	0.00	0.00	0.00	0.00	0.00	0.00	0.00	0.00	0.00	0.00	0.00	0.00	0.00	0.00	0.00	-0.345703	-0.284180	1.077637	41.299999	-145.809998	-146.300003	0.00	0.000000	0.000000
12.50	0.00	0.50	1.50	1.75	1.50	2.25	0.00	3.50	2.50	8.25	10.00	11.50	8.75	19.50	4.25	6.75	-0.250000	0.128418	0.972656	0.350000	10.360000	-1.120000	803.00	0.214753	-0.105087	0.00	0.00	0.00	0.00	0.00	0.00	0.00	0.00	0.00	0.00	0.00	0.00	0.00	0.00	0.00	0.00	-0.374512	-0.320801	1.042969	38.009998	-140.979996	-153.789993	0.00	0.000000	0.000000
12.51	0.25	1.00	1.75	1.75	2.00	2.00	0.00	3.25	2.50	8.50	10.00	11.50	8.50	20.00	4.00	6.75	-0.244629	0.121582	0.972168	0.490000	12.390000	-1.260000	814.00	0.208179	-0.098168	0.00	0.00	0.00	0.00	0.00	0.00	0.00	0.00	0.00	0.00	0.00	0.00	0.00	0.00	0.00	0.00	-0.414062	-0.352051	1.006348	32.759998	-136.009995	-162.050003	0.00	0.000000	0.000000
12.52	0.00	0.75	1.75	2.00	1.75	1.50	0.00	3.25	2.50	8.50	10.25	11.50	8.50	20.25	4.00	7.00	-0.252441	0.135254	0.971191	0.910000	13.720000	-1.260000	810.00	0.214633	-0.098126	0.00	0.00	0.25	0.00	0.00	0.00	0.00	0.00	0.00	0.00	0.00	0.00	0.00	0.00	0.00	0.00	-0.453613	-0.345215	0.963379	25.410000	-130.690002	-169.820007	3.00	0.000000	0.000000
12.53	0.00	0.75	1.75	1.50	1.75	1.75	0.00	3.00	2.75	8.75	10.50	11.50	8.25	21.00	4.25	6.50	-0.254883	0.134766	0.963867	1.120000	15.050000	-1.540000	816.00	0.219943	-0.090640	0.00	0.00	0.25	0.00	0.00	0.00	0.00	0.00	0.00	0.00	0.00	0.00	0.00	0.00	0.00	0.00	-0.514160	-0.295898	0.883789	14.560000	-122.150002	-178.919998	3.00	0.000000	0.000000
12.54	0.25	0.75	1.50	1.50	1.75	1.25	0.00	3.00	2.75	8.75	10.75	11.50	8.50	21.00	4.25	6.75	-0.263184	0.130371	0.970703	1.260000	16.450001	-1.470000	816.00	0.222228	-0.090844	0.00	0.00	0.25	0.00	0.00	0.00	0.00	0.00	0.00	0.00	0.25	0.00	0.00	0.00	0.00	0.00	-1.231445	-0.331543	0.296387	7.000000	-118.230003	-182.770004	5.00	0.000000	0.000000
12.55	0.50	0.50	1.50	1.50	1.50	1.00	0.00	2.75	3.00	9.00	11.00	11.75	8.50	21.75	4.00	7.00	-0.259277	0.132324	0.966309	1.820000	19.040001	-1.120000	823.00	0.226797	-0.085630	0.00	0.00	0.25	0.00	0.00	0.00	0.00	0.00	0.00	0.00	0.00	0.00	0.00	0.00	0.00	0.00	-0.730469	-0.364746	0.434082	-24.290001	-76.930000	-183.190002	3.00	0.000000	0.000000
12.56	0.25	0.50	1.75	1.50	1.50	1.00	0.00	2.50	3.00	9.00	10.75	11.75	8.50	22.75	5.00	7.00	-0.260254	0.138184	0.964844	1.820000	20.090000	-0.980000	836.00	0.232366	-0.081436	0.00	0.00	0.50	0.00	0.00	0.00	0.00	0.00	0.00	0.00	0.00	0.00	0.00	0.00	0.00	0.00	-1.151367	-0.286621	0.692383	-43.049999	-61.950001	-185.360001	6.00	0.000000	0.000000
12.57	0.00	0.25	1.50	1.50	1.50	0.75	0.00	2.25	3.50	9.75	10.75	11.50	7.75	22.75	4.50	6.75	-0.263184	0.142578	0.967285	1.400000	22.049999	-0.910000	821.00	0.239804	-0.071999	0.00	0.00	0.50	0.00	0.00	0.00	0.00	0.00	0.00	0.00	0.00	0.00	0.00	0.00	0.00	0.00	-1.341797	-0.315430	0.711426	-45.849998	-38.639999	-183.680008	6.00	0.000000	0.000000
12.58	0.00	0.00	0.75	1.25	1.50	0.50	0.00	2.00	3.50	10.25	11.00	11.25	7.50	23.25	4.25	6.25	-0.266602	0.137695	0.978516	0.630000	26.320000	-1.680000	803.00	0.251506	-0.065992	0.00	0.00	0.75	0.00	0.00	0.00	0.00	0.00	0.00	0.00	0.00	0.00	0.00	0.00	0.00	0.00	-1.479004	-0.415039	0.522949	-63.070000	-15.330000	-184.380005	8.00	0.000000	0.000000
12.59	0.00	0.25	1.00	1.25	1.50	0.75	0.00	2.00	3.75	10.00	10.75	11.00	7.50	24.00	3.75	6.50	-0.272461	0.139160	0.977051	0.980000	28.910000	-1.820000	808.00	0.247180	-0.062953	0.00	0.00	0.75	0.25	0.00	0.00	0.00	0.00	0.00	0.00	0.00	0.00	0.00	0.00	0.00	0.00	-1.676270	-0.374512	0.351074	-95.410004	25.830000	-190.330002	11.00	0.000000	0.000000
12.60	0.00	0.50	1.25	1.25	1.25	0.50	0.00	1.50	4.25	10.25	10.75	11.25	7.25	24.00	3.75	6.25	-0.276367	0.134766	0.988281	0.490000	32.130001	-2.170000	809.00	0.248508	-0.055474	0.25	0.25	0.75	0.25	0.00	0.00	0.00	0.00	0.00	0.00	0.00	0.00	0.00	0.00	0.00	0.00	-0.933594	-0.086426	0.617676	-99.330002	66.430000	-189.210007	16.00	0.000000	0.000000
12.61	0.00	0.00	1.25	1.00	1.25	0.25	0.00	1.25	4.25	10.50	11.00	11.25	6.75	25.25	4.25	6.25	-0.280273	0.135254	0.969238	-0.140000	35.209999	-2.800000	811.00	0.260173	-0.046727	1.00	1.00	1.00	0.50	0.00	0.00	0.00	0.00	0.00	0.00	0.00	0.00	0.00	0.00	0.00	0.00	-0.269043	0.250977	1.228516	-63.490002	80.849998	-174.649994	36.00	0.000000	0.000000
12.62	0.00	0.00	1.00	0.75	1.00	0.25	0.00	1.25	4.25	10.75	11.00	11.00	6.75	25.25	3.75	6.25	-0.290039	0.125977	0.992188	-1.190000	38.639999	-3.010000	798.00	0.264359	-0.045545	1.50	3.25	2.00	1.00	0.00	0.00	0.00	0.00	0.00	0.00	0.00	0.00	0.00	0.00	0.00	0.00	0.182129	0.265137	0.956055	-26.880001	67.970001	-155.470001	79.00	-0.353221	-0.047717
12.63	0.00	0.00	1.00	0.50	1.00	0.25	0.00	1.00	4.25	10.50	11.00	10.50	6.25	26.00	3.75	6.25	-0.292480	0.122070	0.997070	-2.520000	42.700001	-3.640000	785.00	0.269820	-0.037814	3.50	5.25	3.00	2.25	0.00	0.00	0.00	0.00	0.00	0.00	0.00	0.00	0.00	0.00	0.00	0.00	0.108887	0.345215	0.616211	-18.059999	66.430000	-146.930008	143.00	-0.355524	-0.046600
12.64	0.00	0.25	0.75	0.50	1.00	0.25	0.00	0.75	4.75	10.75	10.75	10.00	6.00	26.00	3.50	5.75	-0.312012	0.149902	1.003418	-3.990000	50.400002	-4.340000	775.00	0.270955	-0.029616	5.00	6.00	4.25	3.00	0.00	0.00	0.00	0.00	0.00	0.00	0.00	0.00	0.00	0.00	0.00	0.00	0.061035	0.575684	0.531738	-29.540001	89.669998	-137.479996	187.00	-0.352057	-0.035834
12.65	0.00	0.50	0.75	0.75	1.00	0.00	0.00	0.75	5.00	10.50	10.25	9.75	5.50	27.00	3.50	5.50	-0.300293	0.163574	1.019531	-7.770000	57.189999	-6.300000	773.00	0.270954	-0.022190	6.00	6.50	4.50	4.25	0.00	0.00	0.00	0.00	0.00	0.00	0.00	0.00	0.00	0.00	0.00	0.00	-0.053711	0.775391	0.630859	-29.120001	112.559998	-119.349998	219.00	-0.350702	-0.041983
12.66	0.00	0.00	1.00	0.50	0.75	0.00	0.00	0.50	5.00	11.00	10.00	9.00	5.25	27.25	3.50	5.50	-0.322266	0.150391	1.027832	-9.940000	64.680000	-8.890000	756.00	0.279356	-0.013012	6.50	7.00	5.00	4.75	0.00	0.00	0.00	0.00	0.00	0.00	0.00	0.00	0.00	0.00	0.00	0.00	-0.096191	0.868652	0.571289	-17.219999	137.830002	-91.419998	240.00	-0.349679	-0.042241
12.67	0.00	0.00	1.00	0.50	0.75	0.00	0.00	0.00	5.25	11.00	10.00	8.00	4.25	27.25	3.75	5.25	-0.350586	0.157227	1.048828	-10.780000	73.080002	-10.710000	734.00	0.284925	0.001865	7.00	7.25	5.25	5.25	0.00	0.00	0.00	0.00	0.00	0.00	0.00	0.00	0.00	0.00	0.00	0.00	-0.065430	0.910156	0.575195	-10.570000	165.970001	-60.410000	255.00	-0.349118	-0.042782
12.68	0.00	0.00	0.50	0.75	0.75	0.25	0.00	0.25	5.25	11.00	9.50	7.25	3.50	27.00	3.25	4.50	-0.342773	0.125000	1.047363	-12.040000	81.340004	-12.320000	707.00	0.284410	0.007503	7.25	7.50	5.50	5.75	0.00	0.00	0.00	0.00	0.00	0.00	0.00	0.00	0.00	0.00	0.00	0.00	-0.194824	0.469727	0.729004	-32.200001	193.479996	-45.080002	269.00	-0.348094	-0.044725
12.69	0.00	0.00	0.25	0.25	0.75	0.00	0.00	0.25	5.25	11.00	8.75	6.75	3.25	27.25	3.00	4.25	-0.358887	0.100098	1.090820	-14.980000	93.169998	-13.160000	678.00	0.294467	0.016980	7.25	7.75	5.50	6.00	0.00	0.00	0.00	0.00	0.00	0.00	0.00	0.00	0.00	0.00	0.00	0.00	-0.215332	0.329102	0.389648	-44.590000	224.839996	-32.970001	274.00	-0.348065	-0.047553
12.70	0.00	0.00	0.50	0.00	0.75	0.00	0.00	0.00	5.00	11.00	7.50	6.00	2.50	27.25	3.00	3.75	-0.381348	0.136719	1.086914	-19.600000	106.750000	-14.000000	641.00	0.300002	0.032269	8.25	8.75	7.50	8.25	0.00	0.25	0.00	0.00	0.00	0.00	0.00	0.00	0.00	0.00	0.00	0.00	-0.331055	-2.742188	3.601562	-65.309998	246.050003	21.070000	343.00	-0.340293	-0.051662
12.71	0.00	0.00	0.50	0.00	0.50	0.00	0.00	0.00	4.75	10.75	6.75	5.00	2.00	27.25	2.75	3.25	-0.401367	0.131348	1.125000	-23.030001	130.550003	-17.219999	604.00	0.305213	0.043939	10.00	9.50	10.50	10.25	0.50	2.50	0.00	0.25	0.00	0.00	0.25	0.25	0.25	0.00	0.00	0.00	-0.123535	-0.550781	1.055176	44.099998	12.110000	9.870000	465.00	-0.312178	-0.061897
12.72	0.00	0.00	0.00	0.00	0.50	0.00	0.00	0.00	4.75	10.75	5.75	3.00	1.75	26.00	2.75	2.75	-0.441406	0.119141	1.217773	-24.219999	148.680008	-18.969999	552.00	0.314448	0.060686	10.75	10.00	11.75	11.00	0.75	3.50	0.00	0.75	0.00	0.00	0.50	0.25	0.25	0.00	0.00	0.00	-0.310059	0.273438	1.363770	7.910000	18.270000	1.820000	523.00	-0.301453	-0.067626
12.73	0.00	0.00	0.00	0.25	0.25	0.00	0.00	0.00	4.50	10.25	4.00	1.00	1.00	24.25	2.00	2.00	-0.506836	0.265625	1.447266	-40.250000	176.190002	-25.690001	470.00	0.319926	0.089531	10.75	9.75	12.00	10.75	1.25	4.00	0.00	1.00	0.00	0.00	0.50	0.25	0.50	0.00	0.00	0.00	-0.184082	0.142090	0.872070	14.560000	-9.870000	3.850000	538.00	-0.293591	-0.070230
12.74	0.00	0.00	0.00	0.00	0.00	0.00	0.00	0.00	3.75	9.50	2.50	0.50	0.75	22.25	1.50	1.25	-0.467285	0.241211	1.232910	-57.889999	199.009995	-36.610001	398.00	0.330785	0.106691	10.25	9.50	11.75	11.00	1.50	4.25	0.00	1.00	0.00	0.25	0.50	0.50	0.50	0.50	0.00	0.00	-0.240234	0.165039	1.035156	7.000000	13.860000	3.710000	545.00	-0.280092	-0.071983
12.75	0.00	0.00	0.00	0.00	0.00	0.00	0.00	0.00	3.25	8.25	0.75	0.50	0.25	18.50	1.25	0.50	-0.628418	0.513184	1.957031	-65.660004	209.440002	-44.520000	317.00	0.334977	0.125430	10.25	9.50	12.00	11.00	2.00	5.00	0.00	1.25	0.00	0.25	0.75	0.75	0.75	0.75	0.00	0.25	-0.219238	0.076660	0.947754	7.630000	2.520000	3.010000	576.00	-0.264668	-0.077225
12.76	0.00	0.00	0.25	0.00	0.00	0.00	0.00	0.00	2.50	6.75	0.75	0.50	0.25	15.00	0.50	0.25	-0.487793	0.093262	1.277344	-81.760002	219.800003	-56.000000	255.00	0.325696	0.125701	10.75	9.50	12.50	11.25	2.25	5.25	0.00	1.25	0.00	0.00	0.75	0.75	0.75	1.50	0.00	0.25	-0.247559	0.149902	0.984375	6.650000	1.680000	2.240000	599.00	-0.259801	-0.072890
12.77	0.00	0.00	0.25	0.00	0.00	0.00	0.00	0.00	2.00	5.50	0.50	0.25	0.25	10.50	0.25	0.00	-0.757812	0.520996	1.455566	-99.750000	232.750000	-62.090000	188.00	0.317854	0.129539	10.50	9.50	12.75	11.25	2.50	5.50	0.00	1.50	0.00	0.25	0.75	0.75	0.75	2.25	0.00	0.25	-0.246094	0.123535	1.016113	4.270000	0.840000	1.330000	617.00	-0.247566	-0.072001
12.78	0.00	0.00	0.00	0.00	0.00	0.00	0.00	0.00	1.25	2.75	0.25	0.25	0.25	7.00	0.50	0.25	-0.644531	0.190430	1.758789	-143.850006	224.279999	-83.019997	119.00	0.335873	0.117814	11.00	9.75	13.00	11.50	3.00	5.50	0.00	1.75	0.00	0.00	0.75	0.75	0.75	2.25	0.00	0.50	-0.242676	0.135254	0.997070	3.220000	-1.400000	1.400000	638.00	-0.247928	-0.072654
12.79	0.00	0.00	0.25	0.00	0.00	0.00	0.00	0.00	0.75	0.75	0.25	0.25	0.25	4.00	0.50	0.00	-0.507324	0.139160	1.831055	-242.619995	197.399994	-82.739998	67.00	0.318271	0.103963	11.25	9.75	12.75	11.25	3.00	5.75	0.00	1.75	0.00	0.00	1.00	0.75	1.00	2.25	0.00	0.75	-0.228027	0.126465	0.978516	2.870000	-1.470000	1.470000	644.00	-0.243292	-0.074815
12.80	0.00	0.00	0.25	0.00	0.00	0.00	0.00	0.00	0.25	1.00	0.25	0.25	0.25	1.25	0.25	0.25	-0.527344	0.309082	1.730957	-355.110016	169.889999	-78.260002	39.00	0.000000	0.000000	11.25	9.75	12.50	11.25	3.00	5.75	0.00	1.75	0.00	0.50	0.75	0.75	1.00	2.25	0.00	0.75	-0.228516	0.135742	0.976074	3.430000	-0.490000	1.400000	644.00	-0.241197	-0.074240
12.81	0.00	0.00	0.00	0.00	0.00	0.00	0.00	0.00	0.25	0.75	0.25	0.25	0.25	1.25	0.25	0.00	-0.525879	0.314941	1.277832	-427.910004	152.669998	-67.480003	32.00	0.000000	0.000000	11.00	9.75	12.25	11.00	3.25	5.75	0.00	2.25	0.00	0.00	0.75	1.00	1.25	2.50	0.00	0.75	-0.233398	0.131348	0.974121	3.780000	1.470000	1.190000	648.00	-0.235583	-0.080668
12.82	0.00	0.00	0.25	0.00	0.00	0.00	0.00	0.00	0.25	0.50	0.50	0.25	0.00	1.25	0.25	0.25	-0.295898	0.404297	1.031738	-480.760010	158.270004	-59.220001	34.00	0.000000	0.000000	10.50	9.50	12.00	10.75	3.25	5.75	0.00	2.50	0.00	0.25	1.00	1.00	1.25	3.00	0.00	0.75	-0.230469	0.135742	0.979492	3.850000	2.030000	1.050000	648.00	-0.223915	-0.081691
12.83	0.00	0.00	0.25	0.25	0.00	0.00	0.00	0.00	0.00	0.50	0.25	0.25	0.00	1.00	0.00	0.00	-0.193359	0.960449	1.041504	-493.920013	161.070007	-40.459999	25.00	0.000000	0.000000	10.25	9.25	11.75	10.50	3.50	6.00	0.00	2.50	0.00	0.25	1.00	1.00	1.50	3.00	0.00	1.25	-0.236816	0.125488	0.979980	3.920000	2.310000	1.050000	648.00	-0.217581	-0.084720
12.84	0.00	0.00	0.25	0.25	0.00	0.00	0.00	0.00	0.00	0.25	0.25	0.00	0.00	0.50	0.00	0.00	-0.257324	2.448730	2.268066	-315.070007	125.160004	101.779999	15.00	0.000000	0.000000	9.50	9.00	11.50	10.50	3.50	6.50	0.00	2.75	0.00	0.25	1.25	1.25	1.75	3.00	0.00	1.25	-0.240234	0.130371	0.984863	3.920000	2.380000	0.980000	652.00	-0.207929	-0.093073
12.85	0.00	0.00	0.25	0.25	0.00	0.00	0.00	0.00	0.00	0.50	0.25	0.25	0.00	0.25	0.00	0.00	0.020508	1.753906	1.681152	-161.139999	33.950001	185.919998	18.00	0.000000	0.000000	9.50	8.75	11.25	10.00	3.50	6.50	0.00	3.00	0.00	0.50	1.50	1.50	2.00	3.00	0.25	1.50	-0.234863	0.135742	0.992188	3.780000	3.010000	0.840000	659.00	-0.195142	-0.096120
12.86	0.00	0.00	0.25	0.25	0.00	0.00	0.00	0.00	0.00	0.25	0.00	0.25	0.00	0.50	0.00	0.00	-0.052246	0.900879	1.126953	-124.529999	-21.980000	234.290009	15.00	0.000000	0.000000	9.50	8.50	11.00	10.00	3.25	6.25	0.00	3.00	0.00	0.50	1.50	1.50	2.00	3.00	0.25	1.50	-0.241699	0.136230	0.995117	3.780000	2.590000	0.840000	649.00	-0.194528	-0.096594
12.87	0.00	0.00	0.00	0.25	0.00	0.00	0.00	0.00	0.00	0.25	0.00	0.00	0.25	0.25	0.00	0.00	-0.053223	0.478027	0.725098	-161.000000	-37.660000	250.880005	10.00	0.000000	0.000000	9.00	8.50	10.50	9.75	3.25	6.50	0.00	3.25	0.00	0.50	1.50	1.75	2.00	3.00	0.25	1.50	-0.239746	0.142578	0.978516	3.570000	1.960000	0.630000	644.00	-0.188936	-0.102608
12.88	0.00	0.00	0.00	0.25	0.00	0.00	0.00	0.00	0.00	0.25	0.00	0.25	0.00	0.25	0.00	0.00	-0.031738	0.391602	0.586914	-189.000000	-37.450001	245.910004	10.00	0.000000	0.000000	8.50	8.25	10.25	9.50	3.00	6.50	0.00	3.50	0.00	0.50	1.75	2.00	2.50	3.50	0.25	1.75	-0.240723	0.134766	0.984863	3.290000	1.890000	0.630000	648.00	-0.174100	-0.108615
12.89	0.00	0.00	0.00	0.25	0.00	0.00	0.00	0.00	0.00	0.00	0.25	0.00	0.25	0.25	0.00	0.00	-0.005859	0.367188	0.614746	-178.919998	-39.619999	227.360001	10.00	0.000000	0.000000	8.25	7.75	9.75	9.25	3.00	6.75	0.00	3.50	0.25	0.50	1.75	2.00	2.50	3.50	0.25	2.00	-0.236816	0.141113	0.970215	3.220000	1.960000	0.490000	640.00	-0.166710	-0.109484
12.90	0.00	0.00	0.25	0.00	0.00	0.00	0.00	0.00	0.00	0.00	0.25	0.00	0.25	0.25	0.00	0.00	0.026367	0.305664	0.697266	-140.559998	-50.189999	198.100006	10.00	0.000000	0.000000	8.00	7.75	9.25	9.25	3.00	6.50	0.00	4.00	0.25	0.50	1.75	2.25	2.25	3.25	0.25	1.75	-0.239746	0.134766	0.973633	3.080000	2.730000	0.560000	633.00	-0.165746	-0.114915
12.91	0.00	0.00	0.25	0.00	0.00	0.00	0.00	0.00	0.25	0.00	0.00	0.00	0.00	0.75	0.00	0.00	0.039062	0.125977	0.817871	-91.349998	-73.639999	144.199997	12.00	0.000000	0.000000	7.75	7.25	9.25	8.75	3.25	6.50	0.00	4.00	0.25	0.75	2.25	2.25	2.75	3.25	0.50	2.00	-0.238281	0.142578	0.980957	3.220000	2.940000	0.700000	640.00	-0.151155	-0.115669
12.92	0.00	0.00	0.25	0.00	0.00	0.00	0.00	0.00	0.00	0.00	0.00	0.00	0.00	1.00	0.00	0.00	0.008789	0.063965	0.855469	-87.570000	-91.489998	106.820000	11.00	0.000000	0.000000	7.25	7.00	8.75	8.50	3.25	6.75	0.00	4.25	0.25	1.00	2.25	2.50	3.00	3.25	0.50	2.00	-0.243652	0.145020	0.978516	3.150000	2.940000	0.560000	638.00	-0.141564	-0.122138
12.93	0.00	0.00	0.25	0.00	0.00	0.00	0.00	0.00	0.00	0.25	0.00	0.00	0.00	0.50	0.00	0.00	-0.025879	0.095215	0.859375	-98.349998	-108.639999	72.239998	10.00	0.000000	0.000000	7.00	6.75	8.25	8.25	3.00	6.75	0.00	4.00	0.00	1.00	2.50	2.50	3.00	3.25	0.50	2.25	-0.241699	0.144043	0.978516	3.080000	2.240000	0.420000	619.00	-0.137994	-0.126039
12.94	0.00	0.00	0.00	0.25	0.00	0.00	0.00	0.00	0.00	0.25	0.25	0.00	0.00	0.25	0.00	0.00	-0.065918	0.204590	0.831543	-106.260002	-124.180000	42.910000	10.00	0.000000	0.000000	7.00	6.75	8.25	8.25	3.00	6.50	0.00	4.25	0.00	0.75	2.50	2.50	3.25	3.25	0.25	2.25	-0.234375	0.144043	0.976562	3.220000	1.540000	0.490000	617.00	-0.139999	-0.129198
12.95	0.00	0.00	0.00	0.00	0.00	0.00	0.00	0.00	0.00	0.25	0.25	0.00	0.00	0.00	0.00	0.00	-0.123047	0.338867	0.827637	-103.040001	-137.899994	21.210001	5.00	0.000000	0.000000	6.50	6.75	7.75	8.00	3.00	6.50	0.00	4.50	0.25	0.75	2.25	3.00	3.25	3.50	0.50	2.50	-0.242188	0.144043	0.981934	3.150000	1.050000	0.490000	619.00	-0.126383	-0.132836
12.96	0.00	0.00	0.00	0.00	0.00	0.00	0.00	0.00	0.00	0.00	0.25	0.25	0.00	0.00	0.00	0.00	-0.178223	0.427734	0.821289	-93.099998	-149.520004	7.630000	5.00	0.000000	0.000000	6.75	6.50	7.75	8.00	2.75	6.50	0.00	4.50	0.00	0.75	2.75	3.00	3.25	3.00	0.50	2.25	-0.241699	0.144531	0.981934	3.220000	0.490000	0.630000	613.00	-0.130325	-0.136346
12.97	0.00	0.00	0.00	0.00	0.00	0.00	0.00	0.00	0.00	0.00	0.25	0.25	0.00	0.25	0.00	0.00	-0.249023	0.529785	0.860352	-84.349998	-159.740005	1.400000	7.00	0.000000	0.000000	6.75	6.50	8.00	8.00	2.75	6.50	0.00	4.75	0.00	0.75	2.75	3.25	3.25	3.25	0.50	2.25	-0.240723	0.146484	0.971191	2.940000	-0.210000	0.630000	624.00	-0.126927	-0.136495
12.98	0.00	0.25	0.00	0.25	0.00	0.00	0.00	0.00	0.25	0.25	0.25	0.00	0.00	0.25	0.00	0.00	-0.347656	0.662598	0.936523	-76.720001	-174.089996	5.530000	16.00	0.000000	0.000000	6.50	6.50	7.75	8.00	2.75	6.50	0.00	4.50	0.25	0.75	2.75	3.25	3.50	3.25	0.50	2.50	-0.237793	0.147949	0.973145	2.660000	-0.350000	0.630000	622.00	-0.121742	-0.136325
12.99	0.00	0.00	0.25	0.00	0.00	0.00	0.00	0.00	0.25	0.25	0.00	0.00	0.00	0.25	0.00	0.00	-0.422363	0.764160	0.980469	-75.040001	-184.589996	16.100000	11.00	0.000000	0.000000	6.50	6.25	7.50	8.00	2.75	6.50	0.00	4.75	0.25	0.50	2.75	3.25	3.50	3.00	0.50	2.25	-0.242188	0.144531	0.981445	2.450000	-0.490000	0.630000	614.00	-0.123757	-0.140362
13.00	0.00	0.00	0.00	0.00	0.00	0.00	0.00	0.00	0.00	0.00	0.25	0.00	0.00	0.75	0.00	0.00	-0.490723	0.859375	0.983887	-73.360001	-194.389999	31.639999	9.00	0.000000	0.000000	6.50	6.50	7.50	7.50	2.75	6.50	0.00	5.00	0.00	0.50	2.50	3.25	3.50	3.00	0.50	2.25	-0.239258	0.146973	0.975098	2.310000	-0.770000	0.630000	609.00	-0.126237	-0.143601
13.01	0.00	0.00	0.00	0.25	0.00	0.00	0.00	0.00	0.00	0.00	0.00	0.25	0.00	0.75	0.00	0.00	-0.571289	0.937988	0.964355	-69.720001	-201.600006	51.660000	12.00	0.000000	0.000000	6.75	6.50	7.75	7.50	3.00	6.75	0.00	5.00	0.00	0.75	2.75	3.25	3.75	3.00	0.50	2.50	-0.243164	0.152344	0.971680	2.240000	-0.910000	0.700000	629.00	-0.123050	-0.141684
13.02	0.00	0.00	0.00	0.00	0.00	0.00	0.00	0.00	0.25	0.00	0.00	0.25	0.00	0.50	0.00	0.00	-0.652344	1.016113	0.922363	-63.139999	-205.589996	75.320000	10.00	0.000000	0.000000	6.75	6.50	7.75	7.75	2.75	6.75	0.00	5.00	0.00	0.50	3.00	3.00	3.75	3.25	0.50	2.50	-0.234863	0.147461	0.970703	2.310000	-0.910000	0.700000	628.00	-0.123386	-0.141951
13.03	0.00	0.00	0.00	0.00	0.00	0.00	0.00	0.00	0.25	0.00	0.00	0.00	0.00	0.50	0.00	0.00	-0.748047	1.094238	0.843750	-53.410000	-203.210007	116.480003	8.00	0.000000	0.000000	6.50	6.50	7.75	7.75	3.00	6.75	0.00	5.00	0.00	0.50	3.00	3.25	3.75	3.00	0.50	2.25	-0.243164	0.149414	0.969727	2.240000	-0.490000	0.700000	628.00	-0.123712	-0.143452
13.04	0.00	0.00	0.00	0.25	0.00	0.00	0.00	0.00	0.25	0.00	0.25	0.00	0.00	0.25	0.00	0.00	-0.795410	1.127441	0.803223	-46.130001	-195.720001	146.020004	11.00	0.000000	0.000000	7.00	6.50	7.75	7.75	2.50	6.75	0.00	5.00	0.00	0.75	3.00	3.50	4.00	3.00	0.50	2.50	-0.246582	0.148926	0.975586	2.100000	-0.210000	0.700000	636.00	-0.121074	-0.144396
13.05	0.00	0.00	0.00	0.25	0.00	0.00	0.00	0.00	0.25	0.00	0.00	0.00	0.00	0.25	0.00	0.00	-0.831055	1.142578	0.796387	-33.389999	-185.360001	174.020004	8.00	0.000000	0.000000	6.75	6.50	7.75	7.75	2.50	6.75	0.00	5.25	0.25	0.50	3.00	3.50	4.00	3.00	0.50	2.50	-0.241211	0.148926	0.973145	2.030000	-0.140000	0.770000	638.00	-0.118819	-0.145600
13.06	0.00	0.00	0.00	0.25	0.00	0.00	0.00	0.00	0.00	0.00	0.00	0.00	0.00	0.25	0.00	0.00	-0.870605	1.095703	0.815918	-15.960000	-174.089996	198.309998	5.00	0.000000	0.000000	6.75	6.50	7.75	7.75	2.50	6.75	0.00	5.25	0.00	0.50	3.25	3.75	4.00	3.00	0.50	2.50	-0.241699	0.147949	0.977539	1.750000	0.070000	0.700000	640.00	-0.117978	-0.148242
13.07	0.00	0.00	0.25	0.25	0.00	0.00	0.00	0.00	0.00	0.00	0.00	0.00	0.00	0.25	0.00	0.00	-0.895020	1.023926	0.846191	0.560000	-162.680008	216.369995	8.00	0.000000	0.000000	6.50	6.50	7.75	7.75	2.50	6.75	0.00	5.25	0.00	0.75	3.00	4.00	4.00	2.75	0.50	2.50	-0.242676	0.155273	0.968262	1.400000	0.140000	0.700000	638.00	-0.117192	-0.150248
13.08	0.00	0.00	0.25	0.25	0.00	0.00	0.00	0.00	0.00	0.00	0.00	0.00	0.00	0.25	0.00	0.00	-0.917969	0.938965	0.884277	14.210000	-151.270004	228.479996	8.00	0.000000	0.000000	6.50	6.50	7.75	7.75	2.50	6.75	0.00	5.50	0.00	1.00	3.25	3.75	4.25	2.75	0.75	2.50	-0.239258	0.152832	0.970703	1.260000	0.140000	0.490000	649.00	-0.112000	-0.150843
13.09	0.00	0.00	0.25	0.25	0.00	0.00	0.00	0.00	0.00	0.00	0.00	0.00	0.00	0.25	0.00	0.00	-0.917969	0.859863	0.958008	23.730000	-141.190002	236.180008	8.00	0.000000	0.000000	7.00	6.50	7.50	7.75	2.50	6.75	0.00	5.50	0.00	1.00	3.25	3.75	4.25	2.75	0.50	2.75	-0.238770	0.152832	0.974121	1.120000	0.420000	0.490000	650.00	-0.114774	-0.150424
13.10	0.00	0.00	0.00	0.00	0.00	0.00	0.00	0.00	0.00	0.00	0.00	0.00	0.00	0.50	0.00	0.00	-0.896484	0.804688	1.014160	30.100000	-134.330002	240.449997	4.00	0.000000	0.000000	6.50	6.50	7.50	7.75	2.50	6.75	0.00	5.50	0.00	1.25	3.50	4.25	4.25	2.75	0.50	2.75	-0.244141	0.150391	0.972656	1.260000	0.560000	0.560000	655.00	-0.107126	-0.152648
13.11	0.00	0.00	0.00	0.25	0.00	0.00	0.00	0.00	0.00	0.00	0.00	0.00	0.00	0.50	0.00	0.00	-0.836914	0.733887	1.105469	38.430000	-129.360001	241.919998	7.00	0.000000	0.000000	6.00	6.25	7.50	7.75	2.75	6.75	0.00	6.00	0.00	1.25	3.50	4.25	4.50	2.50	0.50	2.75	-0.248535	0.147949	0.964844	1.330000	0.770000	0.350000	658.00	-0.103466	-0.158613
13.12	0.00	0.00	0.25	0.00	0.00	0.00	0.00	0.00	0.00	0.00	0.00	0.00	0.00	0.00	0.00	0.00	-0.803711	0.679199	1.188477	44.240002	-130.410004	240.309998	3.00	0.000000	0.000000	6.25	6.00	7.25	7.75	2.50	6.75	0.00	5.75	0.00	1.50	3.50	4.25	4.50	3.00	0.75	2.75	-0.243652	0.151855	0.972656	1.120000	1.120000	0.280000	659.00	-0.096565	-0.154800
13.13	0.00	0.00	0.25	0.00	0.00	0.00	0.00	0.00	0.00	0.00	0.00	0.00	0.00	0.00	0.00	0.00	-0.801270	0.641602	1.267578	50.119999	-134.889999	235.899994	3.00	0.000000	0.000000	6.00	6.00	7.00	7.25	2.50	6.75	0.00	5.75	0.25	1.75	3.75	4.50	4.75	3.00	0.75	3.00	-0.248047	0.160156	0.970215	1.120000	1.330000	0.210000	663.00	-0.085716	-0.155034
13.14	0.00	0.00	0.00	0.25	0.00	0.00	0.00	0.00	0.00	0.00	0.00	0.00	0.00	0.00	0.00	0.00	-0.780762	0.582520	1.311035	56.490002	-141.889999	229.529999	3.00	0.000000	0.000000	6.00	5.75	6.50	6.75	2.25	6.75	0.00	6.00	0.00	1.75	4.25	4.75	5.25	3.50	0.75	3.00	-0.247070	0.156250	0.971680	1.120000	1.470000	0.140000	664.00	-0.073998	-0.160960
13.15	0.00	0.00	0.25	0.25	0.00	0.00	0.00	0.00	0.25	0.00	0.00	0.25	0.00	0.00	0.00	0.00	-0.758301	0.534180	1.322266	61.250000	-149.660004	220.850006	11.00	0.000000	0.000000	5.25	5.75	6.25	6.75	2.50	6.75	0.00	6.00	0.00	1.75	4.25	4.75	5.25	3.75	0.75	3.00	-0.244629	0.158203	0.973633	1.190000	1.680000	-0.000000	658.00	-0.067939	-0.163182
13.16	0.00	0.00	0.00	0.25	0.00	0.00	0.00	0.00	0.00	0.00	0.00	0.00	0.00	0.00	0.00	0.00	-0.742188	0.478027	1.329102	65.099998	-156.100006	210.000000	3.00	0.000000	0.000000	5.25	5.50	6.00	6.50	2.50	6.75	0.00	6.00	0.25	1.75	4.25	5.00	5.50	3.75	0.75	3.00	-0.248535	0.154297	0.973633	1.260000	1.750000	-0.210000	658.00	-0.061465	-0.163322
13.17	0.00	0.00	0.00	0.25	0.00	0.00	0.00	0.00	0.00	0.00	0.00	0.00	0.00	0.00	0.00	0.00	-0.720215	0.424316	1.338867	69.090004	-160.720001	197.610001	3.00	0.000000	0.000000	5.25	5.25	5.50	6.50	2.25	6.75	0.00	6.25	0.00	1.75	4.50	5.50	5.50	3.75	1.00	3.25	-0.249023	0.162109	0.973145	1.330000	1.890000	-0.350000	660.00	-0.053493	-0.170722
13.18	0.00	0.00	0.25	0.00	0.00	0.00	0.00	0.00	0.00	0.00	0.00	0.00	0.00	0.00	0.00	0.00	-0.703613	0.395508	1.338867	76.440002	-164.710007	178.220001	3.00	0.000000	0.000000	4.50	5.00	5.25	6.00	2.00	6.75	0.00	6.25	0.00	1.75	5.00	5.75	5.75	3.50	1.00	3.25	-0.251953	0.154297	0.971191	1.680000	1.680000	-0.350000	647.00	-0.042257	-0.177925
13.19	0.00	0.00	0.25	0.00	0.00	0.00	0.00	0.00	0.00	0.00	0.25	0.00	0.00	0.00	0.00	0.00	-0.693848	0.375977	1.350586	81.830002	-165.059998	165.899994	5.00	0.000000	0.000000	4.00	4.75	5.00	5.25	2.00	6.50	0.00	6.25	0.00	1.50	5.50	5.75	6.50	4.00	0.75	3.50	-0.246582	0.154297	0.979980	2.030000	1.750000	-0.630000	638.00	-0.028118	-0.182132
13.20	0.00	0.00	0.00	0.00	0.00	0.00	0.00	0.00	0.00	0.00	0.00	0.00	0.00	0.00	0.00	0.00	-0.704102	0.346680	1.360352	86.379997	-164.009995	155.399994	0.00	0.000000	0.000000	3.25	4.50	4.50	5.00	2.00	6.25	0.00	6.50	0.25	2.00	5.50	6.00	7.00	4.25	0.75	3.50	-0.251465	0.148926	0.976074	2.380000	1.750000	-0.490000	638.00	-0.010896	-0.185603
13.21	0.00	0.00	0.00	0.00	0.00	0.00	0.00	0.00	0.25	0.00	0.00	0.00	0.00	0.25	0.00	0.00	-0.715332	0.327637	1.356934	88.480003	-162.399994	147.350006	5.00	0.000000	0.000000	2.25	4.25	4.00	4.75	1.75	6.50	0.00	6.50	0.25	2.25	5.75	6.50	7.00	4.75	1.00	3.75	-0.254395	0.157227	0.971191	2.380000	2.030000	-0.630000	636.00	0.009461	-0.191165
13.22	0.00	0.00	0.25	0.00	0.00	0.00	0.00	0.00	0.00	0.00	0.00	0.00	0.00	0.25	0.00	0.00	-0.740723	0.334961	1.344727	86.940002	-159.460007	142.309998	5.00	0.000000	0.000000	1.50	3.75	3.25	4.25	1.50	6.25	0.00	6.50	0.25	2.25	6.00	6.75	7.00	4.75	1.00	3.75	-0.248535	0.159668	0.970703	2.520000	2.100000	-0.980000	609.00	0.027510	-0.199625
13.23	0.00	0.00	0.00	0.25	0.00	0.00	0.00	0.00	0.00	0.00	0.00	0.00	0.00	0.25	0.00	0.00	-0.818359	0.379395	1.308105	79.449997	-151.550003	141.330002	5.00	0.000000	0.000000	1.00	2.25	2.50	3.25	1.25	6.00	0.00	6.50	0.00	2.25	6.50	7.25	7.50	4.75	1.25	3.75	-0.254883	0.151855	0.963867	2.520000	2.660000	-1.050000	580.00	0.058630	-0.211975
13.24	0.00	0.00	0.00	0.25	0.00	0.00	0.00	0.00	0.00	0.00	0.00	0.00	0.00	0.00	0.00	0.00	-0.880859	0.426758	1.282227	74.059998	-144.059998	144.970001	3.00	0.000000	0.000000	1.00	2.25	1.75	2.75	1.00	6.00	0.00	6.50	0.00	2.75	7.00	8.00	8.25	5.25	1.25	3.75	-0.249023	0.154785	0.969727	2.590000	3.080000	-1.540000	592.00	0.076103	-0.215160
13.25	0.00	0.00	0.00	0.25	0.00	0.00	0.00	0.00	0.00	0.00	0.00	0.00	0.00	0.25	0.00	0.00	-0.951660	0.443848	1.290039	70.139999	-136.009995	151.899994	5.00	0.000000	0.000000	0.50	2.00	1.50	1.75	0.75	5.75	0.00	6.50	0.25	3.00	7.50	8.25	8.50	5.25	1.25	4.00	-0.247070	0.159668	0.971191	2.660000	3.500000	-1.750000	583.00	0.097495	-0.217159
13.26	0.00	0.00	0.00	0.00	0.00	0.00	0.00	0.00	0.25	0.00	0.00	0.00	0.00	0.25	0.00	0.00	-1.027344	0.460449	1.312012	65.940002	-129.990005	161.210007	5.00	0.000000	0.000000	0.25	1.25	1.50	1.50	0.50	5.25	0.00	6.50	0.00	3.00	7.75	8.50	8.75	6.00	1.50	4.25	-0.261230	0.159180	0.964844	3.150000	4.410000	-2.870000	577.00	0.117122	-0.218839
13.27	0.00	0.00	0.00	0.00	0.00	0.00	0.00	0.00	0.25	0.00	0.00	0.00	0.00	0.00	0.00	0.00	-1.108398	0.442871	1.310547	61.459999	-127.820000	172.130005	3.00	0.000000	0.000000	0.25	0.50	0.75	1.00	0.25	5.00	0.00	6.75	0.00	3.00	8.75	9.00	9.50	6.50	1.75	4.50	-0.254883	0.184570	0.967285	4.060000	5.040000	-3.850000	585.00	0.141614	-0.224266
13.28	0.00	0.00	0.00	0.00	0.00	0.00	0.00	0.00	0.25	0.00	0.00	0.00	0.00	0.00	0.00	0.00	-1.199707	0.406250	1.274414	57.400002	-128.869995	183.610001	3.00	0.000000	0.000000	0.25	0.25	0.25	0.50	0.00	4.75	0.00	6.50	0.00	3.50	9.50	9.75	10.25	7.25	2.00	4.50	-0.250488	0.165039	0.965820	4.830000	5.810000	-5.320000	599.00	0.162223	-0.222110
13.29	0.00	0.00	0.25	0.00	0.00	0.00	0.00	0.00	0.25	0.00	0.00	0.00	0.00	0.00	0.00	0.00	-1.312012	0.158691	0.977051	42.840000	-124.040001	191.940002	6.00	0.000000	0.000000	0.25	0.25	0.25	0.25	0.00	4.25	0.00	6.50	0.00	3.50	10.00	10.25	10.50	7.75	1.75	4.50	-0.257812	0.176270	0.979004	5.670000	7.070000	-7.000000	605.00	0.168757	-0.220011
13.30	0.00	0.00	0.25	0.00	0.00	0.00	0.00	0.00	0.25	0.00	0.00	0.00	0.00	0.25	0.00	0.00	-1.411133	0.089844	0.924316	43.820000	-116.970001	198.940002	8.00	0.000000	0.000000	0.25	0.25	0.25	0.25	0.00	3.50	0.00	6.50	0.25	4.00	11.00	11.00	11.25	8.25	2.25	4.50	-0.232910	0.178711	0.979004	6.510000	9.030000	-9.310000	640.00	0.178898	-0.212402
13.31	0.00	0.00	0.25	0.00	0.00	0.00	0.00	0.00	0.00	0.00	0.00	0.00	0.00	0.25	0.00	0.00	-1.580566	-0.099121	0.589844	51.939999	-108.150002	195.789993	5.00	0.000000	0.000000	0.25	0.50	0.25	0.25	0.00	3.00	0.00	6.25	0.50	4.75	11.75	11.75	12.00	9.00	2.50	5.00	-0.233398	0.179688	0.983887	7.280000	11.900000	-11.480000	678.00	0.186294	-0.203687
13.32	0.00	0.00	0.00	0.00	0.00	0.00	0.00	0.00	0.00	0.00	0.00	0.00	0.00	0.00	0.00	0.00	-1.830078	-0.383789	0.424805	51.380001	-87.220001	184.800003	0.00	0.000000	0.000000	0.25	0.25	0.25	0.25	0.25	2.00	0.00	6.00	0.50	5.00	12.75	12.00	12.25	10.50	2.50	5.25	-0.261230	0.154297	0.976562	6.020000	17.639999	-12.950000	696.00	0.198772	-0.192697
13.33	0.00	0.00	0.25	0.00	0.00	0.00	0.00	0.00	0.00	0.00	0.00	0.00	0.00	0.00	0.00	0.00	-2.177734	-0.665039	0.261230	37.380001	-58.170002	162.820007	3.00	0.000000	0.000000	0.00	0.25	0.25	0.25	0.00	1.50	0.00	5.75	0.75	5.50	13.75	12.75	12.75	11.00	2.50	6.00	-0.229980	0.176270	1.008301	8.540000	28.350000	-11.130000	721.00	0.208981	-0.189239
13.34	0.00	0.00	0.00	0.25	0.00	0.00	0.00	0.00	0.00	0.00	0.00	0.00	0.00	0.00	0.00	0.00	-2.536621	-0.904297	-0.095215	8.610000	-19.460001	128.309998	3.00	0.000000	0.000000	0.25	0.00	0.25	0.25	0.00	1.00	0.00	5.25	1.25	6.25	14.50	13.50	13.50	12.25	2.75	6.00	-0.288086	0.148926	0.993164	11.200000	34.580002	-11.830000	758.00	0.217718	-0.176206
13.35	0.00	0.00	0.00	0.25	0.00	0.00	0.00	0.00	0.25	0.00	0.00	0.00	0.00	0.00	0.00	0.00	-2.442871	-0.973633	-0.436523	-25.690001	40.950001	82.529999	6.00	0.000000	0.000000	0.00	0.25	0.25	0.25	0.00	0.50	0.00	4.50	1.25	6.50	15.75	13.75	13.50	13.00	2.75	6.25	-0.259766	0.134766	1.037109	12.740000	41.299999	-11.130000	767.00	0.226017	-0.169104
13.36	0.00	0.00	0.25	0.50	0.00	0.00	0.00	0.00	0.00	0.00	0.00	0.00	0.00	0.00	0.00	0.00	-2.510254	-0.962891	-0.292480	-51.660000	104.860001	34.580002	8.00	0.000000	0.000000	0.25	0.00	0.00	0.00	0.00	0.50	0.00	4.25	1.75	7.25	16.25	14.00	13.50	14.00	2.75	6.25	-0.286133	0.181641	0.998535	18.270000	50.680000	-10.080000	788.00	0.232857	-0.158184
13.37	0.25	0.00	0.75	1.00	0.00	0.00	0.00	0.00	0.00	0.00	0.00	0.25	0.00	0.00	0.00	0.00	-2.485352	-0.926270	-0.157227	-99.610001	191.800003	-24.570000	25.00	0.000000	0.000000	0.00	0.25	0.00	0.00	0.00	0.50	0.00	3.75	2.00	8.00	16.50	14.75	13.25	15.00	3.50	6.50	-0.287598	0.187012	1.054199	23.450001	64.959999	-10.010000	818.00	0.239158	-0.149443
13.38	0.25	0.75	1.00	1.25	0.00	0.00	0.00	0.00	0.00	0.00	0.00	0.00	0.00	0.00	0.00	0.00	-2.284180	-0.786133	0.164062	-135.309998	232.750000	-52.500000	34.00	0.000000	0.000000	0.00	0.25	0.25	0.25	0.00	0.00	0.00	3.00	2.50	8.00	17.25	14.50	13.25	16.00	3.50	6.75	-0.323730	0.212402	1.001465	24.500000	76.370003	-11.130000	828.00	0.243848	-0.137510
13.39	0.50	1.25	1.25	2.25	0.00	0.00	0.00	0.00	0.00	0.00	0.00	0.00	0.00	0.00	0.00	0.00	-0.047852	-0.062988	1.446777	-146.160004	261.170013	-66.220001	55.00	-0.319704	-0.102216	0.00	0.00	0.00	0.00	0.00	0.25	0.00	2.75	2.50	8.00	17.25	14.75	13.25	16.00	3.50	7.00	-0.329590	0.207520	1.019043	21.700001	85.889999	-13.090000	823.00	0.249141	-0.137975
13.40	2.50	3.00	1.75	4.00	0.00	0.00	0.00	0.00	0.00	0.00	0.00	0.00	0.00	0.00	0.00	0.00	-0.203613	0.139160	2.066895	-131.949997	221.270004	-60.970001	117.00	-0.340034	-0.084662	0.00	0.00	0.00	0.00	0.00	0.00	0.00	2.50	2.75	8.50	17.25	14.75	12.75	16.75	3.50	7.25	-0.352051	0.229492	1.062500	21.139999	98.489998	-15.120000	828.00	0.253492	-0.129633
13.41	3.25	4.25	2.75	5.25	0.00	0.00	0.00	0.00	0.00	0.00	0.00	0.00	0.00	0.00	0.00	0.00	-0.409180	0.067871	1.211914	-91.489998	184.800003	-45.290001	161.00	-0.338935	-0.081045	0.00	0.00	0.00	0.00	0.00	0.25	0.00	2.00	3.00	9.00	17.00	14.25	11.75	17.00	3.50	7.50	-0.373047	0.218262	1.071777	19.670000	111.440002	-17.780001	819.00	0.256406	-0.119799
13.42	4.75	5.50	3.50	6.25	0.00	0.00	0.00	0.00	0.00	0.00	0.00	0.00	0.00	0.00	0.00	0.00	-0.513672	0.030762	1.132324	-67.900002	202.580002	-34.090000	207.00	-0.342396	-0.072288	0.00	0.00	0.00	0.00	0.00	0.00	0.00	1.75	3.00	9.00	17.25	13.75	10.75	17.75	3.75	7.75	-0.376953	0.183105	1.093750	18.340000	123.129997	-19.460001	811.00	0.262080	-0.111067
13.43	5.25	6.50	4.50	6.75	0.00	0.00	0.00	0.00	0.00	0.00	0.00	0.00	0.00	0.00	0.00	0.00	-0.569824	-0.040527	1.776855	-45.779999	198.800003	-26.460001	238.00	-0.341727	-0.067930	0.00	0.00	0.00	0.00	0.00	0.00	0.00	1.75	3.25	9.25	16.50	13.25	9.50	18.25	3.75	8.00	-0.392090	0.217285	1.072754	7.840000	144.690002	-20.440001	799.00	0.264926	-0.101708
13.44	5.50	6.75	5.00	7.75	0.00	0.00	0.00	0.00	0.00	0.00	0.00	0.00	0.00	0.00	0.00	0.00	-0.519043	-0.107422	1.546387	-60.340000	171.779999	-39.619999	260.00	-0.339082	-0.070289	0.00	0.00	0.00	0.00	0.00	0.00	0.00	1.50	3.25	9.25	15.75	12.00	8.50	18.75	3.75	8.00	-0.440430	0.209961	1.039062	8.190000	162.119995	-22.330000	770.00	0.269578	-0.091212
13.45	5.75	7.00	5.75	9.00	0.00	0.00	0.00	0.00	0.00	0.00	0.00	0.00	0.00	0.00	0.00	0.00	-1.671875	3.068848	0.875000	-53.689999	167.369995	-37.799999	287.00	-0.335674	-0.072176	0.00	0.00	0.00	0.00	0.00	0.00	0.00	1.25	3.25	9.00	15.50	11.50	7.75	17.75	3.75	7.75	-0.461426	0.248047	1.141602	8.260000	182.070007	-25.900000	739.00	0.270792	-0.088095
13.46	6.75	8.00	7.50	11.00	0.25	0.75	0.00	0.00	0.00	0.00	0.00	0.00	0.00	0.00	0.00	0.00	-0.350098	-0.377441	2.323242	-36.470001	66.500000	6.300000	359.00	-0.327162	-0.073458	0.00	0.00	0.00	0.00	0.00	0.00	0.00	1.25	3.00	8.50	14.25	10.50	6.75	17.25	3.75	8.00	-0.465332	0.206055	1.152344	6.370000	204.470001	-29.120001	695.00	0.273460	-0.084680
13.47	6.75	8.00	8.00	11.50	0.50	1.50	0.00	0.00	0.00	0.00	0.00	0.25	0.25	0.00	0.00	0.00	-0.157715	-0.101562	0.833008	-18.549999	54.740002	2.520000	386.00	-0.314107	-0.080219	0.00	0.00	0.00	0.00	0.00	0.00	0.00	1.25	3.00	8.00	12.25	9.25	6.00	16.50	3.50	8.00	-0.630371	0.333496	1.266602	6.650000	233.380005	-31.219999	640.00	0.275757	-0.079324
13.48	6.00	7.25	8.25	11.25	0.50	1.75	0.00	0.00	0.00	0.00	0.00	0.50	0.25	0.00	0.00	0.00	-0.209961	0.200195	0.830566	5.670000	18.690001	1.120000	376.00	-0.305375	-0.083132	0.00	0.00	0.00	0.00	0.00	0.00	0.00	1.00	2.75	6.75	10.75	8.25	5.25	15.00	3.25	7.50	-0.604492	0.449219	1.556641	20.790001	264.809998	-39.549999	569.00	0.278366	-0.077793
13.49	6.00	6.75	8.50	11.50	0.75	2.25	0.00	0.25	0.00	0.00	0.50	0.75	0.50	0.25	0.00	0.00	-0.207031	0.128418	0.906738	8.400000	23.170000	1.400000	401.00	-0.280938	-0.088941	0.00	0.00	0.00	0.00	0.00	0.00	0.00	1.25	2.50	5.25	8.75	7.00	5.00	13.50	2.50	6.50	-0.486328	0.325684	1.689941	40.110001	312.269989	-53.480000	492.00	0.275620	-0.081863
13.50	6.50	7.00	9.25	12.00	0.75	3.00	0.00	0.25	0.00	0.25	1.00	1.25	0.75	0.75	0.00	0.50	-0.258789	0.062988	1.012207	16.240000	15.680000	2.660000	453.00	-0.253436	-0.091204	0.00	0.00	0.00	0.00	0.00	0.00	0.00	1.00	2.00	4.25	6.50	5.75	4.75	11.00	1.50	5.25	-0.889648	0.206055	2.161133	35.490002	334.179993	-59.080002	394.00	0.273094	-0.087380
13.51	6.75	7.25	10.25	12.50	1.50	3.75	0.00	0.50	0.25	0.75	1.25	1.50	1.00	1.75	0.00	0.75	-0.255371	0.114746	1.025879	13.720000	6.720000	2.240000	521.00	-0.223005	-0.085751	0.00	0.00	0.00	0.00	0.00	0.00	0.00	1.00	2.00	2.25	4.25	4.50	4.25	8.75	1.00	3.75	-0.535645	0.450195	1.598633	45.080002	348.670013	-61.950001	299.00	0.269796	-0.091956
13.52	7.25	7.75	11.00	13.25	2.00	4.25	0.00	0.75	0.00	1.00	1.00	1.75	1.25	2.25	0.00	1.50	-0.240723	0.104004	1.014160	11.200000	2.940000	2.240000	572.00	-0.215048	-0.089779	0.00	0.00	0.00	0.00	0.00	0.00	0.00	0.75	1.50	1.25	1.75	2.75	3.50	7.50	0.75	2.75	-1.150391	0.346680	2.318848	65.099998	360.570007	-65.239998	208.00	0.279627	-0.081310
13.53	7.50	8.00	11.50	14.00	2.00	5.00	0.00	1.00	0.00	1.00	1.00	1.50	1.50	2.50	0.00	1.75	-0.239258	0.102539	0.993164	9.520000	0.490000	2.030000	605.00	-0.212921	-0.093770	0.00	0.00	0.00	0.00	0.00	0.00	0.00	0.25	1.25	0.75	1.00	1.00	2.50	6.00	0.50	1.50	-0.494629	1.130371	1.791504	89.110001	379.679993	-59.220001	135.00	0.299131	-0.035141
13.54	7.75	8.25	11.75	14.50	2.50	5.25	0.00	1.00	0.00	1.00	1.25	1.75	1.75	2.50	0.00	2.00	-0.231445	0.113770	0.989746	8.050000	-0.070000	2.170000	635.00	-0.208205	-0.095614	0.00	0.00	0.00	0.00	0.00	0.00	0.00	0.25	1.00	0.50	0.75	0.50	1.75	4.00	0.50	1.00	-0.809082	0.802734	1.995605	173.600006	372.959991	-69.650002	95.00	0.296061	-0.032828
13.55	8.25	8.50	11.75	14.75	2.50	5.75	0.00	1.25	0.00	0.75	1.25	2.25	1.75	3.00	0.00	2.25	-0.224609	0.115234	0.978516	7.140000	0.280000	2.310000	663.00	-0.202488	-0.098859	0.00	0.00	0.00	0.00	0.00	0.00	0.00	0.00	0.75	0.25	0.50	0.50	0.75	2.50	0.25	0.50	-0.478516	0.795898	1.932617	241.850006	353.779999	-86.239998	56.00	0.309680	0.007243
13.56	7.75	8.50	11.75	15.25	2.25	6.25	0.25	1.75	0.25	0.75	1.25	2.50	2.25	3.25	0.00	2.50	-0.229492	0.112305	0.973145	6.930000	0.490000	2.170000	691.00	-0.188856	-0.105600	0.00	0.00	0.00	0.00	0.00	0.00	0.00	0.00	0.50	0.50	0.50	0.50	0.25	1.00	0.25	0.25	-0.876465	0.919922	1.312012	284.269989	350.489990	-100.660004	37.00	0.000000	0.000000
13.57	7.75	8.50	11.75	15.75	2.50	6.25	0.00	2.00	0.00	0.75	1.50	2.50	2.50	3.25	0.25	3.00	-0.223145	0.116699	0.967773	5.880000	1.330000	1.960000	707.00	-0.184961	-0.112888	0.00	0.00	0.00	0.00	0.00	0.00	0.00	0.00	0.50	0.25	0.25	0.25	0.25	0.75	0.25	0.25	-0.685059	0.853516	1.622070	322.140015	351.190002	-119.139999	27.00	0.000000	0.000000
13.58	7.75	8.50	11.50	15.50	2.75	6.75	0.00	2.00	0.00	1.00	1.00	2.50	2.25	3.25	0.25	2.75	-0.222168	0.117676	0.977051	5.460000	1.890000	1.750000	703.00	-0.187387	-0.111673	0.00	0.00	0.00	0.00	0.00	0.00	0.00	0.00	0.00	0.25	0.25	0.25	0.25	0.75	0.25	0.25	-0.152344	0.208984	1.996094	370.579987	344.049988	-128.660004	20.00	0.000000	0.000000
13.59	7.75	8.50	11.00	15.25	2.50	7.00	0.00	2.50	0.00	1.00	1.75	2.75	2.50	3.50	0.25	2.75	-0.227539	0.116699	0.973633	4.760000	2.030000	1.470000	717.00	-0.175801	-0.117972	0.00	0.00	0.00	0.00	0.00	0.00	0.00	0.00	0.25	0.25	0.25	0.25	0.25	0.75	0.00	0.25	0.065918	0.207031	1.310547	357.630005	312.690002	-160.020004	21.00	0.000000	0.000000
13.60	7.75	8.25	11.00	15.00	2.75	7.00	0.00	2.50	0.00	1.00	2.00	2.75	3.00	3.75	0.25	3.00	-0.235840	0.119629	0.973633	3.780000	2.030000	1.190000	725.00	-0.168178	-0.118280	0.00	0.00	0.25	0.00	0.00	0.00	0.00	0.00	0.00	0.25	0.25	0.25	0.25	0.25	0.00	0.00	0.935059	0.458984	1.405273	380.309998	269.079987	-196.699997	15.00	0.000000	0.000000
13.61	7.25	8.25	10.50	14.50	3.00	7.00	0.00	2.50	0.00	1.00	2.00	3.00	3.25	3.75	0.00	3.00	-0.225098	0.121094	0.973145	2.940000	2.100000	0.910000	714.00	-0.164334	-0.121869	0.00	0.00	0.25	0.00	0.00	0.00	0.00	0.00	0.00	0.00	0.00	0.00	0.00	0.00	0.00	0.00	-0.178711	0.797852	3.000000	345.239990	198.240005	-195.369995	3.00	0.000000	0.000000
13.62	7.25	8.25	10.25	14.00	2.50	6.75	0.00	2.50	0.00	1.00	2.00	3.00	3.00	3.50	0.00	3.00	-0.229492	0.114258	0.974609	2.450000	2.030000	0.700000	693.00	-0.166124	-0.122620	0.00	0.00	0.50	0.00	0.00	0.00	0.00	0.00	0.00	0.00	0.25	0.00	0.00	0.00	0.00	0.00	0.677734	0.640625	2.990234	270.829987	43.470001	-143.430008	8.00	0.000000	0.000000
13.63	7.00	8.25	9.75	13.50	2.50	6.75	0.00	2.50	0.00	1.00	2.00	3.00	3.00	3.25	0.25	3.00	-0.222656	0.117676	0.970215	1.680000	1.960000	0.350000	680.00	-0.163020	-0.125198	0.00	0.00	0.50	0.00	0.00	0.00	0.00	0.00	0.00	0.00	0.00	0.00	0.00	0.00	0.00	0.00	0.651367	0.408203	2.129395	163.800003	-102.900002	-76.090004	6.00	0.000000	0.000000
13.64	7.00	8.00	9.75	13.25	2.50	6.75	0.00	2.50	0.25	1.00	2.50	3.75	3.00	3.50	0.25	3.00	-0.227051	0.116211	0.969238	1.330000	1.890000	0.070000	693.00	-0.150763	-0.123725	0.00	0.00	0.25	0.00	0.00	0.00	0.00	0.00	0.00	0.00	0.00	0.00	0.00	0.00	0.00	0.00	0.338867	0.358398	1.770508	50.049999	-197.259995	-10.150000	3.00	0.000000	0.000000
13.65	7.00	7.75	9.50	13.00	2.25	6.75	0.00	2.75	0.25	1.25	2.50	2.75	3.00	3.50	0.50	3.00	-0.223145	0.118164	0.971191	1.260000	2.240000	-0.140000	681.00	-0.150090	-0.122756	0.00	0.00	0.00	0.00	0.00	0.00	0.00	0.00	0.00	0.00	0.00	0.00	0.00	0.25	0.00	0.00	0.195312	0.289062	1.000488	-58.799999	-240.660004	32.900002	2.00	0.000000	0.000000
13.66	6.75	7.25	9.00	12.25	2.25	7.00	0.00	2.75	0.25	1.00	2.00	2.50	3.00	3.50	0.25	3.00	-0.228516	0.116211	0.968262	1.260000	2.520000	-0.350000	650.00	-0.152773	-0.124792	0.00	0.00	0.00	0.00	0.00	0.00	0.00	0.00	0.00	0.00	0.00	0.00	0.00	0.00	0.00	0.00	0.135254	0.253418	0.718262	-75.599998	-249.130005	60.900002	0.00	0.000000	0.000000
13.67	6.75	7.25	8.50	12.00	2.50	6.75	0.00	2.50	0.25	0.75	2.00	2.50	3.00	3.25	0.25	3.00	-0.223145	0.121094	0.976562	1.330000	2.800000	-0.350000	633.00	-0.155439	-0.124989	0.00	0.00	0.25	0.00	0.00	0.00	0.00	0.00	0.00	0.00	0.25	0.00	0.00	0.00	0.00	0.00	0.048828	0.205566	0.572266	-59.779999	-237.369995	66.779999	5.00	0.000000	0.000000
13.68	6.00	7.00	8.25	11.25	2.25	6.75	0.00	2.75	0.00	1.00	2.25	2.75	3.25	3.50	0.50	2.75	-0.225098	0.122070	0.966797	1.540000	2.940000	-0.420000	623.00	-0.141458	-0.131376	0.00	0.00	0.00	0.00	0.00	0.00	0.00	0.00	0.00	0.00	0.00	0.00	0.00	0.00	0.00	0.00	-0.008301	0.102539	0.555176	-33.459999	-218.960007	64.400002	0.00	0.000000	0.000000
13.69	6.00	6.75	8.00	10.75	2.25	6.50	0.25	2.75	0.00	1.25	2.50	3.25	3.25	3.75	0.25	3.00	-0.233887	0.123047	0.969727	1.330000	3.220000	-0.560000	625.00	-0.130469	-0.128587	0.00	0.00	0.00	0.00	0.00	0.00	0.00	0.00	0.00	0.00	0.00	0.00	0.00	0.00	0.00	0.00	-0.032715	-0.016113	0.630859	-2.660000	-204.539993	57.400002	0.00	0.000000	0.000000
13.70	5.50	6.75	7.50	10.50	2.25	6.50	0.00	3.00	0.00	1.25	2.00	3.75	3.25	3.50	0.25	3.25	-0.225098	0.120117	0.967285	1.330000	3.290000	-0.630000	611.00	-0.127717	-0.139123	0.00	0.00	0.00	0.00	0.00	0.00	0.00	0.00	0.00	0.00	0.25	0.00	0.00	0.00	0.00	0.00	-0.040039	-0.136719	0.814941	22.400000	-200.970001	48.650002	3.00	0.000000	0.000000
13.71	5.25	6.50	7.25	10.00	2.25	6.50	0.00	3.00	0.00	1.25	2.50	3.50	3.25	3.50	0.50	3.00	-0.228027	0.120605	0.957520	1.330000	3.080000	-0.560000	602.00	-0.120490	-0.138834	0.00	0.00	0.00	0.00	0.00	0.00	0.00	0.00	0.00	0.00	0.25	0.00	0.00	0.00	0.00	0.00	-0.030762	-0.235840	1.050781	30.240000	-209.229996	40.950001	3.00	0.000000	0.000000
13.72	5.50	6.25	7.25	10.00	2.25	6.50	0.00	3.00	0.00	1.25	2.75	4.00	3.75	4.00	0.50	3.25	-0.229492	0.122559	0.961914	1.400000	3.150000	-0.630000	620.00	-0.109564	-0.139399	0.00	0.00	0.00	0.00	0.00	0.00	0.00	0.00	0.00	0.00	0.00	0.00	0.00	0.00	0.00	0.00	-0.049805	-0.314453	1.251953	1.680000	-240.660004	33.880001	0.00	0.000000	0.000000
13.73	5.00	6.00	7.00	9.75	2.25	6.50	0.00	3.25	0.25	1.25	3.25	4.25	3.75	4.00	0.50	3.25	-0.230469	0.120605	0.963867	1.610000	3.360000	-0.560000	622.00	-0.097802	-0.141847	0.00	0.00	0.00	0.00	0.00	0.00	0.00	0.00	0.00	0.00	0.00	0.00	0.00	0.00	0.00	0.00	-0.083984	-0.309082	1.276855	-29.400000	-263.410004	31.990000	0.00	0.000000	0.000000
13.74	4.75	5.75	6.50	9.00	2.25	6.50	0.00	3.50	0.00	1.50	3.25	4.00	3.75	4.25	0.75	3.00	-0.226074	0.118652	0.960449	1.540000	3.570000	-0.630000	607.00	-0.089476	-0.144323	0.00	0.00	0.00	0.00	0.00	0.00	0.00	0.00	0.00	0.00	0.00	0.00	0.00	0.00	0.00	0.00	-0.117676	-0.263184	1.233887	-54.950001	-281.049988	30.520000	0.00	0.000000	0.000000
13.75	4.75	5.75	6.25	9.00	2.50	6.50	0.00	3.50	0.00	1.75	3.00	4.00	4.00	4.50	0.75	3.25	-0.229492	0.118164	0.963867	1.190000	3.990000	-0.700000	612.00	-0.085121	-0.144082	0.00	0.00	0.00	0.00	0.00	0.00	0.00	0.00	0.00	0.00	0.00	0.00	0.00	0.00	0.00	0.00	-0.154297	-0.203613	1.195312	-67.830002	-293.369995	27.160000	0.00	0.000000	0.000000
13.76	4.50	5.50	6.50	8.75	2.25	6.75	0.00	3.75	0.00	1.75	3.00	4.00	4.25	4.50	0.50	3.25	-0.224609	0.113770	0.961426	1.120000	4.060000	-0.700000	611.00	-0.083323	-0.148073	0.00	0.00	0.00	0.00	0.00	0.00	0.00	0.00	0.00	0.00	0.25	0.00	0.00	0.00	0.00	0.00	-0.191406	-0.145508	1.166992	-67.059998	-302.260010	22.400000	3.00	0.000000	0.000000
13.77	4.50	5.50	6.50	8.50	2.25	6.50	0.00	4.00	0.25	2.00	4.25	4.75	4.25	4.75	0.75	3.75	-0.228027	0.121094	0.968262	1.120000	3.990000	-0.630000	644.00	-0.063317	-0.146163	0.00	0.00	0.00	0.00	0.00	0.00	0.00	0.00	0.00	0.00	0.00	0.00	0.00	0.00	0.00	0.00	-0.243164	-0.108887	1.159668	-49.490002	-311.500000	14.420000	0.00	0.000000	0.000000
13.78	4.00	5.50	6.00	8.25	2.50	6.50	0.00	4.00	0.25	2.25	4.50	5.25	5.00	5.25	1.00	3.75	-0.229980	0.122559	0.962891	0.910000	3.850000	-0.700000	657.00	-0.046432	-0.149990	0.00	0.00	0.25	0.00	0.00	0.00	0.00	0.00	0.00	0.00	0.00	0.00	0.00	0.00	0.00	0.00	-0.272461	-0.090820	1.191406	-35.630001	-315.209991	10.220000	3.00	0.000000	0.000000
13.79	4.00	5.25	5.75	8.25	2.25	6.50	0.00	4.25	0.25	2.25	4.50	6.00	5.25	5.25	1.00	3.75	-0.233398	0.124023	0.967285	0.910000	3.920000	-0.770000	663.00	-0.039956	-0.155956	0.00	0.00	0.00	0.00	0.00	0.00	0.00	0.00	0.00	0.00	0.00	0.00	0.00	0.00	0.00	0.00	-0.295898	-0.057129	1.241211	-25.270000	-318.010010	8.260000	0.00	0.000000	0.000000
13.80	4.00	5.00	5.50	7.75	2.50	6.50	0.00	4.50	0.25	2.75	5.00	6.00	5.50	5.25	1.25	4.25	-0.231445	0.117188	0.978027	0.910000	3.780000	-0.910000	677.00	-0.027700	-0.156144	0.00	0.00	0.00	0.00	0.00	0.00	0.00	0.00	0.00	0.00	0.00	0.00	0.00	0.00	0.00	0.00	-0.324219	-0.021484	1.332520	-19.389999	-320.950012	8.890000	0.00	0.000000	0.000000
13.81	3.25	5.00	5.50	7.75	2.75	6.50	0.00	4.75	0.25	2.75	5.25	6.25	5.75	6.00	1.25	4.25	-0.233887	0.122070	0.969238	1.050000	3.640000	-0.980000	689.00	-0.017211	-0.157811	0.00	0.00	0.25	0.00	0.00	0.00	0.00	0.00	0.00	0.00	0.00	0.00	0.00	0.00	0.00	0.00	-0.355469	0.026855	1.447266	-17.010000	-325.850006	12.110000	3.00	0.000000	0.000000
13.82	3.25	4.00	5.50	7.50	2.50	6.50	0.00	4.75	0.25	3.00	5.50	6.50	6.00	6.50	1.25	4.25	-0.229492	0.129883	0.972656	1.190000	3.150000	-1.050000	689.00	-0.004362	-0.156718	0.00	0.00	0.25	0.00	0.00	0.00	0.00	0.00	0.00	0.00	0.00	0.00	0.00	0.00	0.00	0.00	-0.395508	0.077637	1.541992	-16.520000	-332.360016	17.219999	3.00	0.000000	0.000000
13.83	3.00	4.25	5.50	7.00	2.25	6.25	0.00	4.75	0.50	3.50	5.75	6.75	6.25	6.75	1.50	4.50	-0.233887	0.125000	0.978516	1.610000	3.150000	-1.050000	700.00	0.007788	-0.154267	0.00	0.00	0.25	0.00	0.00	0.00	0.00	0.00	0.00	0.00	0.00	0.00	0.00	0.00	0.00	0.00	-0.458496	0.159668	1.677734	-15.470000	-343.700012	26.040001	3.00	0.000000	0.000000
13.84	2.25	4.00	5.00	7.00	2.25	6.25	0.00	5.00	0.50	4.00	6.25	7.25	6.50	7.25	1.50	4.75	-0.229980	0.127441	0.968262	1.820000	3.290000	-0.980000	711.00	0.024061	-0.158703	0.00	0.00	0.00	0.00	0.00	0.00	0.00	0.00	0.00	0.00	0.25	0.00	0.00	0.00	0.00	0.00	-0.512207	0.204102	1.762207	-12.880000	-351.329987	31.360001	3.00	0.000000	0.000000
13.85	2.50	3.75	4.25	6.25	2.50	6.00	0.00	5.00	0.50	3.75	6.25	6.75	6.75	8.00	1.75	4.75	-0.236328	0.124023	0.969727	2.240000	3.570000	-1.050000	698.00	0.034430	-0.155945	0.00	0.00	0.00	0.00	0.00	0.00	0.00	0.00	0.00	0.00	0.00	0.00	0.00	0.00	0.00	0.00	-0.584961	0.246582	1.878418	-11.970000	-358.260010	36.400002	0.00	0.000000	0.000000
13.86	1.75	3.00	4.00	6.00	2.50	6.00	0.00	5.25	0.50	4.25	6.75	8.00	7.25	8.25	2.00	5.00	-0.234375	0.123535	0.965820	2.590000	3.920000	-1.190000	716.00	0.055698	-0.162223	0.00	0.00	0.00	0.00	0.00	0.00	0.00	0.00	0.00	0.00	0.00	0.00	0.00	0.00	0.00	0.00	-0.646973	0.310059	1.981445	-14.770000	-365.399994	42.910000	0.00	0.000000	0.000000
13.87	1.50	2.75	4.00	5.50	2.50	5.75	0.00	5.25	0.50	4.75	7.00	8.75	7.75	9.25	2.50	5.00	-0.233887	0.133301	0.968750	2.940000	4.340000	-1.330000	737.00	0.072957	-0.159219	0.00	0.00	0.25	0.00	0.00	0.00	0.00	0.00	0.00	0.00	0.00	0.00	0.00	0.00	0.00	0.00	-0.744141	0.383301	2.077148	-20.719999	-372.049988	50.400002	3.00	0.000000	0.000000
13.88	1.50	2.50	3.50	5.25	2.50	5.75	0.00	5.25	0.75	4.75	7.75	9.25	8.00	10.00	2.50	5.25	-0.233398	0.124023	0.965332	2.870000	4.410000	-1.330000	753.00	0.085297	-0.157709	0.00	0.00	0.25	0.00	0.00	0.00	0.00	0.00	0.00	0.00	0.00	0.00	0.00	0.00	0.00	0.00	-0.927734	0.522949	2.149902	-29.750000	-377.160004	64.889999	3.00	0.000000	0.000000
13.89	1.50	2.25	3.25	5.00	2.25	5.50	0.00	5.25	0.75	5.00	8.25	10.00	8.25	10.25	2.75	5.50	-0.231445	0.125977	0.961914	3.010000	4.690000	-1.400000	763.00	0.096549	-0.159051	0.00	0.00	0.00	0.00	0.00	0.00	0.00	0.00	0.00	0.00	0.00	0.00	0.00	0.00	0.00	0.00	-1.072754	0.632324	2.231934	-33.250000	-376.739990	76.160004	0.00	0.000000	0.000000
13.90	0.75	2.00	2.75	4.50	2.00	5.00	0.00	5.50	0.75	5.75	8.50	10.50	8.50	11.00	2.50	5.50	-0.240234	0.127441	0.965820	3.360000	5.250000	-1.540000	760.00	0.115171	-0.161070	0.00	0.00	0.00	0.00	0.00	0.00	0.00	0.00	0.00	0.00	0.00	0.00	0.00	0.00	0.00	0.00	-1.325684	0.743652	2.182129	-33.320000	-374.640015	86.519997	0.00	0.000000	0.000000
13.91	0.50	2.25	2.25	3.50	1.50	5.00	0.00	5.50	0.75	5.75	8.75	11.00	8.50	12.00	2.50	5.50	-0.234863	0.124512	0.967773	3.360000	6.020000	-1.470000	754.00	0.130151	-0.161512	0.00	0.00	0.00	0.00	0.00	0.00	0.00	0.00	0.00	0.00	0.25	0.00	0.00	0.00	0.00	0.00	-1.631836	0.727539	2.173340	-9.030000	-365.959991	94.080002	3.00	0.000000	0.000000
13.92	0.25	1.75	1.50	2.50	1.75	4.50	0.00	5.75	1.25	6.25	9.50	11.00	9.00	12.50	3.00	5.75	-0.235840	0.128418	0.958008	3.850000	7.210000	-1.540000	763.00	0.152938	-0.157588	0.00	0.00	0.00	0.00	0.00	0.00	0.00	0.00	0.00	0.00	0.00	0.00	0.00	0.00	0.00	0.00	-1.936035	0.641602	1.980469	29.120001	-352.799988	95.129997	0.00	0.000000	0.000000
13.93	0.25	1.50	1.25	2.00	1.50	4.00	0.00	5.75	1.00	6.75	10.25	11.75	10.25	14.25	3.50	5.75	-0.206543	0.154785	0.974609	3.780000	8.750000	-2.100000	793.00	0.170389	-0.156579	0.00	0.00	0.00	0.00	0.00	0.00	0.00	0.00	0.00	0.00	0.00	0.00	0.00	0.00	0.00	0.00	-2.210938	0.551758	1.712891	52.290001	-332.640015	89.599998	0.00	0.000000	0.000000
13.94	0.25	1.00	1.00	1.50	1.25	3.75	0.00	5.50	1.25	6.75	10.50	12.25	10.50	15.00	3.75	6.00	-0.239746	0.130371	0.967773	3.990000	10.640000	-2.450000	794.00	0.185324	-0.153323	0.00	0.00	0.00	0.00	0.00	0.00	0.00	0.00	0.00	0.00	0.00	0.00	0.00	0.00	0.00	0.00	-2.471191	0.400391	1.186523	63.490002	-289.170013	81.690002	0.00	0.000000	0.000000
13.95	0.00	0.50	0.75	0.75	1.00	3.25	0.00	5.50	1.50	7.50	11.25	13.25	10.75	16.25	3.75	6.25	-0.233887	0.135254	0.969727	4.830000	12.670000	-3.430000	812.00	0.204997	-0.148543	0.00	0.00	0.00	0.00	0.00	0.00	0.00	0.00	0.00	0.00	0.00	0.00	0.00	0.00	0.00	0.00	-2.494629	0.291504	0.797852	62.510002	-250.320007	76.160004	0.00	0.000000	0.000000
13.96	0.25	0.25	0.25	0.50	0.75	2.75	0.00	5.50	1.50	8.00	12.50	14.25	11.25	17.50	4.00	6.50	-0.247070	0.143555	0.963379	6.090000	15.960000	-5.460000	843.00	0.216820	-0.146482	0.00	0.00	0.25	0.00	0.00	0.00	0.00	0.00	0.00	0.00	0.00	0.00	0.00	0.00	0.00	0.00	-2.508301	0.151855	0.471680	66.570000	-206.779999	68.389999	3.00	0.000000	0.000000
13.97	0.00	0.25	0.25	0.25	0.50	2.00	0.00	5.25	2.00	8.25	13.25	15.25	11.50	18.75	4.50	6.50	-0.215332	0.104492	1.009766	8.190000	26.250000	-6.650000	869.00	0.229581	-0.139549	0.00	0.00	0.00	0.00	0.00	0.00	0.00	0.00	0.00	0.00	0.00	0.00	0.00	0.00	0.00	0.00	-2.616211	-0.152832	0.141602	80.360001	-139.089996	44.520000	0.00	0.000000	0.000000
13.98	0.25	0.50	0.25	0.25	0.25	1.50	0.00	5.00	2.25	8.75	13.75	15.25	11.75	20.00	4.50	6.75	-0.257324	0.129395	0.993652	11.130000	34.160000	-7.700000	890.00	0.232920	-0.132027	0.00	0.00	0.00	0.00	0.00	0.00	0.00	0.00	0.00	0.00	0.00	0.00	0.00	0.00	0.00	0.00	-2.696777	-0.258301	0.087402	85.120003	-117.529999	33.740002	0.00	0.000000	0.000000
13.99	0.25	0.25	0.25	0.25	0.25	1.50	0.00	4.75	2.25	9.50	14.50	15.75	12.25	21.50	4.75	6.75	-0.249512	0.122070	1.009277	14.910000	41.790001	-7.910000	924.00	0.238096	-0.127140	0.00	0.00	0.00	0.00	0.00	0.00	0.00	0.00	0.00	0.00	0.25	0.00	0.00	0.00	0.00	0.00	-2.908203	-0.458008	0.090820	84.349998	-76.160004	9.030000	3.00	0.000000	0.000000
14.00	0.00	0.25	0.00	0.00	0.50	0.75	0.00	4.00	2.50	10.00	14.50	16.25	12.50	22.75	4.50	7.00	-0.269043	0.132324	1.002441	17.500000	49.209999	-7.490000	925.00	0.249875	-0.119192	0.00	0.00	0.00	0.00	0.00	0.00	0.00	0.00	0.00	0.00	0.25	0.00	0.00	0.00	0.00	0.00	-2.923340	-0.633789	0.099121	28.210001	-21.139999	-29.610001	3.00	0.000000	0.000000
14.01	0.25	0.25	0.25	0.25	0.25	0.50	0.00	3.50	2.75	10.25	15.25	16.75	12.25	24.00	5.00	7.00	-0.272461	0.143066	1.006348	18.270000	56.700001	-7.630000	952.00	0.251807	-0.110966	0.00	0.00	0.00	0.00	0.00	0.00	0.00	0.00	0.00	0.00	0.00	0.00	0.00	0.00	0.00	0.00	-2.732422	-0.542969	0.117676	-28.420000	15.050000	-45.990002	0.00	0.000000	0.000000
14.02	0.00	0.00	0.25	0.00	0.00	0.25	0.00	3.00	3.00	10.75	15.75	17.00	11.75	25.50	5.00	7.00	-0.269043	0.151855	1.034668	18.340000	66.080002	-8.610000	956.00	0.263278	-0.101726	0.00	0.00	0.00	0.00	0.00	0.00	0.00	0.00	0.00	0.00	0.00	0.00	0.00	0.00	0.00	0.00	-2.463867	-0.327637	0.224609	-73.220001	51.730000	-52.709999	0.00	0.000000	0.000000
14.03	0.00	0.25	0.00	0.00	0.00	0.00	0.00	2.25	3.50	11.50	15.75	16.75	11.50	27.25	5.25	7.25	-0.302246	0.164551	1.038574	17.710001	80.150002	-10.640000	970.00	0.270550	-0.089292	0.00	0.00	0.25	0.00	0.00	0.00	0.00	0.00	0.00	0.00	0.00	0.00	0.00	0.00	0.00	0.00	-2.295410	-0.691895	3.069824	-88.900002	273.140015	-47.670002	3.00	0.000000	0.000000
14.04	0.00	0.00	0.00	0.25	0.00	0.00	0.00	2.00	3.50	12.25	16.00	16.75	11.00	28.75	5.25	7.50	-0.316406	0.167480	1.055664	17.360001	91.209999	-12.600000	987.00	0.273746	-0.082404	0.75	0.75	1.00	0.50	0.00	0.00	0.00	0.00	0.00	0.00	0.00	0.00	0.00	0.00	0.00	0.00	1.075195	0.389160	0.856445	-120.400002	214.759995	-52.709999	31.00	0.000000	0.000000
14.05	0.00	0.00	0.00	0.25	0.00	0.25	0.00	1.50	4.00	12.00	16.00	17.00	10.25	29.75	5.25	7.25	-0.358887	0.199707	1.068848	17.920000	104.230003	-14.700000	989.00	0.276330	-0.074096	5.00	5.25	3.25	2.75	0.00	0.00	0.00	0.00	0.00	0.00	0.00	0.00	0.00	0.00	0.00	0.00	0.198242	0.289062	0.538086	-99.400002	189.910004	-37.660000	167.00	-0.356243	-0.035699
14.06	0.00	0.00	0.00	0.00	0.00	0.25	0.00	1.00	4.00	12.25	16.00	16.75	9.25	31.00	5.00	7.50	-0.330078	0.214355	1.180664	14.560000	118.230003	-18.480000	980.00	0.282430	-0.064393	7.00	6.75	4.25	4.75	0.00	0.00	0.00	0.00	0.00	0.00	0.00	0.00	0.00	0.00	0.00	0.00	-0.042480	0.158691	0.097656	-103.599998	219.029999	-35.209999	234.00	-0.353220	-0.042384
14.07	0.00	0.00	0.00	0.25	0.00	0.25	0.00	0.75	4.25	12.75	15.50	15.50	8.50	32.25	5.25	7.50	-0.339844	0.195312	1.141113	9.310000	132.509995	-21.350000	975.00	0.285506	-0.053106	8.75	8.25	5.75	5.50	0.00	0.00	0.00	0.00	0.00	0.00	0.00	0.00	0.00	0.00	0.00	0.00	-0.270508	0.329102	1.003418	-97.930000	273.839996	-20.370001	291.00	-0.352452	-0.036431
14.08	0.00	0.00	0.00	0.25	0.00	0.00	0.00	0.50	4.25	12.50	15.00	14.50	7.50	32.75	5.50	7.75	-0.412109	0.171875	1.087891	7.630000	149.380005	-23.379999	950.00	0.291347	-0.044095	10.00	9.00	6.25	6.00	0.00	0.00	0.00	0.00	0.00	0.00	0.00	0.00	0.00	0.00	0.00	0.00	-0.610352	0.402344	1.895020	-45.220001	270.130005	12.040000	322.00	-0.353266	-0.034406
14.09	0.00	0.00	0.00	0.00	0.00	0.25	0.00	0.25	4.25	12.75	14.50	13.75	6.50	33.00	5.50	7.75	-0.410645	0.193848	1.092285	5.250000	168.490005	-25.200001	929.00	0.295358	-0.035557	11.25	10.00	7.00	6.25	0.00	0.00	0.00	0.00	0.00	0.00	0.00	0.00	0.00	0.00	0.00	0.00	-0.538086	-0.332520	1.513672	6.580000	232.259995	34.230000	355.00	-0.354160	-0.031159
14.10	0.00	0.00	0.00	0.00	0.00	0.00	0.00	0.00	4.25	12.50	13.75	12.00	5.50	32.50	6.00	7.75	-0.476562	0.227539	1.150879	-1.330000	201.740005	-31.780001	886.00	0.302006	-0.024593	12.00	10.50	7.25	6.75	0.00	0.00	0.00	0.00	0.00	0.00	0.00	0.00	0.00	0.00	0.00	0.00	-0.459961	-0.506348	1.417480	5.600000	226.869995	25.129999	376.00	-0.354314	-0.031853
14.11	0.00	0.00	0.00	0.00	0.00	0.00	0.00	0.00	4.00	13.00	13.00	11.25	4.75	31.75	6.00	7.50	-0.536621	0.320801	1.167969	-4.480000	228.410004	-40.040001	858.00	0.303467	-0.019598	12.00	10.75	7.25	7.25	0.00	0.00	0.00	0.00	0.00	0.00	0.00	0.00	0.00	0.00	0.00	0.00	-0.357910	-0.488281	1.185547	3.710000	219.029999	-12.950000	384.00	-0.353734	-0.035419
14.12	0.00	0.00	0.00	0.00	0.00	0.00	0.00	0.00	4.25	12.75	12.25	9.50	3.50	30.00	5.75	6.50	-0.570801	0.249512	1.165039	-8.750000	258.089996	-50.330002	798.00	0.305522	-0.006810	12.00	11.50	7.75	7.75	0.00	0.00	0.00	0.00	0.00	0.00	0.00	0.00	0.00	0.00	0.00	0.00	-0.318359	-0.153320	1.096680	-4.480000	213.080002	-37.939999	402.00	-0.352687	-0.038524
14.13	0.00	0.00	0.00	0.00	0.00	0.00	0.00	0.00	4.00	12.75	11.50	8.25	3.25	28.00	5.50	6.00	-0.546875	0.266113	1.581055	-18.200001	287.000000	-60.130001	750.00	0.305705	-0.003309	12.50	12.00	8.75	8.75	0.00	0.00	0.00	0.00	0.00	0.00	0.00	0.00	0.00	0.00	0.00	0.00	-0.454590	0.499023	1.231445	-1.540000	220.990005	-43.889999	433.00	-0.350079	-0.039545
14.14	0.00	0.00	0.00	0.00	0.00	0.00	0.00	0.00	4.00	12.75	10.00	7.00	2.50	25.50	5.25	5.25	-0.697266	0.570801	1.708496	-24.500000	309.750000	-72.239998	686.00	0.306678	0.005761	13.00	12.50	11.75	11.50	0.25	2.00	0.00	0.25	0.00	0.00	0.00	0.00	0.00	0.00	0.00	0.00	-3.840820	1.299316	10.527344	40.950001	278.250000	-16.799999	535.00	-0.330751	-0.053061
14.15	0.00	0.00	0.00	0.00	0.00	0.00	0.00	0.00	3.75	11.75	8.75	5.50	2.25	21.75	4.00	4.25	-0.763672	0.334961	1.355957	-21.840000	339.360016	-90.160004	591.00	0.304602	0.011340	13.00	12.00	14.75	13.25	1.75	4.50	0.00	0.75	0.00	0.00	0.00	0.25	0.25	0.00	0.00	0.00	-0.837891	1.377441	1.661621	35.000000	52.080002	11.130000	639.00	-0.304817	-0.062774
14.16	0.00	0.00	0.00	0.00	0.00	0.00	0.00	0.00	3.25	10.00	7.00	4.25	1.75	17.50	3.50	3.25	-0.941895	0.657227	1.574707	-10.360000	358.959991	-98.840004	483.00	0.304664	0.015461	12.25	11.25	15.00	13.50	1.75	5.25	0.00	1.50	0.00	0.00	0.25	0.50	1.25	0.00	0.00	0.00	-0.377441	0.344727	1.057617	-9.800000	79.029999	7.070000	664.00	-0.285033	-0.078318
14.17	0.00	0.00	0.00	0.00	0.00	0.00	0.00	0.00	2.75	8.25	4.75	2.00	1.25	12.75	2.75	2.25	-1.075195	0.666016	2.473145	12.740000	399.350006	-124.180000	353.00	0.306788	0.032375	11.50	10.25	14.25	13.25	2.50	6.25	0.00	1.75	0.00	0.00	0.50	0.75	1.50	0.00	0.00	0.00	-0.265137	0.112305	1.009277	8.260000	22.610001	5.250000	666.00	-0.270924	-0.086286
14.18	0.00	0.00	0.00	0.00	0.00	0.00	0.00	0.00	1.75	6.25	1.50	0.75	0.75	8.25	1.00	1.25	-1.171875	0.561035	1.610840	17.570000	393.119995	-134.539993	206.00	0.309119	0.062107	10.50	10.00	14.00	12.75	2.50	6.50	0.00	2.25	0.00	0.00	0.75	1.00	1.75	0.25	0.00	0.25	-0.262695	0.232910	1.098633	9.940000	29.750000	4.900000	666.00	-0.256056	-0.094671
14.19	0.00	0.00	0.00	0.00	0.00	0.00	0.00	0.00	0.75	2.75	1.00	0.75	0.50	3.75	0.50	0.50	-0.843750	0.661133	2.650391	29.120001	396.200012	-152.039993	101.00	0.301337	0.033223	10.50	10.00	14.50	12.75	2.75	6.75	0.00	2.75	0.00	0.00	0.75	1.25	2.25	0.50	0.00	0.25	-0.254883	0.153320	1.048340	10.430000	15.960000	3.990000	694.00	-0.246063	-0.098750
14.20	0.00	0.00	0.00	0.00	0.00	0.00	0.00	0.00	0.50	1.50	1.00	0.50	0.25	1.75	0.50	0.25	-0.655762	0.644531	1.930176	-8.960000	390.250000	-179.199997	62.00	0.293051	0.013127	10.50	10.25	14.25	12.75	3.00	7.00	0.00	3.00	0.00	0.25	0.75	1.50	2.50	0.75	0.00	0.50	-0.241211	0.129395	1.030273	6.930000	9.660000	2.240000	714.00	-0.236635	-0.102133
14.21	0.00	0.00	0.00	0.00	0.00	0.00	0.00	0.00	0.25	1.50	1.25	0.75	0.25	1.75	0.50	0.50	-0.668945	0.566895	1.948242	-45.290001	358.820007	-194.110001	65.00	0.290078	-0.024633	11.00	10.25	14.50	12.75	3.00	7.00	0.00	3.00	0.00	0.25	0.75	1.75	2.50	1.00	0.00	0.75	-0.226074	0.146484	1.010254	3.640000	5.040000	1.610000	728.00	-0.233302	-0.100176
14.22	0.00	0.00	0.00	0.00	0.00	0.00	0.00	0.00	0.25	1.25	0.25	0.75	0.25	1.50	0.25	0.25	0.064453	0.886719	1.766113	-65.660004	358.540009	-206.430008	46.00	0.000000	0.000000	11.25	10.50	14.25	12.50	3.25	6.75	0.00	2.75	0.00	0.00	1.00	1.50	2.25	1.00	0.00	0.75	-0.225586	0.158691	0.983398	0.700000	2.450000	1.050000	719.00	-0.238113	-0.095925
14.23	0.00	0.00	0.00	0.00	0.00	0.00	0.00	0.00	0.25	0.50	0.50	0.50	0.25	1.50	0.00	0.25	0.167480	0.603027	1.279785	-3.570000	347.829987	-214.479996	35.00	0.000000	0.000000	11.00	10.50	13.75	12.25	3.25	6.75	0.00	2.75	0.00	0.00	1.00	1.50	2.50	1.00	0.00	1.00	-0.218750	0.154297	0.980469	-0.140000	2.940000	0.980000	711.00	-0.234721	-0.099156
14.24	0.00	0.00	0.00	0.00	0.00	0.00	0.00	0.00	0.00	0.25	0.00	0.25	0.00	0.50	0.00	0.00	-0.212891	1.344238	1.623047	101.220001	313.880005	-234.220001	10.00	0.000000	0.000000	11.00	10.00	13.25	12.25	3.25	6.50	0.00	3.00	0.00	0.00	1.00	1.50	2.50	1.00	0.00	1.00	-0.225098	0.149902	0.968262	-0.420000	3.500000	0.770000	702.00	-0.232398	-0.101126
14.25	0.00	0.00	0.00	0.00	0.00	0.00	0.00	0.00	0.00	0.25	0.25	0.25	0.00	0.50	0.00	0.00	0.522461	1.221191	3.490723	173.949997	157.009995	-211.610001	12.00	0.000000	0.000000	10.75	10.25	13.00	11.75	3.00	6.50	0.00	2.75	0.00	0.25	1.25	1.50	2.00	1.00	0.00	1.25	-0.217285	0.147949	0.972656	-0.700000	3.780000	0.630000	689.00	-0.231272	-0.098547
14.26	0.00	0.00	0.00	0.00	0.00	0.00	0.00	0.00	0.00	0.00	0.00	0.25	0.00	0.25	0.00	0.00	0.883301	0.750488	2.729492	153.509995	-20.160000	-163.869995	5.00	0.000000	0.000000	10.25	10.00	12.75	11.50	3.00	6.50	0.00	2.75	0.00	0.25	0.75	1.75	2.00	1.25	0.00	1.25	-0.226074	0.145508	0.978027	-0.840000	4.200000	0.420000	676.00	-0.228748	-0.099931
14.27	0.00	0.00	0.00	0.00	0.00	0.00	0.00	0.00	0.00	0.25	0.00	0.00	0.25	0.50	0.00	0.00	0.529297	0.487305	2.075684	37.869999	-150.919998	-109.620003	9.00	0.000000	0.000000	10.50	9.50	12.25	11.25	3.25	6.25	0.00	3.00	0.00	0.25	0.75	1.75	2.00	1.25	0.00	1.25	-0.233398	0.147461	0.992188	-0.560000	3.640000	0.560000	669.00	-0.226239	-0.100029
14.28	0.00	0.00	0.00	0.00	0.00	0.00	0.00	0.00	0.00	0.00	0.00	0.25	0.00	0.75	0.00	0.00	0.360840	0.475098	1.150879	-60.900002	-211.820007	-70.209999	9.00	0.000000	0.000000	9.75	9.25	11.75	10.75	3.25	6.25	0.00	3.00	0.00	0.25	1.25	1.50	2.00	1.50	0.25	1.25	-0.233398	0.140137	1.000000	-0.070000	1.680000	0.630000	656.00	-0.216150	-0.101205
14.29	0.00	0.00	0.00	0.00	0.00	0.00	0.00	0.00	0.00	0.00	0.25	0.25	0.00	0.75	0.00	0.00	0.272461	0.567383	0.651367	-97.160004	-226.449997	-49.770000	12.00	0.000000	0.000000	9.25	9.25	11.25	10.75	3.25	6.25	0.00	2.75	0.00	0.00	0.75	1.75	2.25	1.50	0.00	1.50	-0.227539	0.148926	0.986816	0.280000	0.280000	0.770000	637.00	-0.219185	-0.105961
14.30	0.00	0.00	0.00	0.00	0.00	0.00	0.00	0.00	0.00	0.00	0.25	0.00	0.00	0.75	0.00	0.00	0.194824	0.661621	0.271973	-45.709999	-217.000000	-32.900002	9.00	0.000000	0.000000	9.00	9.00	11.00	10.25	3.00	6.00	0.00	2.75	0.00	0.00	1.00	1.50	2.00	1.50	0.00	1.50	-0.226074	0.142578	0.980957	0.770000	-0.420000	0.980000	616.00	-0.218877	-0.104452
14.31	0.00	0.00	0.00	0.00	0.00	0.00	0.00	0.00	0.00	0.00	0.25	0.00	0.00	0.75	0.00	0.00	0.181152	0.582520	0.181641	12.250000	-203.630005	-24.219999	9.00	0.000000	0.000000	8.50	9.00	10.75	10.00	3.00	6.00	0.00	2.75	0.00	0.25	1.25	1.75	2.00	1.50	0.00	1.25	-0.226074	0.149414	0.978516	0.770000	-0.350000	1.120000	612.00	-0.212384	-0.106293
14.32	0.00	0.00	0.25	0.00	0.00	0.00	0.00	0.00	0.25	0.00	0.00	0.00	0.00	0.50	0.00	0.00	0.165039	0.458496	0.246582	53.549999	-189.910004	-14.420000	10.00	0.000000	0.000000	8.50	8.50	10.00	9.50	2.50	5.75	0.00	2.75	0.00	0.25	0.75	1.50	2.00	1.50	0.00	1.25	-0.224121	0.150879	0.981445	0.700000	-0.630000	0.980000	577.00	-0.216281	-0.107382
14.33	0.00	0.00	0.25	0.00	0.00	0.00	0.00	0.00	0.00	0.00	0.00	0.00	0.00	0.25	0.00	0.00	0.143555	0.387207	0.371094	65.169998	-180.320007	-1.260000	5.00	0.000000	0.000000	8.50	8.00	9.50	9.50	2.25	6.00	0.00	2.75	0.00	0.00	0.75	1.00	2.00	1.25	0.25	1.25	-0.221680	0.148926	0.977051	0.770000	-0.560000	0.980000	560.00	-0.219867	-0.110482
14.34	0.00	0.00	0.00	0.00	0.00	0.00	0.00	0.00	0.00	0.00	0.00	0.00	0.00	0.25	0.00	0.00	0.113281	0.380859	0.528320	54.599998	-176.330002	16.240000	2.00	0.000000	0.000000	8.00	8.00	9.25	9.25	2.25	5.75	0.00	2.75	0.00	0.00	1.00	1.75	2.25	1.00	0.00	1.25	-0.219727	0.151855	0.968750	0.630000	-0.420000	0.770000	554.00	-0.213578	-0.117453
14.35	0.00	0.00	0.00	0.00	0.00	0.00	0.00	0.00	0.00	0.00	0.00	0.25	0.00	0.00	0.00	0.00	0.088867	0.442383	0.682129	39.410000	-180.110001	37.310001	3.00	0.000000	0.000000	7.75	8.00	9.00	9.00	1.75	5.75	0.00	2.75	0.00	0.00	1.00	1.75	2.25	1.00	0.00	1.50	-0.220703	0.157227	0.972656	0.350000	0.000000	0.700000	542.00	-0.211484	-0.121357
14.36	0.00	0.00	0.00	0.00	0.00	0.00	0.00	0.00	0.00	0.00	0.00	0.00	0.00	0.00	0.00	0.00	0.043457	0.499512	0.816895	34.439999	-190.960007	59.150002	0.00	0.000000	0.000000	7.75	7.75	9.00	8.75	1.75	5.75	0.00	3.00	0.00	0.25	1.00	1.75	2.00	1.25	0.00	1.50	-0.227051	0.145020	0.976074	0.140000	0.630000	0.560000	543.00	-0.205745	-0.119124
14.37	0.00	0.00	0.00	0.00	0.00	0.00	0.00	0.00	0.00	0.00	0.00	0.00	0.00	0.25	0.00	0.00	-0.039062	0.490723	0.925781	48.930000	-213.779999	87.639999	2.00	0.000000	0.000000	7.25	7.50	8.75	8.75	1.75	5.75	0.00	3.00	0.00	0.00	1.25	1.75	2.25	1.00	0.00	1.50	-0.227539	0.146973	0.974609	0.140000	0.770000	0.490000	533.00	-0.203604	-0.125680
14.38	0.00	0.00	0.25	0.00	0.00	0.00	0.00	0.00	0.00	0.00	0.00	0.00	0.00	0.50	0.00	0.00	-0.104980	0.407227	0.962402	63.349998	-227.779999	101.010002	7.00	0.000000	0.000000	7.25	7.50	8.50	8.75	1.75	5.75	0.00	3.00	0.00	0.00	1.50	1.50	2.25	1.00	0.00	1.50	-0.227539	0.148438	0.972656	0.280000	0.840000	0.560000	530.00	-0.203210	-0.125919
14.39	0.00	0.00	0.25	0.00	0.00	0.00	0.00	0.00	0.00	0.00	0.00	0.00	0.00	0.50	0.00	0.00	-0.186035	0.333008	1.013672	75.529999	-239.190002	108.849998	7.00	0.000000	0.000000	7.25	7.50	8.25	8.50	2.00	6.00	0.00	3.00	0.00	0.00	1.50	1.75	2.25	1.00	0.00	1.50	-0.228516	0.148438	0.969727	0.770000	1.190000	0.560000	533.00	-0.199748	-0.127162
14.40	0.00	0.00	0.25	0.00	0.00	0.00	0.00	0.00	0.00	0.00	0.00	0.00	0.00	0.25	0.00	0.00	-0.260742	0.261230	1.063477	86.870003	-247.660004	111.650002	5.00	0.000000	0.000000	7.25	7.50	8.00	8.50	2.00	5.75	0.00	3.25	0.00	0.25	1.25	2.00	2.50	1.25	0.00	1.50	-0.225098	0.150391	0.971191	1.120000	1.540000	0.630000	538.00	-0.192351	-0.129516
14.41	0.00	0.00	0.00	0.00	0.00	0.00	0.00	0.00	0.00	0.00	0.00	0.00	0.00	0.00	0.00	0.00	-0.349609	0.199219	1.136719	98.699997	-254.029999	109.340004	0.00	0.000000	0.000000	7.25	7.50	8.00	8.50	2.00	6.00	0.00	3.50	0.00	0.25	1.25	2.25	2.50	1.00	0.25	1.75	-0.227051	0.149414	0.971191	1.470000	1.820000	0.700000	549.00	-0.187080	-0.134261
14.42	0.00	0.00	0.00	0.00	0.00	0.00	0.00	0.00	0.00	0.00	0.00	0.00	0.00	0.00	0.00	0.00	-0.425293	0.136230	1.231445	112.209999	-259.910004	103.180000	0.00	0.000000	0.000000	7.50	7.25	8.00	8.25	2.00	6.25	0.00	3.75	0.00	0.25	1.50	2.25	2.50	1.25	0.25	1.75	-0.229980	0.151367	0.978027	1.540000	2.380000	0.560000	558.00	-0.181052	-0.133713
14.43	0.00	0.00	0.00	0.00	0.00	0.00	0.00	0.00	0.00	0.00	0.00	0.00	0.00	0.00	0.00	0.00	-0.537598	0.054688	1.343750	131.110001	-267.329987	90.580002	0.00	0.000000	0.000000	7.00	7.00	7.50	8.25	2.25	6.25	0.00	3.75	0.00	0.25	1.75	2.50	2.75	1.25	0.25	1.75	-0.229004	0.149902	0.971680	1.330000	2.660000	0.420000	555.00	-0.171736	-0.139083
14.44	0.00	0.00	0.00	0.00	0.00	0.00	0.00	0.00	0.00	0.00	0.00	0.00	0.00	0.25	0.00	0.00	-0.638184	0.026855	1.430664	138.460007	-270.480011	82.529999	2.00	0.000000	0.000000	6.75	7.00	7.75	8.50	2.50	6.25	0.00	3.75	0.00	0.25	1.75	2.75	3.00	1.25	0.25	1.75	-0.227539	0.151367	0.973145	1.260000	2.940000	0.350000	565.00	-0.168393	-0.140499
14.45	0.00	0.00	0.00	0.00	0.00	0.00	0.00	0.00	0.00	0.00	0.00	0.25	0.00	0.25	0.00	0.00	-0.729492	-0.002441	1.459961	138.110001	-271.670013	77.209999	5.00	0.000000	0.000000	6.75	7.25	7.75	8.25	2.25	6.25	0.00	4.25	0.00	0.50	2.00	2.50	3.00	1.25	0.25	1.75	-0.234375	0.152344	0.976074	0.910000	3.010000	0.280000	572.00	-0.165030	-0.142753
14.46	0.00	0.00	0.00	0.00	0.00	0.00	0.00	0.00	0.25	0.00	0.00	0.00	0.00	0.25	0.00	0.00	-0.800781	0.020020	1.473633	130.199997	-268.869995	75.669998	5.00	0.000000	0.000000	7.00	7.00	8.00	8.00	2.25	6.25	0.00	4.25	0.00	0.50	2.25	3.00	3.00	1.75	0.50	1.75	-0.228516	0.152832	0.979980	0.700000	3.150000	0.140000	587.00	-0.153153	-0.138725
14.47	0.00	0.00	0.00	0.00	0.00	0.00	0.00	0.00	0.25	0.00	0.00	0.00	0.00	0.25	0.00	0.00	-0.829590	0.095215	1.487793	119.559998	-263.059998	79.940002	5.00	0.000000	0.000000	7.25	7.25	8.00	8.25	2.50	6.25	0.00	4.25	0.00	0.50	2.25	3.00	3.50	1.75	0.50	2.00	-0.234375	0.154785	0.981445	0.560000	3.220000	0.070000	604.00	-0.152242	-0.139962
14.48	0.00	0.00	0.00	0.00	0.00	0.00	0.00	0.00	0.25	0.00	0.00	0.00	0.00	0.25	0.00	0.00	-0.833984	0.156738	1.509766	113.750000	-255.919998	89.529999	5.00	0.000000	0.000000	7.00	7.25	8.25	8.25	2.50	6.75	0.00	4.50	0.00	0.50	2.25	2.75	3.50	1.50	0.50	2.00	-0.239258	0.151367	0.975098	0.700000	3.010000	0.210000	608.00	-0.154359	-0.143171
14.49	0.00	0.00	0.00	0.00	0.00	0.00	0.00	0.00	0.25	0.00	0.00	0.00	0.00	0.00	0.00	0.00	-0.867676	0.208984	1.573730	114.099998	-248.779999	101.570000	3.00	0.000000	0.000000	7.00	7.25	8.00	8.25	2.50	6.75	0.00	4.50	0.00	0.50	2.75	3.50	4.00	1.50	0.50	2.00	-0.229492	0.153809	0.976074	0.840000	2.800000	0.140000	623.00	-0.143804	-0.148130
14.50	0.00	0.00	0.00	0.00	0.00	0.00	0.00	0.00	0.00	0.00	0.00	0.00	0.00	0.25	0.00	0.00	-0.895996	0.249512	1.667969	118.020004	-238.770004	122.010002	2.00	0.000000	0.000000	7.00	7.00	7.75	8.25	3.00	6.75	0.00	4.75	0.00	0.50	2.50	3.75	4.00	1.50	0.25	2.25	-0.233887	0.157227	0.973145	0.840000	2.940000	0.280000	626.00	-0.142578	-0.150157
14.51	0.00	0.00	0.00	0.00	0.00	0.00	0.00	0.00	0.00	0.00	0.00	0.00	0.00	0.25	0.00	0.00	-0.937500	0.271484	1.711914	117.110001	-231.350006	135.940002	2.00	0.000000	0.000000	6.75	6.75	7.50	8.00	3.00	6.75	0.00	4.75	0.00	0.50	2.00	3.25	4.00	2.00	0.00	2.00	-0.238770	0.151367	0.970215	0.700000	3.220000	0.140000	605.00	-0.145059	-0.148623
14.52	0.00	0.25	0.00	0.00	0.00	0.00	0.00	0.00	0.25	0.00	0.00	0.00	0.00	0.00	0.00	0.00	-0.994629	0.301270	1.729492	112.699997	-222.460007	149.729996	6.00	0.000000	0.000000	6.75	6.75	7.50	7.75	3.25	6.50	0.00	5.00	0.00	0.50	2.25	3.50	4.00	2.00	0.00	2.25	-0.241211	0.153809	0.967285	0.840000	3.710000	-0.000000	613.00	-0.139250	-0.149157
14.53	0.00	0.00	0.00	0.00	0.00	0.00	0.00	0.00	0.25	0.00	0.00	0.00	0.00	0.00	0.00	0.00	-1.079102	0.318359	1.832031	103.879997	-212.520004	162.960007	3.00	0.000000	0.000000	6.50	6.50	7.50	7.75	3.25	6.75	0.00	5.25	0.00	0.75	2.75	3.50	4.00	2.25	0.25	2.00	-0.235840	0.156250	0.970215	0.910000	3.920000	-0.070000	626.00	-0.128701	-0.149262
14.54	0.00	0.00	0.00	0.00	0.00	0.00	0.00	0.00	0.00	0.00	0.00	0.00	0.00	0.00	0.00	0.00	-1.158203	0.335449	1.892578	89.389999	-205.729996	175.139999	0.00	0.000000	0.000000	6.00	6.50	7.50	7.75	3.00	7.00	0.00	5.25	0.00	0.75	3.25	4.00	4.75	2.25	0.50	2.50	-0.234863	0.155273	0.968750	0.980000	4.340000	-0.210000	643.00	-0.113677	-0.157264
14.55	0.00	0.00	0.00	0.00	0.00	0.00	0.00	0.00	0.00	0.00	0.00	0.00	0.00	0.00	0.00	0.00	-1.327148	0.393555	1.954102	63.980000	-203.559998	189.630005	0.00	0.000000	0.000000	6.00	6.50	7.25	7.25	3.25	7.00	0.00	5.25	0.00	0.75	3.25	4.25	5.00	2.75	0.50	2.75	-0.234863	0.156250	0.963379	0.420000	5.110000	-0.280000	648.00	-0.104888	-0.156534
14.56	0.00	0.00	0.00	0.00	0.00	0.00	0.00	0.00	0.00	0.00	0.00	0.00	0.00	0.00	0.00	0.00	-1.395996	0.412109	1.970703	57.330002	-205.589996	192.990005	0.00	0.000000	0.000000	6.25	6.25	7.00	7.25	3.25	7.00	0.00	5.50	0.00	1.25	3.75	4.50	5.25	3.50	0.75	3.00	-0.231934	0.161133	0.972656	-0.630000	5.950000	-0.560000	675.00	-0.088616	-0.154200
14.57	0.00	0.00	0.00	0.00	0.00	0.00	0.00	0.00	0.00	0.00	0.00	0.00	0.00	0.00	0.00	0.00	-1.561035	0.448242	1.911133	45.570000	-220.290009	198.869995	0.00	0.000000	0.000000	6.00	5.75	6.75	7.00	3.25	6.75	0.00	5.75	0.00	1.50	4.25	5.50	5.75	3.75	0.75	2.75	-0.238770	0.152832	0.979492	-1.540000	6.440000	-0.980000	687.00	-0.072542	-0.158310
14.58	0.00	0.00	0.00	0.00	0.00	0.00	0.00	0.00	0.00	0.00	0.00	0.00	0.00	0.00	0.00	0.00	-1.692383	0.415527	1.738281	45.220001	-231.979996	198.869995	0.00	0.000000	0.000000	5.50	5.50	6.00	6.75	3.25	6.50	0.00	6.00	0.00	2.00	4.75	5.75	6.25	4.00	0.75	3.25	-0.231445	0.157227	0.979004	-2.590000	6.370000	-1.330000	691.00	-0.054689	-0.163858
14.59	0.00	0.00	0.00	0.00	0.00	0.00	0.00	0.00	0.00	0.00	0.00	0.00	0.00	0.00	0.00	0.00	-1.806152	0.297852	1.439453	51.240002	-236.880005	195.440002	0.00	0.000000	0.000000	4.75	5.25	5.50	5.75	3.25	6.50	0.00	6.00	0.00	2.25	5.50	6.25	6.75	5.00	1.50	3.75	-0.238281	0.160645	0.984375	-4.060000	6.860000	-1.470000	704.00	-0.024357	-0.164887
14.60	0.00	0.00	0.00	0.00	0.00	0.00	0.00	0.00	0.00	0.00	0.00	0.00	0.00	0.00	0.00	0.00	-1.910156	0.134766	1.070801	63.349998	-230.790009	188.649994	0.00	0.000000	0.000000	3.25	4.25	4.25	5.25	3.25	6.25	0.00	6.00	0.00	2.75	6.25	6.50	7.50	6.25	1.75	4.50	-0.247559	0.149414	0.980957	-5.040000	7.490000	-1.820000	697.00	0.014721	-0.171494
14.61	0.00	0.00	0.00	0.00	0.00	0.00	0.00	0.00	0.25	0.25	0.00	0.00	0.00	0.00	0.00	0.00	-2.008789	-0.087402	0.725586	78.330002	-212.100006	178.220001	6.00	0.000000	0.000000	2.00	3.50	3.00	4.25	2.75	6.00	0.00	6.00	0.25	3.00	7.25	7.50	8.00	8.00	1.75	4.50	-0.243652	0.157715	0.995117	-4.340000	7.490000	-2.450000	690.00	0.056854	-0.175011
14.62	0.00	0.00	0.00	0.00	0.00	0.00	0.00	0.00	0.25	0.00	0.00	0.25	0.00	0.00	0.00	0.00	-2.107910	-0.390625	0.434570	93.449997	-181.089996	161.839996	6.00	0.000000	0.000000	0.75	2.25	1.75	2.75	2.25	5.25	0.00	5.75	0.25	3.75	7.75	8.00	8.25	9.25	2.00	5.00	-0.236328	0.157715	0.985840	-3.150000	8.400000	-3.430000	654.00	0.107969	-0.177726
14.63	0.00	0.00	0.00	0.00	0.00	0.00	0.00	0.00	0.00	0.00	0.00	0.25	0.00	0.00	0.00	0.00	-2.540039	-0.843750	0.211426	101.500000	-130.899994	122.430000	3.00	0.000000	0.000000	0.25	1.50	0.50	1.00	1.75	4.50	0.00	5.75	0.50	4.25	9.00	8.50	8.75	11.75	2.25	5.50	-0.216309	0.169922	0.988281	-2.030000	11.620000	-4.410000	653.00	0.159966	-0.171261
14.64	0.00	0.00	0.00	0.00	0.00	0.00	0.00	0.00	0.00	0.00	0.00	0.00	0.00	0.00	0.00	0.00	-2.781250	-1.043457	0.087402	76.860001	-100.870003	79.519997	0.00	0.000000	0.000000	0.75	0.75	0.25	0.75	0.75	3.25	0.00	5.50	0.50	5.00	9.50	9.00	9.25	14.50	2.75	5.75	-0.239746	0.163574	0.992188	-0.770000	15.750000	-6.230000	670.00	0.190238	-0.157592
14.65	0.00	0.00	0.00	0.00	0.00	0.00	0.00	0.00	0.00	0.25	0.00	0.00	0.00	0.00	0.00	0.00	-2.795410	-1.094727	-0.065918	40.950001	-69.090004	27.020000	3.00	0.000000	0.000000	0.25	0.50	0.50	0.25	0.25	1.75	0.00	5.25	0.75	5.50	10.75	9.50	10.00	16.50	3.50	6.25	-0.245605	0.181641	1.007812	1.050000	20.510000	-8.680000	695.00	0.220131	-0.146721
14.66	0.00	0.00	0.00	0.00	0.00	0.00	0.00	0.00	0.00	0.00	0.00	0.00	0.00	0.00	0.00	0.00	-2.595703	-0.988281	-0.173340	3.360000	-27.930000	-27.370001	0.00	0.000000	0.000000	0.25	0.50	0.50	0.75	0.00	0.75	0.00	5.00	1.25	6.25	12.00	10.25	10.50	19.00	3.50	7.00	-0.187500	0.206055	1.013184	2.380000	28.490000	-11.690000	748.00	0.230721	-0.133636
14.67	0.00	0.00	0.00	0.00	0.00	0.00	0.00	0.00	0.00	0.00	0.00	0.00	0.00	0.00	0.00	0.00	-2.329590	-0.698730	-0.081543	-30.730000	20.510000	-71.540001	0.00	0.000000	0.000000	0.50	0.25	0.00	0.00	0.00	0.25	0.00	4.50	1.25	6.75	12.50	10.75	10.50	21.25	3.75	7.50	-0.245605	0.057617	1.085938	9.030000	40.459999	-13.720000	762.00	0.250442	-0.122076
14.68	0.00	0.00	0.00	0.00	0.00	0.00	0.00	0.00	0.00	0.00	0.00	0.00	0.00	0.00	0.00	0.00	-2.041992	-0.365234	0.133301	-52.290001	66.080002	-96.599998	0.00	0.000000	0.000000	0.25	0.25	0.25	0.25	0.25	0.50	0.00	3.50	2.00	7.00	12.75	11.25	10.50	23.50	4.25	8.00	-0.279297	0.164062	1.057617	17.080000	63.000000	-13.020000	803.00	0.256202	-0.106106
14.69	0.00	0.00	0.00	0.00	0.00	0.00	0.00	0.00	0.00	0.00	0.00	0.00	0.00	0.00	0.00	0.00	-1.784180	-0.066406	0.418945	-61.880001	101.010002	-103.040001	0.00	0.000000	0.000000	0.25	0.25	0.00	0.25	0.00	0.25	0.00	3.00	2.00	7.75	13.25	11.25	10.00	24.50	4.25	8.25	-0.277832	0.157227	1.132324	24.850000	78.190002	-12.880000	805.00	0.265177	-0.097945
14.70	0.00	0.25	0.25	0.25	0.00	0.00	0.00	0.00	0.00	0.00	0.00	0.00	0.00	0.00	0.00	0.00	0.681641	0.750977	0.739746	-217.839996	227.500000	-93.519997	8.00	0.000000	0.000000	0.25	0.25	0.25	0.25	0.00	0.25	0.00	2.25	2.25	8.50	13.50	11.00	9.50	26.25	5.00	8.75	-0.285156	0.158203	1.077148	26.950001	93.730003	-12.250000	829.00	0.271829	-0.083405
14.71	0.50	0.75	0.75	1.00	0.00	0.00	0.00	0.00	0.00	0.00	0.00	0.00	0.00	0.00	0.00	0.00	0.194336	0.430176	1.559570	-208.880005	202.580002	-78.260002	31.00	0.000000	0.000000	0.25	0.25	0.00	0.50	0.00	0.25	0.00	1.50	2.50	8.50	13.25	11.00	8.50	27.00	5.25	9.75	-0.341797	0.190430	1.104980	21.910000	106.889999	-11.690000	824.00	0.278984	-0.074177
14.72	1.00	2.75	1.75	2.50	0.00	0.00	0.00	0.00	0.00	0.00	0.00	0.00	0.00	0.00	0.00	0.00	-0.368652	0.313965	0.503906	-211.399994	192.570007	-62.580002	83.00	-0.336434	-0.090828	0.00	0.25	0.00	0.25	0.00	0.00	0.00	1.00	3.00	8.75	12.75	10.75	8.00	27.75	5.25	9.75	-0.361328	0.230957	1.122559	16.450001	120.470001	-13.370000	811.00	0.289157	-0.062315
14.73	1.50	4.00	2.25	4.00	0.00	0.00	0.00	0.00	0.00	0.00	0.00	0.00	0.00	0.00	0.00	0.00	-0.333984	0.234375	1.084473	-241.430008	203.910004	-64.120003	121.00	-0.337017	-0.099355	0.25	0.25	0.00	0.00	0.00	0.25	0.00	0.50	3.25	8.75	12.25	10.00	7.00	28.00	5.75	10.25	-0.345215	0.191895	1.189453	4.480000	141.259995	-19.320000	798.00	0.294006	-0.050743
14.74	3.00	5.25	3.00	5.50	0.00	0.00	0.00	0.00	0.00	0.00	0.00	0.00	0.00	0.00	0.00	0.00	-0.253418	0.425781	1.321289	-220.990005	206.149994	-41.299999	173.00	-0.340110	-0.087942	0.25	0.00	0.00	0.00	0.00	0.00	0.00	0.50	3.50	8.75	12.25	9.50	6.25	28.00	5.75	10.50	-0.397949	0.196777	1.108398	3.710000	157.570007	-20.370001	786.00	0.299202	-0.043696
14.75	5.50	6.25	4.50	6.75	0.00	0.00	0.00	0.00	0.00	0.00	0.00	0.00	0.00	0.00	0.00	0.00	-0.472168	0.392090	1.079102	-132.020004	213.009995	8.820000	239.00	-0.341672	-0.065066	0.00	0.00	0.00	0.00	0.00	0.00	0.00	0.25	3.50	9.00	11.75	8.25	5.25	28.25	6.00	10.50	-0.446289	0.225098	1.084473	-2.590000	173.320007	-23.170000	760.00	0.307234	-0.031978
14.76	6.00	7.25	5.50	7.75	0.00	0.00	0.00	0.00	0.00	0.00	0.00	0.00	0.00	0.00	0.00	0.00	-0.512695	-0.251465	1.346680	-73.360001	223.860001	38.150002	275.00	-0.340097	-0.065290	0.00	0.00	0.00	0.00	0.00	0.00	0.00	0.00	3.75	8.75	10.75	7.75	4.25	27.75	5.75	10.50	-0.414062	0.204590	1.104492	-8.890000	192.220001	-27.370001	725.00	0.311477	-0.021838
14.77	6.50	8.00	5.75	8.75	0.00	0.25	0.00	0.00	0.00	0.00	0.00	0.00	0.00	0.00	0.00	0.00	-0.532227	-0.593750	1.454590	-54.880001	213.080002	18.059999	304.00	-0.338653	-0.070818	0.00	0.00	0.00	0.00	0.00	0.00	0.00	0.00	3.75	8.50	9.75	6.50	3.50	27.00	5.75	10.00	-0.514648	0.238281	1.187988	-14.280000	215.740005	-31.080000	683.00	0.315287	-0.011958
14.78	7.00	8.50	6.25	10.00	0.00	0.50	0.00	0.25	0.00	0.00	0.00	0.00	0.00	0.00	0.00	0.00	-0.802734	-0.567871	2.080566	-62.510002	210.419998	-17.219999	339.00	-0.332280	-0.078183	0.00	0.00	0.00	0.00	0.00	0.00	0.00	0.00	3.75	8.50	9.00	5.50	2.75	25.75	5.50	9.00	-0.623535	0.345215	1.278809	-15.540000	244.790009	-38.920002	640.00	0.317272	-0.001736
14.79	8.25	9.25	8.50	13.50	0.00	3.00	0.00	0.25	0.00	0.00	0.00	0.00	0.25	0.00	0.00	0.00	-1.227051	1.541992	3.238281	-73.080002	132.860001	-5.740000	452.00	-0.314860	-0.090883	0.00	0.00	0.00	0.00	0.00	0.00	0.00	0.00	3.50	8.00	7.75	4.25	2.25	23.50	5.00	7.50	-0.630859	0.206055	1.570801	-8.750000	290.779999	-53.340000	568.00	0.319450	0.008212
14.80	8.75	9.50	10.50	15.75	0.25	5.25	0.00	1.00	0.00	0.00	0.00	0.00	0.75	0.00	0.00	0.00	-0.418457	0.212891	1.110352	22.049999	33.529999	11.830000	550.00	-0.294595	-0.104540	0.00	0.00	0.00	0.00	0.00	0.00	0.00	0.00	3.25	7.00	6.50	3.25	2.00	21.25	4.50	5.75	-0.605469	0.235352	1.592285	-23.660000	322.489990	-56.420002	495.00	0.321730	0.017698
14.81	8.25	9.00	10.50	15.00	0.50	5.50	0.00	1.25	0.00	0.00	0.00	0.25	1.25	0.00	0.00	0.00	-0.112305	0.232422	0.773438	-21.910000	55.860001	2.800000	548.00	-0.283035	-0.109974	0.00	0.00	0.00	0.00	0.00	0.00	0.00	0.00	2.75	6.25	4.75	2.25	1.75	18.50	3.50	4.25	-0.799805	0.410156	1.872559	-20.090000	353.779999	-60.270000	407.00	0.324206	0.029395
14.82	7.75	8.25	10.25	14.50	0.75	6.00	0.00	1.75	0.00	0.00	0.00	0.50	2.00	0.00	0.00	0.00	-0.215332	0.126953	0.817871	-10.010000	37.939999	3.500000	552.00	-0.266806	-0.120845	0.00	0.00	0.00	0.00	0.00	0.00	0.00	0.00	2.25	4.50	2.50	0.75	1.25	16.00	2.75	3.25	-0.788086	0.104980	1.888672	-21.070000	375.619995	-71.260002	304.00	0.337584	0.055899
14.83	7.50	8.25	10.50	14.00	0.75	6.75	0.00	2.50	0.00	0.00	0.00	0.75	2.25	0.25	0.00	0.50	-0.267578	0.106445	1.069336	15.260000	13.020000	3.080000	576.00	-0.250040	-0.129274	0.00	0.00	0.00	0.00	0.00	0.00	0.00	0.00	1.50	3.00	1.00	0.50	0.75	12.00	1.50	2.00	-1.172852	0.922363	1.880371	-29.400000	396.899994	-67.550003	202.00	0.344969	0.074602
14.84	7.50	8.00	11.25	14.75	1.25	7.25	0.00	2.75	0.00	0.00	0.25	1.00	3.25	0.50	0.00	1.25	-0.209961	0.128906	0.980957	13.090000	10.850000	2.870000	626.00	-0.230761	-0.134049	0.00	0.00	0.00	0.00	0.00	0.00	0.00	0.00	1.00	1.00	1.00	0.50	0.50	8.25	1.00	1.00	-1.053223	0.577148	2.250000	51.869999	408.170013	-77.209999	130.00	0.349179	0.072431
14.85	7.75	8.25	11.50	15.75	1.50	7.75	0.00	3.25	0.00	0.00	0.25	1.25	3.75	0.50	0.00	1.75	-0.234375	0.120117	1.016602	11.620000	8.610000	2.030000	670.00	-0.222868	-0.140518	0.00	0.00	0.00	0.00	0.00	0.00	0.00	0.00	0.50	0.50	0.50	0.25	0.25	5.00	0.25	0.50	-0.632324	0.219727	2.360840	29.820000	393.679993	-101.290001	70.00	0.353798	0.089530
14.86	8.00	8.50	11.75	16.00	1.50	8.00	0.00	3.50	0.00	0.00	0.50	1.50	3.75	0.75	0.00	2.25	-0.219727	0.117188	0.989258	8.960000	5.880000	1.820000	697.00	-0.215639	-0.141174	0.00	0.00	0.00	0.00	0.00	0.00	0.00	0.00	0.50	0.50	0.50	0.00	0.25	1.75	0.25	0.50	-1.035645	0.644043	1.786621	13.160000	393.119995	-112.980003	39.00	0.000000	0.000000
14.87	8.50	8.50	11.50	16.00	1.75	8.50	0.00	4.00	0.00	0.25	0.75	2.00	3.75	0.75	0.00	2.50	-0.209473	0.128418	0.976074	7.770000	4.970000	1.750000	727.00	-0.206459	-0.143740	0.00	0.00	0.00	0.00	0.00	0.00	0.00	0.00	0.25	0.50	0.50	0.50	0.25	1.25	0.25	0.25	-0.473145	0.635254	2.513672	19.809999	370.230011	-122.919998	36.00	0.000000	0.000000
14.88	8.25	8.75	11.75	15.75	2.00	8.75	0.00	4.00	0.00	0.25	0.75	1.75	4.00	1.25	0.00	3.00	-0.218262	0.127930	0.989258	7.000000	4.690000	1.470000	738.00	-0.200569	-0.142390	0.00	0.00	0.00	0.00	0.00	0.00	0.00	0.00	0.00	0.50	0.25	0.00	0.00	1.25	0.25	0.25	-0.441895	0.447266	1.084961	31.080000	374.709991	-132.020004	22.00	0.000000	0.000000
14.89	8.00	8.25	11.50	15.75	2.25	8.75	0.00	4.00	0.00	0.25	0.75	2.00	4.25	1.25	0.00	3.00	-0.210449	0.130371	0.975098	6.510000	4.270000	1.540000	736.00	-0.195422	-0.144731	0.00	0.00	0.25	0.00	0.00	0.00	0.00	0.00	0.25	0.50	0.25	0.00	0.25	1.00	0.25	0.50	-0.003418	0.741211	0.964355	74.410004	359.730011	-146.509995	30.00	0.000000	0.000000
14.90	7.75	8.25	11.00	15.00	2.25	9.00	0.00	4.25	0.00	0.00	1.00	2.50	4.25	1.25	0.00	3.25	-0.213867	0.131836	0.977051	5.250000	3.990000	1.260000	733.00	-0.188110	-0.150300	0.00	0.00	0.25	0.00	0.00	0.00	0.00	0.00	0.25	0.00	0.00	0.00	0.25	0.75	0.00	0.00	0.164551	0.263184	1.470215	137.550003	365.540009	-159.949997	15.00	0.000000	0.000000
14.91	7.75	8.50	10.75	14.75	2.00	9.00	0.00	4.50	0.00	0.00	1.00	2.50	4.50	1.25	0.00	3.25	-0.213867	0.130371	0.974121	4.550000	3.850000	1.050000	733.00	-0.186427	-0.153950	0.00	0.00	0.25	0.00	0.00	0.00	0.00	0.00	0.00	0.00	0.00	0.00	0.00	0.25	0.00	0.00	-0.569336	1.138672	3.000000	211.050003	345.869995	-165.199997	5.00	0.000000	0.000000
14.92	7.50	8.00	10.25	14.00	2.25	9.00	0.00	4.50	0.00	0.25	1.00	2.50	4.50	1.25	0.00	3.00	-0.216797	0.125000	0.977539	3.920000	3.500000	1.050000	716.00	-0.181637	-0.153983	0.25	0.00	0.00	0.00	0.00	0.00	0.00	0.00	0.00	0.00	0.00	0.00	0.00	0.00	0.00	0.00	0.318848	0.979980	3.239746	222.040009	193.690002	-128.800003	3.00	0.000000	0.000000
14.93	7.25	7.75	10.00	13.50	2.25	9.00	0.00	4.50	0.00	0.25	1.00	3.00	4.50	1.25	0.00	3.00	-0.207520	0.140137	0.970215	3.150000	3.780000	0.770000	708.00	-0.176003	-0.156365	0.00	0.00	0.25	0.00	0.00	0.00	0.00	0.00	0.00	0.00	0.00	0.00	0.00	0.00	0.00	0.00	0.694824	0.496582	2.535645	161.490005	21.000000	-74.760002	3.00	0.000000	0.000000
14.94	6.75	7.75	9.50	13.25	2.00	8.75	0.00	4.75	0.00	0.00	1.25	3.00	4.25	1.25	0.00	3.25	-0.219238	0.132324	0.978027	2.730000	3.710000	0.840000	692.00	-0.172606	-0.161785	0.00	0.00	0.25	0.00	0.00	0.00	0.00	0.00	0.00	0.00	0.00	0.00	0.00	0.00	0.00	0.00	0.375000	0.378418	2.116211	36.400002	-113.190002	-11.900000	3.00	0.000000	0.000000
14.95	6.50	7.50	9.00	12.50	2.00	8.75	0.00	4.75	0.00	0.00	1.25	2.50	4.75	1.25	0.00	3.00	-0.209473	0.131348	0.974609	2.380000	3.780000	0.700000	671.00	-0.170566	-0.164709	0.00	0.00	0.00	0.00	0.00	0.00	0.00	0.00	0.00	0.00	0.00	0.00	0.00	0.25	0.00	0.00	0.175781	0.271484	1.315430	-82.389999	-185.779999	34.509998	2.00	0.000000	0.000000
14.96	6.25	7.25	8.25	11.50	2.00	8.50	0.00	4.75	0.00	0.25	1.00	3.00	4.75	1.75	0.00	3.25	-0.214844	0.133789	0.972656	2.590000	3.640000	0.700000	655.00	-0.157690	-0.165995	0.00	0.00	0.00	0.00	0.00	0.00	0.00	0.00	0.00	0.00	0.00	0.00	0.00	0.25	0.00	0.00	0.106445	0.343262	0.645996	-158.619995	-212.589996	62.020000	2.00	0.000000	0.000000
14.97	5.75	6.50	7.25	11.25	2.00	8.50	0.00	5.00	0.00	0.25	1.00	3.25	4.50	1.50	0.00	3.25	-0.203613	0.133301	0.963867	2.870000	4.550000	0.490000	631.00	-0.151009	-0.174550	0.25	0.00	0.00	0.00	0.00	0.00	0.00	0.00	0.00	0.00	0.00	0.00	0.00	0.25	0.00	0.00	0.051758	0.371094	0.405762	-149.589996	-209.300003	65.169998	5.00	0.000000	0.000000
14.98	5.25	6.50	6.75	10.50	2.00	8.00	0.00	5.25	0.00	0.50	1.50	3.25	4.75	1.50	0.00	3.50	-0.207031	0.140625	0.964355	3.080000	5.180000	0.140000	622.00	-0.138174	-0.178893	0.25	0.00	0.00	0.00	0.00	0.00	0.00	0.00	0.00	0.00	0.00	0.00	0.00	0.25	0.00	0.00	-0.001465	0.388672	0.256348	-113.889999	-198.800003	64.540001	5.00	0.000000	0.000000
14.99	5.25	6.00	6.25	9.50	1.75	8.00	0.00	5.00	0.00	0.25	1.75	3.50	4.75	1.50	0.25	3.50	-0.208984	0.132812	0.958496	3.430000	6.090000	-0.280000	599.00	-0.129106	-0.181259	0.00	0.00	0.00	0.00	0.00	0.00	0.00	0.00	0.00	0.00	0.00	0.00	0.00	0.25	0.00	0.00	-0.018066	0.358398	0.178223	-67.970001	-185.430008	61.599998	2.00	0.000000	0.000000
15.00	4.25	5.50	5.50	9.00	1.75	8.00	0.00	5.50	0.00	0.00	2.25	4.00	5.00	1.75	0.25	3.75	-0.213867	0.133789	0.960449	3.430000	6.720000	-0.350000	592.00	-0.108484	-0.194131	0.00	0.00	0.00	0.00	0.00	0.00	0.00	0.00	0.00	0.00	0.00	0.00	0.00	0.25	0.00	0.00	-0.050781	0.285645	0.236328	-21.700001	-173.110001	57.470001	2.00	0.000000	0.000000
15.01	3.25	5.25	5.00	8.50	1.50	7.50	0.00	5.75	0.00	0.75	2.50	4.25	5.50	1.75	0.25	4.00	-0.210449	0.136230	0.969727	3.850000	7.070000	-0.490000	583.00	-0.086951	-0.202728	0.00	0.00	0.00	0.00	0.00	0.00	0.00	0.00	0.00	0.00	0.00	0.00	0.00	0.25	0.00	0.00	-0.064941	0.141602	0.455078	18.690001	-167.649994	51.869999	2.00	0.000000	0.000000
15.02	2.75	5.00	4.75	8.00	1.50	7.50	0.00	5.75	0.00	0.50	2.75	4.75	5.75	2.50	0.25	4.25	-0.205078	0.138184	0.965820	3.920000	7.980000	-0.560000	582.00	-0.069985	-0.205521	0.25	0.00	0.25	0.00	0.00	0.00	0.00	0.00	0.00	0.00	0.00	0.00	0.00	0.00	0.00	0.00	-0.076172	0.069336	0.622070	17.780001	-174.720001	51.310001	5.00	0.000000	0.000000
15.03	3.00	4.50	4.50	7.50	1.50	7.50	0.00	5.75	0.00	0.75	3.25	5.25	5.75	2.50	0.50	4.25	-0.212402	0.131836	0.965332	3.990000	8.400000	-0.630000	587.00	-0.057127	-0.203925	0.00	0.00	0.00	0.00	0.00	0.00	0.00	0.00	0.00	0.00	0.00	0.00	0.00	0.00	0.00	0.00	-0.116211	0.057129	0.756348	-3.710000	-189.559998	53.410000	0.00	0.000000	0.000000
15.04	2.00	4.00	4.00	6.75	1.75	7.25	0.00	6.25	0.00	1.00	3.50	5.50	6.25	3.25	0.75	5.00	-0.215820	0.135742	0.967285	3.710000	8.190000	-0.630000	592.00	-0.026988	-0.209856	0.00	0.00	0.00	0.00	0.00	0.00	0.00	0.00	0.00	0.00	0.00	0.00	0.00	0.00	0.00	0.00	-0.169922	0.084961	0.814941	-35.070000	-208.669998	58.520000	0.00	0.000000	0.000000
15.05	1.50	3.00	3.25	5.75	1.50	7.00	0.00	6.50	0.00	1.25	4.25	5.75	7.00	3.50	0.75	5.25	-0.216797	0.131348	0.979004	3.150000	7.980000	-0.700000	579.00	0.002527	-0.219151	0.25	0.00	0.25	0.00	0.00	0.00	0.00	0.00	0.00	0.00	0.00	0.00	0.00	0.25	0.00	0.00	-0.215820	0.152832	0.823730	-63.279999	-226.940002	64.750000	8.00	0.000000	0.000000
15.06	1.25	2.75	3.25	5.75	1.50	6.75	0.00	6.75	0.00	1.50	5.00	6.25	7.50	3.50	1.00	5.25	-0.214355	0.140137	0.967285	3.150000	8.050000	-0.980000	598.00	0.015274	-0.220866	0.25	0.00	0.00	0.00	0.00	0.00	0.00	0.00	0.00	0.00	0.00	0.00	0.00	0.25	0.00	0.00	-0.273438	0.234863	0.785156	-78.959999	-241.990005	69.580002	5.00	0.000000	0.000000
15.07	1.25	2.75	3.25	5.25	1.50	7.00	0.00	7.00	0.00	1.50	5.50	7.00	7.75	4.00	1.00	5.50	-0.221680	0.144531	0.969238	3.150000	7.420000	-0.980000	620.00	0.025307	-0.220475	0.00	0.00	0.00	0.00	0.00	0.00	0.00	0.00	0.00	0.00	0.00	0.00	0.00	0.25	0.00	0.00	-0.338379	0.310547	0.764160	-76.019997	-256.339996	71.610001	2.00	0.000000	0.000000
15.08	1.00	2.25	2.50	5.00	1.50	6.75	0.00	7.00	0.00	1.50	5.75	7.75	8.50	4.50	1.00	5.75	-0.225586	0.148438	0.972656	3.360000	7.000000	-1.120000	622.00	0.044494	-0.226676	0.00	0.00	0.00	0.00	0.00	0.00	0.00	0.00	0.00	0.00	0.00	0.00	0.00	0.00	0.00	0.00	-0.375488	0.330078	0.773926	-62.650002	-261.730011	70.559998	0.00	0.000000	0.000000
15.09	0.25	2.00	2.50	4.50	1.25	6.75	0.00	7.00	0.00	1.75	6.25	8.25	8.75	5.00	1.25	6.00	-0.225586	0.146484	0.970215	3.710000	6.230000	-1.260000	627.00	0.064216	-0.228421	0.00	0.00	0.00	0.00	0.00	0.00	0.00	0.00	0.00	0.00	0.00	0.00	0.00	0.00	0.00	0.00	-0.390625	0.340332	0.814453	-46.759998	-265.160004	68.599998	0.00	0.000000	0.000000
15.10	0.25	2.00	2.25	3.75	1.25	6.25	0.00	7.00	0.00	2.50	6.75	8.75	9.25	5.75	1.50	6.50	-0.226074	0.150391	0.970703	4.060000	5.600000	-1.400000	645.00	0.083378	-0.222872	0.25	0.00	0.00	0.00	0.00	0.00	0.00	0.00	0.00	0.00	0.00	0.00	0.00	0.25	0.00	0.00	-0.418457	0.346191	0.871582	-32.200001	-266.839996	66.290001	5.00	0.000000	0.000000
15.11	0.50	2.25	2.00	3.25	1.50	6.25	0.00	7.25	0.00	2.75	7.00	9.25	9.75	6.25	1.75	6.50	-0.229492	0.145996	0.971680	4.060000	5.530000	-1.610000	670.00	0.088943	-0.219961	0.00	0.00	0.00	0.00	0.00	0.00	0.00	0.00	0.00	0.00	0.00	0.00	0.00	0.25	0.00	0.00	-0.438477	0.348633	0.962891	-21.980000	-267.750000	64.400002	2.00	0.000000	0.000000
15.12	0.25	1.75	1.50	3.50	1.50	6.25	0.00	7.25	0.00	3.25	7.50	10.00	10.25	6.50	2.00	6.75	-0.229492	0.145020	0.974609	4.130000	6.090000	-1.820000	689.00	0.102357	-0.221960	0.00	0.00	0.25	0.00	0.00	0.00	0.00	0.00	0.00	0.00	0.00	0.00	0.00	0.25	0.00	0.00	-0.493164	0.356445	1.031738	-16.450001	-269.290009	63.349998	5.00	0.000000	0.000000
15.13	0.25	1.50	1.50	2.50	1.50	5.75	0.00	7.25	0.00	3.25	8.00	10.50	10.50	7.25	2.25	6.75	-0.222656	0.147949	0.969238	4.200000	6.720000	-1.890000	692.00	0.118246	-0.217984	0.25	0.00	0.00	0.00	0.00	0.00	0.00	0.00	0.00	0.00	0.00	0.00	0.00	0.25	0.00	0.00	-0.538086	0.418945	1.175781	-17.430000	-272.369995	65.029999	5.00	0.000000	0.000000
15.14	0.00	1.25	1.25	2.50	1.00	5.75	0.00	7.00	0.00	3.25	8.50	11.00	10.75	7.75	2.50	7.00	-0.225586	0.148926	0.971680	4.340000	7.560000	-2.030000	696.00	0.131146	-0.219684	0.00	0.00	0.00	0.00	0.00	0.00	0.00	0.00	0.00	0.00	0.00	0.00	0.00	0.00	0.00	0.00	-0.566895	0.458008	1.287109	-12.460000	-276.920013	67.199997	0.00	0.000000	0.000000
15.15	0.25	0.50	1.25	2.00	1.00	5.50	0.00	7.00	0.00	4.00	9.00	11.50	11.00	8.25	2.50	6.75	-0.233398	0.152832	0.964355	4.340000	8.050000	-2.240000	707.00	0.142743	-0.213591	0.00	0.00	0.25	0.00	0.00	0.00	0.00	0.00	0.00	0.00	0.00	0.00	0.00	0.00	0.00	0.00	-0.579590	0.487305	1.359863	-5.880000	-282.029999	68.250000	3.00	0.000000	0.000000
15.16	0.50	0.75	1.00	1.25	1.00	5.00	0.00	7.00	0.25	4.00	9.75	12.25	11.25	9.00	2.75	7.25	-0.226074	0.152344	0.959473	4.410000	8.960000	-2.730000	728.00	0.153994	-0.207727	0.00	0.00	0.25	0.00	0.00	0.00	0.00	0.00	0.00	0.00	0.00	0.00	0.00	0.00	0.00	0.00	-0.606934	0.501953	1.449707	1.330000	-288.329987	68.949997	3.00	0.000000	0.000000
15.17	0.25	0.50	0.25	0.75	0.50	4.50	0.00	7.00	0.00	4.50	10.00	12.75	11.50	9.50	3.00	7.50	-0.222168	0.175781	0.959473	4.970000	9.520000	-3.360000	718.00	0.174253	-0.212652	0.00	0.00	0.00	0.00	0.00	0.00	0.00	0.00	0.00	0.00	0.00	0.00	0.00	0.25	0.00	0.00	-0.629395	0.522461	1.550781	7.350000	-294.630005	69.510002	2.00	0.000000	0.000000
15.18	0.25	0.50	0.00	0.50	0.50	4.00	0.00	7.00	0.00	5.00	10.75	13.25	11.75	10.25	3.00	7.50	-0.222656	0.159180	0.957520	5.670000	10.080000	-4.690000	734.00	0.183389	-0.208249	0.00	0.00	0.00	0.00	0.00	0.00	0.00	0.00	0.00	0.00	0.00	0.00	0.00	0.00	0.00	0.00	-0.663086	0.566895	1.709961	15.610000	-305.480011	72.239998	0.00	0.000000	0.000000
15.19	0.25	0.25	0.00	0.25	0.25	3.75	0.00	6.75	0.25	5.00	11.00	13.75	12.50	10.50	3.25	7.50	-0.231445	0.156738	0.973145	6.720000	10.990000	-5.880000	743.00	0.192336	-0.206967	0.00	0.00	0.00	0.00	0.00	0.00	0.00	0.00	0.00	0.00	0.00	0.00	0.00	0.00	0.00	0.00	-0.732422	0.610840	1.854980	22.330000	-312.549988	74.690002	0.00	0.000000	0.000000
15.20	0.25	0.50	0.00	0.25	0.00	3.25	0.00	6.75	0.25	5.25	11.25	14.50	12.75	11.25	3.25	7.50	-0.236816	0.137207	0.987305	7.980000	13.090000	-5.810000	758.00	0.196337	-0.204507																									
15.21	0.25	0.50	0.25	0.25	0.00	3.25	0.00	6.50	0.25	5.25	12.00	14.75	13.25	12.00	3.25	7.50	-0.225586	0.142090	0.991211	8.470000	18.549999	-4.480000	779.00	0.197665	-0.200250	0.00	0.00	0.00	0.00	0.00	0.00	0.00	0.00	0.00	0.00	0.00	0.00	0.00	0.00	0.00	0.00	-0.825684	0.646484	1.958984	27.580000	-319.480011	78.610001	0.00	0.000000	0.000000
15.22	0.00	0.25	0.00	0.25	0.00	2.75	0.00	6.50	0.25	5.50	12.50	14.75	13.50	12.25	3.50	7.75	-0.252441	0.147461	0.972656	9.730000	21.840000	-4.760000	782.00	0.207385	-0.199954	0.00	0.00	0.25	0.00	0.00	0.00	0.00	0.00	0.00	0.00	0.00	0.00	0.00	0.00	0.00	0.00	-0.968750	0.696289	2.051270	28.980000	-325.640015	83.510002	3.00	0.000000	0.000000
15.23	0.00	0.25	0.00	0.25	0.00	2.50	0.00	6.00	0.50	5.75	12.75	15.25	13.25	12.75	3.50	8.00	-0.250977	0.148438	0.982422	11.830000	25.969999	-4.130000	788.00	0.212592	-0.192806	0.00	0.00	0.25	0.00	0.00	0.00	0.00	0.00	0.00	0.00	0.00	0.00	0.00	0.00	0.00	0.00	-1.146973	0.750977	2.126465	27.860001	-329.630005	89.879997	3.00	0.000000	0.000000
15.24	0.25	0.25	0.25	0.25	0.00	2.00	0.00	5.75	0.50	5.75	13.00	16.25	13.25	13.25	3.50	8.00	-0.253906	0.166992	0.972168	13.510000	28.490000	-3.710000	802.00	0.213517	-0.188492	0.00	0.00	0.00	0.00	0.00	0.00	0.00	0.00	0.00	0.00	0.00	0.00	0.00	0.00	0.00	0.00	-1.386230	0.804199	2.127441	27.440001	-331.450012	97.090004	0.00	0.000000	0.000000
15.25	0.00	0.25	0.25	0.25	0.00	2.00	0.00	5.75	0.50	5.75	13.75	16.50	13.50	14.25	3.75	7.75	-0.260742	0.156250	0.971191	14.070000	30.450001	-3.500000	822.00	0.217889	-0.185459	0.00	0.00	0.00	0.00	0.00	0.00	0.00	0.00	0.00	0.00	0.00	0.00	0.00	0.00	0.00	0.00	-1.731445	0.685547	1.965332	56.980000	-325.500000	104.019997	0.00	0.000000	0.000000
15.26	0.00	0.25	0.00	0.25	0.00	1.50	0.00	5.75	0.50	6.00	13.75	16.25	14.00	14.75	4.00	7.75	-0.263672	0.161621	0.965820	15.470000	32.970001	-3.710000	825.00	0.223433	-0.183924	0.00	0.00	0.00	0.00	0.00	0.00	0.00	0.00	0.00	0.00	0.00	0.00	0.00	0.00	0.00	0.00	-1.961914	0.550293	1.797852	93.029999	-314.089996	99.680000	0.00	0.000000	0.000000
15.27	0.00	0.25	0.00	0.25	0.00	1.25	0.00	5.25	0.50	6.25	14.25	17.00	14.25	15.00	4.50	7.75	-0.266602	0.170410	0.965820	16.309999	35.840000	-3.990000	840.00	0.228197	-0.180772	0.00	0.00	0.00	0.00	0.00	0.00	0.00	0.00	0.00	0.00	0.00	0.00	0.00	0.00	0.00	0.00	-2.151855	0.370605	1.573242	121.239998	-295.610016	91.559998	0.00	0.000000	0.000000
15.28	0.00	0.25	0.00	0.25	0.00	0.75	0.00	5.00	0.50	6.75	15.00	17.50	14.75	16.00	4.50	8.00	-0.274902	0.162109	0.967773	16.730000	38.430000	-4.690000	863.00	0.233316	-0.175980	0.00	0.00	0.00	0.00	0.00	0.00	0.00	0.00	0.00	0.00	0.00	0.00	0.00	0.00	0.00	0.00	-2.263184	0.167480	1.298340	135.800003	-271.390015	83.510002	0.00	0.000000	0.000000
15.29	0.00	0.25	0.00	0.25	0.00	0.50	0.00	4.25	0.75	7.00	15.25	17.50	15.00	16.75	4.50	8.25	-0.271484	0.183105	0.977539	17.780001	42.840000	-5.320000	867.00	0.239205	-0.168563	0.00	0.00	0.00	0.00	0.00	0.00	0.00	0.00	0.00	0.00	0.00	0.00	0.00	0.00	0.00	0.00	-2.311523	-0.027344	0.965332	138.110001	-243.250000	76.580002	0.00	0.000000	0.000000
15.30	0.00	0.00	0.00	0.00	0.00	0.25	0.00	4.25	0.75	7.00	15.75	18.50	15.25	17.25	4.25	8.00	-0.280762	0.201660	0.988281	19.809999	50.959999	-7.070000	878.00	0.243297	-0.168357	0.00	0.00	0.00	0.00	0.00	0.00	0.00	0.00	0.00	0.00	0.00	0.00	0.00	0.00	0.00	0.00	-2.453125	-0.327637	0.528320	135.800003	-193.410004	69.300003	0.00	0.000000	0.000000
15.31	0.00	0.00	0.00	0.25	0.00	0.25	0.00	4.00	0.75	7.25	16.50	19.00	15.50	18.75	5.00	8.25	-0.301758	0.167969	0.985352	20.370001	57.260002	-8.120000	917.00	0.246184	-0.162568	0.00	0.00	0.00	0.00	0.00	0.00	0.00	0.00	0.00	0.00	0.00	0.00	0.00	0.00	0.00	0.00	-2.649902	-0.474121	0.276367	126.489998	-158.690002	58.170002	0.00	0.000000	0.000000
15.32	0.00	0.00	0.00	0.25	0.00	0.25	0.00	3.75	1.25	7.75	17.25	19.75	15.25	20.00	5.25	8.50	-0.309082	0.208008	0.990234	20.090000	63.700001	-8.260000	953.00	0.249407	-0.153647	0.00	0.00	0.00	0.00	0.00	0.00	0.00	0.00	0.00	0.00	0.00	0.00	0.00	0.00	0.00	0.00	-2.885254	-0.586426	0.085449	104.440002	-125.020004	38.290001	0.00	0.000000	0.000000
15.33	0.00	0.00	0.00	0.00	0.00	0.25	0.00	3.50	1.00	8.00	17.50	20.00	15.25	21.25	5.00	9.00	-0.330566	0.188965	0.993652	20.160000	71.190002	-9.660000	962.00	0.253433	-0.150636	0.00	0.00	0.00	0.00	0.00	0.00	0.00	0.00	0.00	0.00	0.00	0.00	0.00	0.00	0.00	0.00	-3.033203	-0.645996	-0.098145	71.959999	-88.760002	11.970000	0.00	0.000000	0.000000
15.34	0.00	0.00	0.00	0.00	0.00	0.25	0.00	3.00	1.25	8.50	17.50	20.00	14.50	21.50	5.00	9.00	-0.338867	0.204590	1.013672	20.860001	78.889999	-10.570000	958.00	0.256404	-0.143267	0.00	0.00	0.00	0.00	0.00	0.00	0.00	0.00	0.00	0.00	0.00	0.00	0.00	0.00	0.00	0.00	-3.023438	-0.670898	-0.204590	35.700001	-46.270000	-15.890000	0.00	0.000000	0.000000
15.35	0.00	0.00	0.00	0.00	0.00	0.25	0.00	2.50	2.25	9.00	18.50	20.00	14.25	22.75	5.50	9.50	-0.356445	0.214844	1.011230	22.680000	87.570000	-11.830000	996.00	0.260996	-0.130530	0.00	0.00	0.25	0.00	0.00	0.00	0.00	0.00	0.00	0.00	0.00	0.00	0.00	0.00	0.00	0.00	-4.609863	-1.196777	-0.230469	-17.850000	-10.710000	-40.459999	3.00	0.000000	0.000000
15.36	0.00	0.00	0.00	0.00	0.00	0.00	0.00	2.50	2.00	9.50	18.25	20.25	13.50	24.50	5.50	9.75	-0.371582	0.202637	1.047363	21.559999	103.180000	-16.309999	1005.00	0.264951	-0.124463	0.00	0.00	0.50	0.00	0.00	0.00	0.00	0.00	0.00	0.00	0.00	0.00	0.00	0.00	0.00	0.00	-2.165039	-0.491699	-0.917969	-224.839996	216.020004	-47.880001	6.00	0.000000	0.000000
15.37	0.00	0.00	0.00	0.00	0.00	0.25	0.00	2.00	2.25	10.00	18.00	19.25	13.00	25.50	6.00	10.00	-0.377930	0.212891	1.032715	15.050000	115.360001	-17.500000	1006.00	0.269014	-0.114828	0.75	0.75	0.75	0.50	0.00	0.00	0.00	0.00	0.00	0.00	0.00	0.00	0.00	0.00	0.00	0.00	0.200195	0.310547	1.249023	-227.850006	286.160004	-56.630001	29.00	0.000000	0.000000
15.38	0.00	0.00	0.00	0.00	0.00	0.00	0.00	1.75	2.50	10.25	18.50	19.25	12.25	26.50	6.25	10.25	-0.401367	0.199219	0.978516	15.120000	126.139999	-19.110001	1017.00	0.273179	-0.107178	3.25	3.75	2.00	1.00	0.00	0.00	0.00	0.00	0.00	0.00	0.00	0.00	0.00	0.00	0.00	0.00	-0.202148	0.324219	2.473633	-202.930008	241.919998	-29.610001	101.00	-0.365065	-0.025135
15.39	0.00	0.00	0.00	0.00	0.00	0.00	0.00	1.75	2.25	10.50	18.25	19.25	11.25	27.00	6.50	11.00	-0.437012	0.225586	1.012207	15.890000	140.139999	-19.809999	1016.00	0.275434	-0.104492	5.50	6.00	3.25	3.00	0.00	0.00	0.00	0.00	0.00	0.00	0.00	0.00	0.00	0.00	0.00	0.00	-0.084473	0.264648	1.237793	-112.699997	192.500000	7.910000	181.00	-0.358854	-0.039404
15.40	0.00	0.00	0.00	0.00	0.00	0.00	0.00	1.50	2.75	11.00	17.75	18.50	11.00	26.75	6.50	11.50	-0.456543	0.235352	1.012695	17.150000	157.360001	-21.770000	1009.00	0.277172	-0.098918	7.00	7.50	4.50	5.00	0.00	0.00	0.00	0.00	0.00	0.00	0.00	0.00	0.00	0.00	0.00	0.00	-0.147461	-0.264160	0.431641	-98.419998	196.139999	17.080000	247.00	-0.353275	-0.046392
15.41	0.00	0.00	0.00	0.00	0.00	0.00	0.00	1.50	2.75	11.25	17.75	17.50	10.00	26.25	6.50	11.50	-0.477051	0.237793	1.066406	17.430000	178.919998	-25.410000	988.00	0.278183	-0.094401	8.50	8.50	5.75	5.75	0.00	0.00	0.00	0.00	0.00	0.00	0.00	0.00	0.00	0.00	0.00	0.00	-0.270508	-0.369141	1.004883	-72.870003	243.529999	18.830000	293.00	-0.351901	-0.040491
15.42	0.00	0.00	0.00	0.00	0.00	0.00	0.00	1.25	2.75	11.50	17.75	17.25	9.00	25.25	6.25	11.50	-0.511230	0.269043	1.148926	17.290001	203.139999	-29.680000	964.00	0.278852	-0.091386	9.75	9.25	6.50	6.00	0.00	0.00	0.00	0.00	0.00	0.00	0.00	0.00	0.00	0.00	0.00	0.00	-0.626953	-0.592773	1.724121	-21.629999	225.610001	13.930000	324.00	-0.352560	-0.035420
15.43	0.00	0.00	0.00	0.00	0.00	0.00	0.00	1.00	2.75	11.50	16.75	16.25	8.50	23.25	6.25	11.00	-0.604004	0.411133	1.195801	22.400000	246.889999	-40.459999	915.00	0.279277	-0.090097	10.75	10.00	6.50	7.00	0.00	0.00	0.00	0.00	0.00	0.00	0.00	0.00	0.00	0.00	0.00	0.00	-0.498535	-0.666016	1.482422	-6.300000	205.380005	-10.500000	353.00	-0.353289	-0.039639
15.44	0.00	0.00	0.00	0.00	0.00	0.00	0.00	1.00	2.75	11.25	15.25	14.75	8.00	21.25	6.00	10.75	-0.605957	0.439941	1.512207	30.380001	281.540009	-53.270000	856.00	0.279083	-0.089410	11.25	10.75	7.25	7.75	0.00	0.00	0.00	0.00	0.00	0.00	0.00	0.00	0.00	0.00	0.00	0.00	-0.375977	-0.348145	1.138672	-22.049999	198.520004	-45.220001	381.00	-0.351772	-0.041082
15.45	0.00	0.00	0.00	0.00	0.00	0.00	0.00	1.25	2.75	10.75	13.50	12.75	7.50	18.75	5.75	9.50	-0.648926	0.332031	1.638184	30.520000	309.820007	-66.500000	780.00	0.276940	-0.089002	12.25	11.75	9.25	9.75	0.00	0.25	0.00	0.00	0.00	0.00	0.00	0.00	0.00	0.00	0.00	0.00	-3.166504	0.684082	4.485840	-0.980000	221.619995	-53.619999	448.00	-0.345641	-0.044103
15.46	0.00	0.00	0.00	0.00	0.00	0.00	0.00	1.25	2.75	9.75	11.50	10.75	6.75	16.00	4.50	8.00	-0.915527	0.389648	1.754883	16.940001	334.179993	-75.809998	676.00	0.274042	-0.087154	13.00	12.00	12.75	12.00	0.50	2.50	0.25	0.25	0.00	0.00	0.00	0.00	0.00	0.00	0.00	0.00	-0.304199	-2.406738	1.970703	-37.660000	131.740005	14.140000	559.00	-0.322787	-0.050549
15.47	0.00	0.00	0.00	0.00	0.00	0.00	0.00	1.25	2.50	8.50	8.75	8.50	5.75	14.00	3.75	6.25	-0.903809	0.631836	1.769531	37.939999	360.500000	-81.690002	564.00	0.274292	-0.080990	12.75	11.50	13.50	12.50	1.00	4.00	0.25	1.00	0.00	0.00	0.00	0.00	0.25	0.00	0.00	0.00	-0.110840	-0.329590	0.593262	12.670000	57.189999	12.110000	601.00	-0.306503	-0.062966
15.48	0.00	0.00	0.00	0.00	0.00	0.00	0.00	0.75	2.00	6.50	5.75	6.25	4.50	11.25	3.00	4.50	-1.351562	0.641602	2.202637	36.540001	392.420013	-92.820000	422.00	0.279353	-0.072692	11.50	10.50	13.00	12.25	1.25	5.00	0.25	1.00	0.00	0.00	0.00	0.25	0.50	0.00	0.00	0.00	-0.284668	-0.012207	1.409180	-0.140000	50.400002	7.420000	589.00	-0.295379	-0.071618
15.49	0.00	0.00	0.00	0.00	0.00	0.00	0.00	0.50	1.50	4.50	2.50	3.00	3.50	8.00	1.75	3.00	-0.862305	0.783203	2.030762	63.279999	406.630005	-95.830002	265.00	0.284173	-0.058563	10.50	10.25	13.00	12.00	2.00	5.50	0.00	1.50	0.00	0.00	0.25	0.50	1.25	0.00	0.00	0.00	-0.180176	0.059082	0.992188	10.010000	36.540001	6.370000	603.00	-0.278798	-0.085045
15.50	0.00	0.00	0.00	0.00	0.00	0.00	0.00	0.00	1.25	3.00	1.50	1.50	2.00	5.00	0.50	1.50	-0.973145	1.134277	2.226562	73.709999	417.829987	-119.209999	152.00	0.289520	-0.022592	10.00	10.00	13.25	12.25	2.25	6.00	0.25	2.00	0.00	0.00	0.50	0.75	1.50	0.25	0.00	0.00	-0.245605	0.150391	1.113770	10.570000	32.480000	6.510000	630.00	-0.262102	-0.090311
15.51	0.00	0.00	0.00	0.00	0.00	0.00	0.00	0.00	0.75	1.25	1.25	1.00	0.75	2.50	0.25	0.75	-1.058594	1.252441	1.757324	133.630005	412.579987	-132.020004	81.00	0.286815	-0.022555	9.75	10.00	14.00	12.25	3.00	6.50	0.00	2.25	0.00	0.00	0.50	1.00	1.75	0.75	0.00	0.25	-0.255371	0.099609	1.017090	8.190000	16.170000	3.430000	660.00	-0.250574	-0.092845
15.52	0.00	0.00	0.00	0.00	0.00	0.00	0.00	0.00	0.50	1.00	1.25	1.00	0.50	1.25	0.50	0.50	-0.466309	0.733887	2.170898	163.800003	403.549988	-155.680008	64.00	0.276586	-0.056183	10.25	10.25	13.75	12.25	3.25	6.75	0.00	2.25	0.00	0.25	0.75	1.25	2.00	1.00	0.00	0.75	-0.263672	0.191895	1.060059	4.060000	11.130000	1.890000	685.00	-0.240069	-0.093882
15.53	0.00	0.00	0.00	0.00	0.00	0.00	0.00	0.25	0.25	1.00	0.75	0.75	0.50	1.50	0.50	0.50	-0.430176	0.626465	1.582520	166.320007	378.489990	-172.759995	58.00	0.271565	-0.071892	10.50	9.75	13.75	12.25	3.75	6.75	0.00	2.25	0.00	0.50	0.75	1.50	2.25	1.50	0.00	1.00	-0.246582	0.145508	0.990234	1.050000	5.740000	1.540000	702.00	-0.228759	-0.091532
15.54	0.00	0.00	0.00	0.00	0.00	0.00	0.00	0.00	0.25	1.00	0.50	0.50	0.50	1.00	0.25	0.50	-0.094727	0.638184	1.649902	163.029999	365.959991	-191.169998	42.00	0.000000	0.000000	10.25	9.75	13.75	12.25	3.75	6.75	0.25	2.50	0.00	0.50	1.00	1.50	2.25	1.50	0.00	1.00	-0.233887	0.156738	0.973633	1.330000	5.250000	1.540000	709.00	-0.223634	-0.092179
15.55	0.00	0.00	0.00	0.00	0.00	0.00	0.00	0.00	0.25	0.25	0.50	0.75	0.50	1.00	0.00	0.25	0.798828	0.117676	1.327148	202.160004	324.660004	-216.440002	33.00	0.000000	0.000000	10.25	9.75	13.25	12.00	4.00	6.75	0.25	2.75	0.00	0.50	1.25	1.75	2.25	1.75	0.00	1.25	-0.239746	0.149902	0.973633	1.680000	4.970000	1.470000	716.00	-0.215330	-0.094542
15.56	0.00	0.00	0.00	0.00	0.00	0.00	0.00	0.00	0.00	0.50	0.00	0.25	0.00	0.50	0.00	0.00	-0.305176	1.157227	3.116699	237.509995	285.739990	-244.020004	12.00	0.000000	0.000000	10.00	9.25	13.00	11.75	4.00	7.00	0.25	3.00	0.00	0.75	1.25	1.75	2.50	2.50	0.00	1.75	-0.242188	0.153320	0.976562	1.610000	5.670000	1.400000	724.00	-0.201117	-0.096211
15.57	0.00	0.00	0.00	0.00	0.00	0.00	0.00	0.00	0.00	0.00	0.00	0.00	0.00	0.25	0.00	0.00	0.959473	0.736328	3.016602	203.279999	101.500000	-220.290009	2.00	0.000000	0.000000	9.75	9.25	12.50	11.50	4.25	7.00	0.00	3.25	0.00	0.75	1.75	1.75	2.75	2.75	0.25	1.75	-0.236328	0.157227	0.990723	1.610000	5.320000	1.190000	728.00	-0.191606	-0.100968
15.58	0.00	0.00	0.00	0.00	0.00	0.00	0.00	0.00	0.00	0.00	0.00	0.25	0.00	0.00	0.00	0.00	0.792480	0.582520	2.463867	136.850006	-62.020000	-164.289993	3.00	0.000000	0.000000	9.25	9.25	12.00	11.00	4.25	7.00	0.00	3.50	0.00	1.00	1.75	2.00	2.75	2.50	0.00	2.00	-0.241211	0.153320	0.989258	1.260000	4.130000	0.840000	717.00	-0.187725	-0.105972
15.59	0.00	0.00	0.00	0.00	0.00	0.00	0.00	0.00	0.00	0.00	0.00	0.00	0.00	0.00	0.00	0.00	0.514648	0.413086	2.026855	13.090000	-184.520004	-92.540001	0.00	0.000000	0.000000	8.75	8.50	11.75	10.50	4.00	7.00	0.00	3.50	0.00	1.00	1.75	2.00	3.00	2.50	0.00	2.00	-0.249023	0.157715	0.995605	1.120000	3.360000	0.630000	697.00	-0.181890	-0.108583
15.60	0.00	0.00	0.00	0.00	0.00	0.00	0.00	0.00	0.00	0.00	0.25	0.00	0.00	0.25	0.00	0.00	0.326660	0.400391	1.301758	-97.160004	-247.309998	-42.139999	5.00	0.000000	0.000000	8.50	8.00	11.00	10.25	4.00	7.00	0.25	3.50	0.00	1.00	1.75	2.00	3.00	2.75	0.25	2.25	-0.242676	0.158691	0.996582	1.400000	2.380000	0.700000	688.00	-0.171440	-0.108444
15.61	0.00	0.00	0.00	0.00	0.00	0.00	0.00	0.00	0.00	0.00	0.00	0.00	0.00	0.25	0.00	0.00	0.225586	0.441406	0.896484	-147.419998	-270.269989	-14.980000	2.00	0.000000	0.000000	8.50	8.00	10.50	10.00	3.75	7.00	0.25	3.50	0.00	1.00	2.00	2.25	3.00	2.75	0.00	2.25	-0.246094	0.157227	0.985352	1.820000	1.750000	0.700000	680.00	-0.169621	-0.111139
15.62	0.00	0.00	0.00	0.00	0.00	0.00	0.00	0.00	0.00	0.25	0.00	0.00	0.00	0.50	0.00	0.00	0.158691	0.469238	0.626953	-143.220001	-274.470001	-3.080000	7.00	0.000000	0.000000	7.75	7.75	10.00	9.50	3.75	6.75	0.25	3.50	0.00	1.00	2.00	2.25	2.75	2.50	0.00	2.25	-0.245605	0.159180	0.983398	2.170000	1.190000	0.700000	652.00	-0.167252	-0.113427
15.63	0.00	0.00	0.00	0.00	0.00	0.00	0.00	0.00	0.00	0.00	0.00	0.00	0.00	0.50	0.00	0.00	0.089844	0.438477	0.348145	-86.169998	-262.220001	0.350000	4.00	0.000000	0.000000	7.50	7.50	9.25	9.25	3.50	6.75	0.25	3.50	0.00	1.00	2.00	2.25	2.75	2.50	0.25	2.50	-0.239258	0.156250	0.976562	2.380000	0.700000	0.350000	637.00	-0.160262	-0.117376
15.64	0.00	0.00	0.00	0.00	0.00	0.00	0.00	0.00	0.00	0.00	0.00	0.00	0.00	0.50	0.00	0.00	0.077637	0.387207	0.309570	-38.009998	-247.729996	-0.700000	4.00	0.000000	0.000000	6.50	7.25	8.25	8.75	3.25	6.50	0.00	3.50	0.00	1.00	1.75	2.25	3.00	2.50	0.00	2.50	-0.244141	0.160645	0.971191	2.100000	0.700000	0.140000	595.00	-0.156633	-0.127826
15.65	0.00	0.00	0.00	0.00	0.00	0.00	0.00	0.00	0.00	0.00	0.00	0.00	0.00	0.50	0.00	0.00	0.059082	0.310547	0.366699	0.280000	-233.729996	0.350000	4.00	0.000000	0.000000	6.50	7.00	8.00	8.00	3.25	6.25	0.00	3.50	0.00	0.50	1.75	2.25	2.75	2.25	0.00	2.25	-0.238281	0.158691	0.971680	1.820000	1.190000	-0.070000	568.00	-0.161417	-0.127818
15.66	0.00	0.00	0.00	0.00	0.00	0.00	0.00	0.00	0.00	0.00	0.00	0.00	0.00	0.50	0.00	0.00	0.023926	0.243652	0.500977	15.960000	-224.699997	4.550000	4.00	0.000000	0.000000	6.50	6.25	7.50	8.00	2.75	6.00	0.00	3.50	0.00	0.50	1.75	2.25	3.00	2.25	0.25	2.25	-0.235352	0.158691	0.966309	1.330000	1.750000	-0.210000	552.00	-0.153571	-0.131790
15.67	0.00	0.00	0.00	0.00	0.00	0.00	0.00	0.00	0.00	0.00	0.00	0.00	0.00	0.50	0.00	0.00	0.002441	0.237305	0.661621	9.800000	-221.970001	12.880000	4.00	0.000000	0.000000	5.75	6.00	6.75	7.25	2.50	5.75	0.00	3.25	0.25	0.75	2.00	2.25	3.00	2.25	0.25	2.50	-0.241699	0.161621	0.965332	1.050000	2.240000	-0.280000	526.00	-0.138328	-0.132546
15.68	0.00	0.00	0.00	0.00	0.00	0.00	0.00	0.00	0.00	0.00	0.00	0.00	0.00	0.25	0.00	0.00	-0.014160	0.268066	0.808105	-9.730000	-226.029999	25.129999	2.00	0.000000	0.000000	5.25	6.25	6.75	7.00	2.75	5.75	0.00	3.25	0.00	0.50	2.25	2.25	3.25	2.00	0.50	2.50	-0.244141	0.154297	0.968262	0.700000	2.450000	-0.210000	523.00	-0.136832	-0.139394
15.69	0.00	0.00	0.00	0.00	0.00	0.00	0.00	0.00	0.00	0.00	0.00	0.00	0.00	0.00	0.00	0.00	-0.069824	0.343262	0.936035	-30.170000	-237.089996	39.410000	0.00	0.000000	0.000000	5.25	6.25	6.50	6.75	2.75	5.75	0.00	3.50	0.00	0.50	2.25	2.50	3.25	2.25	0.25	2.25	-0.244629	0.158691	0.971191	0.910000	2.450000	-0.140000	522.00	-0.134496	-0.141338
15.70	0.00	0.00	0.00	0.00	0.00	0.00	0.00	0.00	0.00	0.00	0.00	0.00	0.00	0.25	0.00	0.00	-0.129883	0.456543	1.032715	-39.060001	-261.869995	58.939999	2.00	0.000000	0.000000	5.25	6.25	6.25	6.50	2.25	5.50	0.00	3.75	0.00	0.75	2.25	2.50	3.50	2.25	0.25	2.25	-0.246094	0.156250	0.967773	1.470000	2.380000	-0.210000	517.00	-0.128920	-0.145755
15.71	0.00	0.00	0.00	0.00	0.00	0.00	0.00	0.00	0.00	0.00	0.00	0.00	0.00	0.25	0.00	0.00	-0.208008	0.494629	1.042480	-27.090000	-278.390015	67.830002	2.00	0.000000	0.000000	5.00	5.75	6.25	6.50	2.25	5.50	0.00	3.75	0.00	0.75	2.75	2.75	3.50	2.75	0.25	2.25	-0.244629	0.157715	0.970215	1.680000	2.240000	-0.070000	522.00	-0.115333	-0.144655
15.72	0.00	0.00	0.00	0.00	0.00	0.00	0.00	0.00	0.00	0.00	0.00	0.00	0.00	0.00	0.00	0.00	-0.284668	0.495117	1.048828	-7.000000	-291.760010	73.360001	0.00	0.000000	0.000000	5.00	5.75	5.75	6.50	2.25	5.50	0.00	3.75	0.00	0.75	2.75	2.75	3.75	2.50	0.25	2.25	-0.246582	0.160645	0.969238	1.820000	2.450000	-0.210000	516.00	-0.114691	-0.149845
15.73	0.00	0.00	0.00	0.00	0.00	0.00	0.00	0.00	0.00	0.00	0.00	0.00	0.00	0.00	0.00	0.00	-0.370117	0.459961	1.069336	13.090000	-300.089996	75.599998	0.00	0.000000	0.000000	5.00	5.50	5.75	6.25	2.25	5.50	0.00	4.00	0.00	1.00	3.00	2.75	4.00	2.50	0.50	2.50	-0.239258	0.158203	0.969238	1.540000	2.870000	-0.350000	526.00	-0.103272	-0.151276
15.74	0.00	0.00	0.00	0.00	0.00	0.00	0.00	0.00	0.00	0.00	0.00	0.00	0.00	0.00	0.00	0.00	-0.430176	0.426270	1.094727	28.350000	-304.360016	75.879997	0.00	0.000000	0.000000	5.00	5.50	5.50	6.25	2.25	5.50	0.00	4.25	0.25	1.00	3.25	3.25	3.75	2.50	0.25	2.50	-0.241211	0.159668	0.968262	1.050000	3.150000	-0.350000	534.00	-0.098501	-0.151969
15.75	0.00	0.00	0.00	0.00	0.00	0.00	0.00	0.00	0.00	0.00	0.00	0.00	0.00	0.00	0.00	0.00	-0.504883	0.425293	1.154297	39.619999	-305.899994	74.340004	0.00	0.000000	0.000000	4.25	5.50	5.50	6.00	2.50	5.50	0.00	4.25	0.25	1.25	3.50	3.50	4.00	2.50	0.25	2.75	-0.244141	0.157715	0.971191	0.420000	3.430000	-0.490000	537.00	-0.086301	-0.155415
15.76	0.00	0.00	0.00	0.00	0.00	0.00	0.00	0.00	0.00	0.00	0.00	0.00	0.00	0.25	0.00	0.00	-0.606934	0.448242	1.252441	55.650002	-305.970001	71.050003	2.00	0.000000	0.000000	4.50	5.75	5.50	6.00	2.50	5.50	0.00	4.50	0.25	1.50	3.75	4.00	4.25	3.00	0.50	3.00	-0.243164	0.161621	0.965820	-0.070000	3.780000	-0.630000	567.00	-0.074824	-0.154661
15.77	0.00	0.00	0.00	0.00	0.00	0.00	0.00	0.00	0.00	0.00	0.00	0.00	0.00	0.25	0.00	0.00	-0.684570	0.494141	1.342285	63.700001	-303.940002	70.489998	2.00	0.000000	0.000000	4.25	5.25	5.25	6.00	2.75	5.50	0.00	4.50	0.00	1.50	4.25	4.00	4.50	3.00	0.50	2.75	-0.245605	0.158691	0.975098	-0.490000	3.920000	-0.630000	562.00	-0.069051	-0.158870
15.78	0.00	0.00	0.00	0.00	0.00	0.00	0.00	0.00	0.00	0.00	0.00	0.00	0.00	0.00	0.00	0.00	-0.756836	0.518555	1.392578	74.059998	-300.720001	71.050003	0.00	0.000000	0.000000	3.50	5.25	5.25	5.75	2.75	5.50	0.00	4.75	0.25	1.75	4.50	4.25	4.50	3.50	0.75	2.75	-0.248047	0.158203	0.967285	-0.910000	4.060000	-0.700000	574.00	-0.051471	-0.157824
15.79	0.00	0.00	0.00	0.00	0.00	0.00	0.00	0.00	0.00	0.00	0.00	0.00	0.00	0.00	0.00	0.00	-0.836914	0.558594	1.490723	81.620003	-297.360016	75.040001	0.00	0.000000	0.000000	3.25	5.25	5.25	5.50	2.50	5.50	0.00	4.75	0.25	2.00	4.50	4.50	4.75	4.25	0.75	3.00	-0.254395	0.164551	0.967773	-1.260000	3.990000	-0.700000	581.00	-0.039063	-0.157172
15.80	0.00	0.00	0.00	0.00	0.00	0.00	0.00	0.00	0.00	0.00	0.00	0.00	0.00	0.00	0.00	0.00	-0.932129	0.609375	1.604492	84.629997	-294.489990	82.250000	0.00	0.000000	0.000000	3.25	5.00	5.00	5.50	2.75	5.50	0.00	4.75	0.25	2.25	5.00	4.50	5.50	5.25	1.00	3.00	-0.250977	0.156250	0.966309	-1.400000	3.920000	-0.700000	604.00	-0.022907	-0.154205
15.81	0.00	0.00	0.00	0.00	0.00	0.00	0.00	0.00	0.00	0.00	0.00	0.00	0.00	0.00	0.00	0.00	-1.040039	0.661621	1.731445	83.720001	-292.809998	93.379997	0.00	0.000000	0.000000	3.25	4.75	5.00	5.25	2.75	5.50	0.00	5.00	0.25	2.25	5.25	5.25	5.75	5.25	0.75	3.25	-0.250488	0.162109	0.971191	-1.610000	3.710000	-0.700000	614.00	-0.016465	-0.158715
15.82	0.00	0.00	0.00	0.00	0.00	0.00	0.00	0.00	0.00	0.00	0.00	0.00	0.00	0.00	0.00	0.00	-1.145508	0.727539	1.832031	79.379997	-291.339996	108.150002	0.00	0.000000	0.000000	3.50	5.00	4.75	5.00	2.75	5.50	0.00	5.00	0.50	2.75	6.00	5.50	5.75	5.75	0.75	3.50	-0.257324	0.159668	0.983887	-1.400000	3.010000	-0.770000	638.00	-0.006154	-0.152546
15.83	0.00	0.00	0.00	0.00	0.00	0.00	0.00	0.00	0.00	0.00	0.00	0.00	0.00	0.00	0.00	0.00	-1.341797	0.819824	1.979980	74.129997	-285.809998	133.139999	0.00	0.000000	0.000000	3.25	4.50	4.25	5.00	2.75	5.25	0.00	5.25	0.50	3.25	6.00	5.75	6.25	6.00	0.75	3.75	-0.250000	0.156250	0.974609	-0.840000	3.080000	-0.700000	642.00	0.007455	-0.156678
15.84	0.00	0.00	0.00	0.00	0.00	0.00	0.00	0.00	0.00	0.00	0.00	0.00	0.00	0.00	0.00	0.00	-1.518555	0.871582	2.036133	80.290001	-281.049988	149.100006	0.00	0.000000	0.000000	1.75	3.75	3.50	4.75	2.75	5.25	0.00	5.25	0.25	3.25	6.50	6.25	6.75	6.75	1.25	3.75	-0.251465	0.158203	0.976562	0.070000	3.150000	-0.980000	632.00	0.037820	-0.167206
15.85	0.00	0.00	0.00	0.00	0.00	0.00	0.00	0.00	0.00	0.00	0.00	0.00	0.00	0.00	0.00	0.00	-1.720215	0.875977	2.117188	93.730003	-277.059998	162.119995	0.00	0.000000	0.000000	1.50	4.00	2.75	3.50	2.50	5.00	0.00	5.25	0.25	3.75	7.25	6.75	7.00	7.50	1.50	3.75	-0.250000	0.162109	0.978516	1.190000	3.570000	-1.120000	633.00	0.061722	-0.166719
15.86	0.00	0.00	0.00	0.00	0.00	0.00	0.00	0.00	0.00	0.00	0.00	0.00	0.00	0.00	0.00	0.00	-1.912598	0.835938	2.162598	110.110001	-275.450012	171.009995	0.00	0.000000	0.000000	1.75	2.75	2.25	3.25	2.00	5.00	0.00	5.25	0.25	3.75	8.25	7.50	7.75	8.50	1.50	4.25	-0.251465	0.152832	0.979980	1.960000	4.620000	-1.330000	647.00	0.085672	-0.169321
15.87	0.00	0.00	0.00	0.00	0.00	0.00	0.00	0.00	0.00	0.00	0.00	0.00	0.00	0.00	0.00	0.00	-2.168457	0.634277	2.014648	133.839996	-276.500000	175.979996	0.00	0.000000	0.000000	1.25	1.25	1.25	2.00	1.50	4.50	0.00	5.25	0.50	3.75	9.50	7.75	8.25	9.25	2.00	4.50	-0.246094	0.163086	0.978027	3.360000	7.000000	-1.960000	628.00	0.130542	-0.171359
15.88	0.00	0.00	0.00	0.00	0.00	0.00	0.00	0.00	0.00	0.00	0.00	0.00	0.00	0.00	0.00	0.00	-2.236328	0.528320	1.911621	142.800003	-275.799988	176.259995	0.00	0.000000	0.000000	0.25	0.50	0.75	1.25	1.25	3.50	0.00	5.25	0.50	4.75	10.25	8.50	8.75	10.25	2.50	5.00	-0.262207	0.159668	0.978027	3.990000	9.240000	-2.520000	631.00	0.171590	-0.171019
15.89	0.00	0.00	0.00	0.00	0.00	0.00	0.00	0.00	0.00	0.00	0.00	0.00	0.00	0.00	0.00	0.00	-2.371094	0.094727	1.398438	176.190002	-262.429993	179.690002	0.00	0.000000	0.000000	0.25	0.25	0.25	0.50	0.75	3.25	0.00	5.25	0.75	5.25	10.75	9.25	9.50	11.50	2.75	5.50	-0.259766	0.166016	0.978516	5.110000	11.690000	-3.290000	651.00	0.194607	-0.168508
15.90	0.00	0.00	0.00	0.00	0.00	0.00	0.00	0.00	0.00	0.00	0.00	0.00	0.00	0.00	0.00	0.00	-2.488770	-0.299316	1.067383	194.949997	-242.479996	182.419998	0.00	0.000000	0.000000	0.25	0.50	0.25	0.50	0.25	2.75	0.00	5.25	1.00	5.50	11.50	10.25	9.75	12.00	3.00	6.00	-0.252930	0.171387	0.979004	6.020000	14.980000	-4.270000	678.00	0.201715	-0.166866
15.91	0.00	0.00	0.00	0.00	0.00	0.00	0.00	0.00	0.00	0.00	0.00	0.00	0.00	0.00	0.00	0.00	-2.665527	-0.735352	0.768066	195.020004	-212.940002	176.960007	0.00	0.000000	0.000000	0.25	0.25	0.25	0.25	0.25	1.75	0.00	5.00	1.00	6.00	12.25	11.00	10.50	12.75	3.25	6.50	-0.231934	0.179199	0.986328	6.090000	19.740000	-6.020000	697.00	0.216022	-0.162766
15.92	0.00	0.00	0.00	0.00	0.00	0.00	0.00	0.00	0.00	0.00	0.00	0.00	0.00	0.00	0.00	0.00	-3.007812	-1.136719	0.430664	172.059998	-182.070007	162.680008	0.00	0.000000	0.000000	0.25	0.25	0.00	0.25	0.00	0.75	0.00	5.00	1.00	6.75	13.75	11.75	11.25	13.50	3.50	7.00	-0.287598	0.073730	1.029297	10.150000	25.340000	-9.730000	731.00	0.227540	-0.160893
15.93	0.00	0.00	0.00	0.00	0.00	0.00	0.00	0.00	0.00	0.25	0.00	0.00	0.00	0.00	0.00	0.00	-3.587891	-1.374023	0.160156	121.099998	-158.270004	129.990005	3.00	0.000000	0.000000	0.00	0.25	0.25	0.25	0.00	0.50	0.00	4.50	1.25	6.75	15.00	12.25	11.75	15.00	3.25	7.00	-0.296875	0.155762	1.010742	16.799999	44.730000	-7.560000	757.00	0.233782	-0.152727
15.94	0.00	0.00	0.00	0.00	0.00	0.00	0.00	0.00	0.00	0.25	0.00	0.00	0.00	0.00	0.00	0.00	-3.870605	-1.403809	-0.203613	59.430000	-130.339996	76.090004	3.00	0.000000	0.000000	0.25	0.25	0.00	0.25	0.00	0.25	0.00	3.75	1.75	7.50	16.25	13.00	12.00	16.25	3.25	7.00	-0.283203	0.154785	1.028809	20.580000	52.849998	-8.050000	791.00	0.240435	-0.140404
15.95	0.00	0.00	0.00	0.00	0.00	0.00	0.00	0.00	0.00	0.00	0.00	0.00	0.00	0.00	0.00	0.00	-3.799805	-2.143066	-2.099609	-63.630001	-19.110001	-2.030000	0.00	0.000000	0.000000	0.50	0.25	0.00	0.00	0.00	0.00	0.00	3.25	1.75	7.75	16.25	13.50	12.25	17.00	3.75	7.75	-0.298340	0.154785	1.062012	26.740000	63.420002	-7.000000	806.00	0.246530	-0.135689
15.96	0.00	0.00	0.25	0.00	0.00	0.00	0.00	0.00	0.00	0.00	0.00	0.00	0.00	0.00	0.00	0.00	-3.839355	-1.780273	-1.533203	-283.989990	215.740005	-97.860001	3.00	0.000000	0.000000	0.00	0.00	0.25	0.00	0.00	0.25	0.00	2.75	2.00	8.00	16.50	14.25	12.25	18.00	3.75	8.25	-0.322266	0.182129	1.030273	28.210001	74.900002	-5.460000	824.00	0.253467	-0.131025
15.97	0.00	0.25	0.25	0.75	0.00	0.00	0.00	0.00	0.00	0.00	0.00	0.00	0.00	0.00	0.00	0.00	0.451660	0.346191	1.111328	-316.820007	340.480011	-111.230003	13.00	0.000000	0.000000	0.00	0.00	0.00	0.25	0.00	0.25	0.00	2.25	2.50	8.25	16.25	14.25	12.00	19.25	4.00	9.00	-0.338379	0.168945	1.041504	25.129999	87.010002	-4.690000	838.00	0.259148	-0.121934
15.98	0.50	1.00	0.50	1.00	0.00	0.00	0.00	0.00	0.00	0.00	0.00	0.00	0.00	0.00	0.00	0.00	-0.146973	0.635742	3.115234	-280.140015	294.630005	-70.910004	31.00	0.000000	0.000000	0.00	0.00	0.00	0.00	0.00	0.00	0.00	2.00	2.50	8.50	16.50	14.00	11.25	20.75	4.50	9.75	-0.354980	0.227539	1.019531	19.740000	105.980003	-6.510000	847.00	0.267874	-0.112326
15.99	1.00	1.50	1.00	2.75	0.00	0.00	0.00	0.00	0.00	0.00	0.00	0.00	0.00	0.00	0.00	0.00	-0.689941	0.387695	1.749512	-197.119995	216.509995	-16.170000	65.00	-0.329351	-0.106220	0.00	0.00	0.00	0.00	0.00	0.00	0.00	1.25	3.00	8.75	16.50	13.25	10.75	21.25	5.00	10.25	-0.385254	0.260742	1.129395	18.129999	119.489998	-10.640000	845.00	0.274458	-0.100502
16.00	2.75	3.75	2.50	4.25	0.00	0.00	0.00	0.00	0.00	0.00	0.00	0.00	0.00	0.00	0.00	0.00	-0.358398	-0.008301	0.923828	-162.820007	211.399994	4.900000	138.00	-0.339491	-0.077322	0.00	0.00	0.00	0.00	0.00	0.25	0.00	1.00	3.00	9.00	15.50	12.75	9.50	22.00	5.50	10.75	-0.333008	0.242188	1.108398	9.940000	137.339996	-16.660000	834.00	0.278842	-0.091554
16.01	4.75	5.00	3.75	5.25	0.00	0.00	0.00	0.00	0.00	0.00	0.00	0.00	0.00	0.00	0.00	0.00	-0.100098	-0.402832	1.061035	-109.690002	246.119995	24.710001	195.00	-0.342623	-0.059150	0.00	0.00	0.00	0.00	0.00	0.00	0.00	0.75	3.50	9.00	15.00	12.00	8.50	22.75	5.50	11.50	-0.386230	0.217773	1.096191	7.490000	154.630005	-21.490000	823.00	0.285052	-0.079650
16.02	5.75	6.00	4.75	6.25	0.00	0.00	0.00	0.00	0.00	0.00	0.00	0.00	0.00	0.00	0.00	0.00	-0.465820	-0.594727	1.656250	-58.099998	247.729996	27.299999	236.00	-0.341972	-0.056645	0.00	0.00	0.00	0.00	0.00	0.00	0.00	0.50	3.50	9.25	14.75	11.25	7.00	23.00	5.50	11.75	-0.448242	0.240723	1.107422	1.960000	184.309998	-24.150000	801.00	0.289619	-0.068969
16.03	6.00	6.25	5.25	6.50	0.00	0.00	0.00	0.25	0.00	0.00	0.00	0.00	0.00	0.00	0.00	0.00	-0.624023	-0.752930	1.621582	-43.259998	215.529999	-17.150000	253.00	-0.336054	-0.059590	0.00	0.00	0.00	0.00	0.00	0.00	0.00	0.25	3.75	9.25	13.75	10.25	6.00	22.75	5.50	11.75	-0.479004	0.250488	1.142578	-0.840000	195.720001	-26.180000	769.00	0.293982	-0.058421
16.04	7.00	7.00	6.00	8.25	0.00	0.25	0.00	0.25	0.00	0.00	0.00	0.00	0.00	0.00	0.00	0.00	-0.408203	2.228516	1.462891	-45.150002	209.020004	-52.500000	301.00	-0.333503	-0.064575	0.00	0.00	0.00	0.00	0.00	0.00	0.00	0.00	3.50	9.00	12.75	8.75	5.00	20.75	5.50	11.50	-0.545898	0.239258	1.249512	-4.620000	240.449997	-33.320000	706.00	0.297494	-0.052701
16.05	8.50	8.25	9.00	11.50	0.00	3.00	0.00	1.25	0.00	0.00	0.00	0.00	1.50	0.00	0.00	0.00	-0.238770	-2.006348	2.310547	-17.500000	61.110001	11.270000	455.00	-0.292375	-0.098441	0.00	0.00	0.00	0.00	0.00	0.00	0.00	0.00	3.25	9.00	11.50	8.00	4.25	19.50	5.25	10.50	-0.574219	0.359375	1.308594	-0.280000	273.980011	-38.360001	656.00	0.298655	-0.047550
16.06	8.75	8.25	10.75	13.50	0.50	4.75	0.00	2.00	0.00	0.00	0.00	0.25	2.25	0.00	0.00	0.00	0.005371	-0.586426	0.867676	5.390000	43.189999	9.800000	544.00	-0.271339	-0.111751	0.00	0.00	0.00	0.00	0.00	0.00	0.00	0.00	3.25	8.25	10.25	6.75	3.75	17.75	4.25	8.75	-0.644043	0.534668	1.499023	9.590000	313.040009	-51.939999	583.00	0.298217	-0.039607
16.07	8.25	7.75	10.75	13.00	0.75	6.00	0.00	2.25	0.00	0.00	0.00	0.75	2.75	0.00	0.00	0.25	-0.217773	-0.027344	2.132324	-21.700001	66.500000	5.530000	560.00	-0.253932	-0.122125	0.00	0.00	0.00	0.00	0.00	0.00	0.00	0.00	3.25	7.00	8.25	5.75	3.25	14.75	3.75	7.00	-0.620117	0.090820	1.980957	15.400000	351.890015	-64.540001	494.00	0.297592	-0.035430
16.08	7.75	7.50	10.75	12.75	0.75	6.25	0.00	2.75	0.00	0.00	0.00	1.00	3.25	0.00	0.00	0.75	-0.279785	-0.042969	1.197754	10.570000	21.559999	4.900000	570.00	-0.239754	-0.132164	0.00	0.00	0.00	0.00	0.00	0.00	0.00	0.00	3.00	6.00	5.75	3.50	2.50	12.25	3.50	5.25	-0.817871	0.645996	1.807617	-15.960000	372.260010	-65.519997	390.00	0.303372	-0.016872
16.09	7.75	7.25	11.25	13.25	1.50	6.25	0.00	3.00	0.00	0.00	0.25	1.50	4.00	0.00	0.00	1.50	-0.231934	0.157715	0.981934	15.610000	13.370000	3.710000	609.00	-0.222516	-0.135919	0.00	0.00	0.00	0.00	0.00	0.00	0.00	0.00	2.50	4.00	2.75	1.75	1.75	10.00	2.50	3.50	-0.724121	0.205566	2.345703	2.310000	396.269989	-80.639999	267.00	0.314462	0.010621
16.10	8.00	7.75	12.00	13.25	2.00	7.25	0.00	3.25	0.00	0.00	0.50	2.00	4.00	0.00	0.00	1.75	-0.210449	0.126465	0.996094	12.250000	11.480000	2.310000	654.00	-0.215457	-0.135967	0.00	0.00	0.00	0.00	0.00	0.00	0.00	0.00	1.75	2.25	1.00	0.75	1.00	6.25	1.75	2.00	-0.932617	1.078125	1.878418	14.420000	421.890015	-70.279999	156.00	0.323202	0.030535
16.11	8.50	8.00	12.75	13.75	2.50	7.75	0.00	3.50	0.00	0.00	0.75	1.75	4.25	0.25	0.00	2.25	-0.228516	0.137695	1.000000	9.310000	6.930000	1.470000	697.00	-0.210962	-0.133225	0.00	0.00	0.00	0.00	0.00	0.00	0.00	0.00	1.50	0.75	0.75	0.50	0.50	3.50	0.75	0.50	-1.106934	0.716309	2.363281	71.959999	410.690002	-87.360001	85.00	0.316687	0.061071
16.12	9.00	8.25	13.50	14.75	2.50	8.00	0.00	3.75	0.00	0.00	1.00	2.50	4.25	0.75	0.00	2.50	-0.201660	0.129395	0.975586	6.790000	5.600000	1.330000	747.00	-0.202867	-0.132540	0.00	0.00	0.00	0.00	0.00	0.00	0.00	0.00	0.75	0.50	0.75	0.50	0.50	1.25	0.25	0.75	-0.854492	0.434082	2.506348	96.529999	408.239990	-94.639999	50.00	0.000000	0.000000
16.13	8.75	8.50	13.75	14.75	2.75	7.75	0.00	4.00	0.00	0.00	1.00	2.75	4.25	1.00	0.00	3.00	-0.193848	0.133301	0.958984	6.370000	4.830000	1.400000	761.00	-0.196847	-0.133087	0.00	0.00	0.00	0.00	0.00	0.00	0.00	0.00	0.25	0.50	0.50	0.50	0.25	1.25	0.50	0.50	-0.856934	0.772461	1.615234	98.910004	401.869995	-105.699997	40.00	0.000000	0.000000
16.14	8.50	8.50	13.75	14.50	2.75	8.25	0.00	4.25	0.00	0.25	1.00	2.75	4.75	1.00	0.00	3.50	-0.205078	0.142578	0.967285	6.090000	5.250000	1.260000	774.00	-0.189140	-0.137634	0.00	0.00	0.00	0.00	0.00	0.00	0.00	0.00	0.25	0.75	0.50	0.25	0.25	1.25	0.25	0.50	-0.539062	0.585449	1.833008	96.739998	378.420013	-125.510002	37.00	0.000000	0.000000
16.15	8.50	8.50	13.50	14.25	3.00	8.50	0.00	4.75	0.00	0.25	1.25	3.00	5.00	1.75	0.00	3.50	-0.211426	0.136230	0.986816	5.600000	5.110000	1.120000	796.00	-0.178005	-0.139140	0.00	0.00	0.00	0.00	0.00	0.00	0.00	0.00	0.00	0.25	0.50	0.25	0.25	1.00	0.25	0.50	0.354492	0.486328	1.691406	126.629997	398.510010	-146.369995	27.00	0.000000	0.000000
16.16	8.50	8.00	13.00	14.00	3.25	8.75	0.00	4.75	0.00	0.25	1.25	3.25	5.00	2.00	0.25	4.00	-0.211426	0.141113	0.997559	4.970000	4.900000	1.190000	798.00	-0.168755	-0.140130	0.00	0.00	0.00	0.00	0.00	0.00	0.00	0.00	0.25	0.50	0.25	0.25	0.50	0.75	0.00	0.25	0.139160	0.767090	0.812012	144.619995	373.100006	-163.520004	26.00	0.000000	0.000000
16.17	8.25	8.00	12.50	13.75	3.25	9.00	0.00	4.75	0.00	0.50	1.25	3.50	5.00	2.25	0.25	4.00	-0.208496	0.138672	0.984375	3.850000	4.690000	0.910000	797.00	-0.162718	-0.141705	0.00	0.00	0.25	0.00	0.00	0.00	0.00	0.00	0.00	0.00	0.25	0.00	0.00	0.25	0.00	0.00	-0.114258	0.707031	1.105469	194.180008	368.410004	-186.479996	8.00	0.000000	0.000000
16.18	7.75	7.75	11.75	13.25	3.25	8.75	0.00	4.75	0.00	0.50	1.25	3.50	5.00	2.50	0.25	3.75	-0.203125	0.143066	0.982910	2.940000	4.550000	0.700000	774.00	-0.157733	-0.143575	0.00	0.00	0.25	0.00	0.00	0.00	0.00	0.00	0.00	0.00	0.00	0.00	0.00	0.25	0.00	0.00	0.067871	0.984375	2.966309	208.250000	260.470001	-184.940002	5.00	0.000000	0.000000
16.19	8.00	7.75	11.50	12.75	3.25	8.25	0.00	5.00	0.00	0.75	1.25	3.25	5.00	2.75	0.25	3.75	-0.205078	0.144531	0.977051	2.100000	4.550000	0.490000	769.00	-0.154893	-0.141193	0.00	0.00	0.25	0.00	0.00	0.00	0.00	0.00	0.00	0.00	0.00	0.00	0.00	0.25	0.00	0.00	0.746582	0.793945	3.190430	173.600006	78.750000	-138.039993	5.00	0.000000	0.000000
16.20	7.00	7.25	10.25	12.25	3.00	8.50	0.00	5.00	0.00	0.75	1.75	3.75	5.00	2.75	0.00	3.50	-0.207520	0.151855	0.967285	1.400000	4.690000	0.280000	741.00	-0.144497	-0.150295	0.25	0.00	0.00	0.00	0.00	0.00	0.00	0.00	0.00	0.00	0.00	0.00	0.00	0.00	0.00	0.00	0.775391	0.417969	2.310547	91.000000	-94.709999	-84.840004	3.00	0.000000	0.000000
16.21	6.75	7.00	10.00	11.25	3.00	8.00	0.00	4.75	0.00	0.50	1.75	3.75	5.00	2.50	0.00	3.50	-0.207031	0.148926	0.973145	1.120000	4.690000	0.000000	708.00	-0.143713	-0.150511	0.00	0.00	0.00	0.00	0.00	0.00	0.00	0.00	0.00	0.00	0.00	0.00	0.00	0.25	0.00	0.00	0.273926	0.270508	1.414551	-51.380001	-234.290009	-16.520000	2.00	0.000000	0.000000
16.22	6.50	6.75	9.25	10.75	2.75	7.75	0.00	4.75	0.00	0.50	2.00	3.75	5.00	2.25	0.25	3.50	-0.208984	0.140137	0.968750	1.050000	4.480000	-0.210000	687.00	-0.137437	-0.154746	0.00	0.25	0.00	0.00	0.00	0.00	0.00	0.00	0.00	0.00	0.00	0.00	0.00	0.00	0.00	0.00	0.221191	0.281738	0.925293	-111.230003	-259.769989	2.870000	2.00	0.000000	0.000000
16.23	6.25	6.50	9.00	10.50	2.50	7.75	0.00	4.75	0.00	0.50	2.25	4.00	4.75	2.25	0.00	3.75	-0.203125	0.144531	0.969727	1.260000	4.690000	-0.630000	676.00	-0.133726	-0.157331	0.25	0.25	0.00	0.00	0.00	0.00	0.00	0.00	0.00	0.00	0.00	0.00	0.00	0.25	0.00	0.00	0.129883	0.333496	0.637695	-129.850006	-261.170013	9.170000	7.00	0.000000	0.000000
16.24	5.75	6.25	8.00	9.75	2.75	7.75	0.00	4.75	0.00	0.50	2.25	4.25	5.00	2.25	0.25	3.75	-0.202148	0.151367	0.962891	1.260000	4.900000	-0.840000	659.00	-0.121913	-0.163062	0.25	0.00	0.00	0.00	0.00	0.00	0.00	0.00	0.00	0.00	0.00	0.00	0.00	0.25	0.00	0.00	0.077148	0.369141	0.474121	-114.169998	-252.070007	10.990000	5.00	0.000000	0.000000
16.25	5.25	6.00	7.25	8.50	2.50	7.50	0.00	4.75	0.00	0.50	2.25	4.00	5.00	3.00	0.25	3.75	-0.211426	0.148926	0.967285	1.120000	5.390000	-0.980000	628.00	-0.108790	-0.163792	0.00	0.00	0.00	0.00	0.00	0.00	0.00	0.00	0.00	0.00	0.00	0.00	0.00	0.00	0.00	0.00	0.055664	0.397461	0.381348	-76.930000	-237.649994	12.250000	0.00	0.000000	0.000000
16.26	5.00	5.25	6.50	7.75	2.25	6.75	0.00	4.50	0.00	0.75	2.50	4.50	5.00	3.25	0.25	3.50	-0.205566	0.146973	0.968262	1.050000	5.740000	-1.120000	599.00	-0.092695	-0.164144	0.00	0.00	0.00	0.00	0.00	0.00	0.00	0.00	0.00	0.00	0.00	0.00	0.00	0.00	0.00	0.00	0.020020	0.334961	0.465820	-9.380000	-218.889999	16.450001	0.00	0.000000	0.000000
16.27	4.00	5.00	5.75	7.25	2.25	6.50	0.00	4.50	0.00	1.00	2.75	4.75	5.00	3.00	0.25	4.00	-0.207520	0.150391	0.965820	0.980000	5.950000	-0.840000	578.00	-0.076620	-0.172923	0.00	0.00	0.25	0.00	0.00	0.00	0.00	0.00	0.00	0.00	0.00	0.00	0.00	0.00	0.00	0.00	-0.007812	0.256348	0.628418	23.940001	-214.899994	21.490000	3.00	0.000000	0.000000
16.28	3.25	4.50	5.00	6.25	2.00	6.25	0.00	4.50	0.00	1.25	3.25	4.75	5.25	3.25	0.50	4.00	-0.204590	0.146973	0.963379	1.050000	6.370000	-0.840000	555.00	-0.052146	-0.178219	0.00	0.00	0.00	0.00	0.00	0.00	0.00	0.00	0.00	0.00	0.00	0.00	0.00	0.00	0.00	0.00	-0.019043	0.205566	0.798340	37.869999	-218.259995	29.260000	0.00	0.000000	0.000000
16.29	2.50	3.25	4.50	5.75	1.75	6.00	0.00	4.75	0.00	1.00	3.25	5.00	5.50	3.25	0.50	4.00	-0.205566	0.141113	0.961914	0.630000	6.580000	-0.980000	526.00	-0.032293	-0.190335	0.00	0.25	0.00	0.00	0.00	0.00	0.00	0.00	0.00	0.00	0.00	0.00	0.00	0.00	0.00	0.00	-0.025879	0.146973	0.955078	32.549999	-229.320007	40.529999	2.00	0.000000	0.000000
16.30	2.25	3.00	4.00	5.75	1.75	5.50	0.00	4.75	0.00	1.00	3.50	5.00	5.50	3.25	0.50	4.00	-0.212891	0.144531	0.961426	-0.070000	6.720000	-1.050000	512.00	-0.023557	-0.193744	0.00	0.00	0.00	0.00	0.00	0.00	0.00	0.00	0.00	0.00	0.00	0.00	0.00	0.00	0.00	0.00	-0.059082	0.130859	1.033203	13.720000	-245.350006	53.900002	0.00	0.000000	0.000000
16.31	2.50	3.50	4.00	5.50	1.75	6.00	0.00	5.00	0.00	1.25	3.50	5.75	6.00	4.00	0.50	4.25	-0.217285	0.148438	0.968750	-0.350000	6.510000	-1.190000	549.00	-0.016380	-0.192419	0.25	0.00	0.00	0.00	0.00	0.00	0.00	0.00	0.00	0.00	0.00	0.00	0.00	0.00	0.00	0.00	-0.091797	0.149902	1.055664	-6.790000	-261.519989	68.040001	3.00	0.000000	0.000000
16.32	2.50	3.00	3.50	5.25	2.00	5.25	0.00	5.00	0.00	1.50	4.25	5.75	6.00	4.00	0.75	4.50	-0.204102	0.148926	0.967773	-0.490000	6.020000	-1.400000	545.00	0.000116	-0.190324	0.00	0.00	0.25	0.00	0.00	0.00	0.00	0.00	0.00	0.00	0.00	0.00	0.00	0.00	0.00	0.00	-0.163086	0.194336	1.050293	-23.450001	-280.420013	86.029999	3.00	0.000000	0.000000
16.33	2.50	3.00	3.75	5.00	1.75	5.25	0.00	5.00	0.00	1.50	4.50	6.25	6.75	4.75	1.00	4.50	-0.208984	0.138184	0.965820	-0.630000	6.160000	-1.610000	565.00	0.012297	-0.189092	0.00	0.00	0.00	0.00	0.00	0.00	0.00	0.00	0.00	0.00	0.00	0.00	0.00	0.00	0.00	0.00	-0.206055	0.201660	1.058105	-21.490000	-289.799988	93.940002	0.00	0.000000	0.000000
16.34	2.00	3.00	3.50	5.00	1.75	5.50	0.00	5.25	0.00	2.00	5.00	6.50	6.75	5.00	1.25	4.50	-0.215820	0.147949	0.965332	-0.560000	5.950000	-1.470000	582.00	0.024497	-0.190532	0.00	0.00	0.00	0.00	0.00	0.00	0.00	0.00	0.00	0.00	0.00	0.00	0.00	0.00	0.00	0.00	-0.261230	0.179688	1.104980	-12.390000	-298.269989	98.629997	0.00	0.000000	0.000000
16.35	1.25	2.50	3.25	5.00	1.75	5.00	0.00	5.50	0.00	2.25	5.25	7.00	7.50	5.25	1.50	4.50	-0.222168	0.146484	0.969727	0.070000	5.320000	-1.330000	587.00	0.044635	-0.197219	0.00	0.00	0.00	0.00	0.00	0.00	0.00	0.00	0.00	0.00	0.00	0.00	0.00	0.00	0.00	0.00	-0.295410	0.150391	1.161621	-1.050000	-305.829987	100.590004	0.00	0.000000	0.000000
16.36	1.50	2.75	3.25	4.75	2.00	5.00	0.00	5.50	0.00	2.75	5.25	7.50	7.75	5.50	1.50	5.00	-0.225098	0.145508	0.964844	0.840000	4.550000	-1.190000	609.00	0.047942	-0.193279	0.00	0.00	0.00	0.00	0.00	0.00	0.00	0.00	0.00	0.00	0.00	0.00	0.00	0.00	0.00	0.00	-0.338379	0.127930	1.234375	8.610000	-311.640015	100.169998	0.00	0.000000	0.000000
16.37	1.25	2.50	3.25	4.50	1.75	5.00	0.00	5.75	0.00	3.00	5.75	7.75	8.00	6.25	1.75	5.25	-0.222656	0.146484	0.961426	1.470000	3.850000	-1.120000	626.00	0.062681	-0.192466	0.00	0.00	0.00	0.00	0.00	0.00	0.00	0.00	0.00	0.00	0.00	0.00	0.00	0.00	0.00	0.00	-0.384766	0.108887	1.304688	14.770000	-316.260010	98.279999	0.00	0.000000	0.000000
16.38	1.25	2.25	3.00	4.00	2.00	5.25	0.00	5.75	0.00	3.25	6.00	8.25	8.50	7.00	1.75	5.75	-0.212891	0.153809	0.969238	1.820000	3.500000	-1.120000	644.00	0.075098	-0.190910	0.25	0.00	0.00	0.00	0.00	0.00	0.00	0.00	0.00	0.00	0.00	0.00	0.00	0.00	0.00	0.00	-0.469727	0.119141	1.434082	17.710001	-321.160004	94.500000	3.00	0.000000	0.000000
16.39	1.25	2.50	3.25	3.75	2.00	5.25	0.00	6.00	0.00	4.00	7.00	9.25	9.00	7.75	2.00	6.00	-0.213379	0.150391	0.973145	2.170000	4.200000	-1.400000	694.00	0.084714	-0.186387	0.00	0.00	0.00	0.00	0.00	0.00	0.00	0.00	0.00	0.00	0.00	0.00	0.00	0.00	0.00	0.00	-0.523926	0.147461	1.509766	19.180000	-323.190002	92.540001	0.00	0.000000	0.000000
16.40	1.75	2.50	3.00	3.50	2.00	5.50	0.00	6.25	0.00	4.25	7.25	9.75	9.00	8.75	2.75	6.25	-0.218262	0.153809	0.967285	2.100000	4.410000	-1.610000	729.00	0.092400	-0.181094	0.00	0.00	0.00	0.00	0.00	0.00	0.00	0.00	0.00	0.00	0.00	0.00	0.00	0.00	0.00	0.00	-0.591309	0.191895	1.591309	21.910000	-323.329987	91.070000	0.00	0.000000	0.000000
16.41	0.75	2.50	2.75	3.25	2.00	5.00	0.00	6.25	0.00	4.25	8.00	10.25	9.75	9.25	3.00	6.00	-0.216309	0.152832	0.967285	2.310000	5.320000	-1.750000	732.00	0.109452	-0.185302	0.00	0.00	0.00	0.00	0.00	0.00	0.00	0.00	0.00	0.00	0.00	0.00	0.00	0.00	0.00	0.00	-0.666016	0.239746	1.714355	25.760000	-322.700012	90.720001	0.00	0.000000	0.000000
16.42	0.25	2.00	2.75	3.00	2.00	4.75	0.00	6.25	0.25	4.50	8.50	10.75	10.00	11.00	3.00	6.50	-0.224609	0.150879	0.982910	2.590000	6.790000	-1.960000	753.00	0.128242	-0.178489	0.00	0.00	0.00	0.00	0.00	0.00	0.00	0.00	0.00	0.00	0.00	0.00	0.00	0.00	0.00	0.00	-0.833984	0.353516	1.957520	28.139999	-325.079987	96.389999	0.00	0.000000	0.000000
16.43	0.25	1.75	2.00	2.25	2.00	4.25	0.00	6.25	0.25	5.00	9.00	11.25	10.25	11.50	3.25	6.75	-0.212402	0.155762	0.974609	3.080000	9.170000	-2.310000	755.00	0.145937	-0.177734	0.00	0.00	0.00	0.00	0.00	0.00	0.00	0.00	0.00	0.00	0.00	0.00	0.00	0.00	0.00	0.00	-0.911133	0.396973	2.037109	26.110001	-327.739990	100.449997	0.00	0.000000	0.000000
16.44	0.25	1.75	1.25	1.75	1.50	3.75	0.00	6.25	0.25	5.75	9.75	12.25	11.00	13.00	3.25	7.00	-0.232422	0.148926	0.973633	3.640000	10.990000	-3.010000	777.00	0.164981	-0.176618	0.00	0.00	0.00	0.00	0.00	0.00	0.00	0.00	0.00	0.00	0.00	0.00	0.00	0.00	0.00	0.00	-1.207520	0.518555	2.210938	10.150000	-337.329987	120.050003	0.00	0.000000	0.000000
16.45	0.25	0.75	0.75	1.00	1.25	3.25	0.00	6.00	0.25	6.25	10.50	12.50	11.25	14.25	3.75	7.25	-0.227051	0.149414	0.971191	4.480000	13.370000	-3.990000	777.00	0.190522	-0.170979	0.00	0.00	0.00	0.00	0.00	0.00	0.00	0.00	0.00	0.00	0.00	0.00	0.00	0.00	0.00	0.00	-1.532715	0.528320	2.310547	4.830000	-341.110016	133.839996	0.00	0.000000	0.000000
16.46	0.25	0.50	0.50	1.00	1.00	2.50	0.00	6.00	0.50	6.25	11.25	13.75	11.75	15.50	4.00	7.25	-0.217773	0.158203	0.972656	5.810000	16.379999	-6.720000	803.00	0.202842	-0.168001	0.00	0.00	0.00	0.00	0.00	0.00	0.00	0.00	0.00	0.00	0.00	0.00	0.00	0.00	0.00	0.00	-1.901367	0.495605	2.325684	3.990000	-343.000000	140.279999	0.00	0.000000	0.000000
16.47	0.00	0.50	0.25	0.50	0.50	2.00	0.00	6.00	0.50	6.75	12.00	14.75	12.50	16.25	4.50	7.50	-0.237793	0.151855	0.981445	6.160000	19.530001	-8.540000	825.00	0.217560	-0.169196	0.00	0.00	0.00	0.00	0.00	0.00	0.00	0.00	0.00	0.00	0.00	0.00	0.00	0.00	0.00	0.00	-2.269531	0.456543	2.240723	3.500000	-341.739990	135.520004	0.00	0.000000	0.000000
16.48	0.00	0.25	0.00	0.50	0.50	1.75	0.00	5.75	0.75	7.00	12.25	15.00	12.50	17.75	5.00	8.00	-0.208984	0.137207	0.994141	8.120000	26.530001	-7.420000	845.00	0.227919	-0.161195	0.00	0.00	0.00	0.00	0.00	0.00	0.00	0.00	0.00	0.00	0.00	0.00	0.00	0.00	0.00	0.00	-2.540527	0.421875	1.979980	0.490000	-336.350006	120.400002	0.00	0.000000	0.000000
16.49	0.00	0.50	0.25	0.25	0.50	1.25	0.00	5.50	0.75	7.75	13.25	15.50	12.50	19.00	4.75	8.00	-0.242676	0.152832	0.978516	11.200000	34.230000	-6.440000	870.00	0.231368	-0.152837	0.00	0.00	0.00	0.00	0.00	0.00	0.00	0.00	0.00	0.00	0.00	0.00	0.00	0.00	0.00	0.00	-2.810059	0.435059	1.329590	-6.860000	-316.190002	82.879997	0.00	0.000000	0.000000
16.50	0.25	0.50	0.00	0.25	0.25	1.00	0.00	5.00	1.25	8.00	14.25	15.50	13.50	20.00	4.75	8.00	-0.242676	0.149902	1.008789	13.860000	40.459999	-6.300000	893.00	0.236704	-0.146745	0.00	0.00	0.00	0.00	0.00	0.00	0.00	0.00	0.00	0.00	0.00	0.00	0.00	0.00	0.00	0.00	-2.892090	0.450684	0.857910	2.310000	-290.779999	56.209999	0.00	0.000000	0.000000
16.51	0.00	0.25	0.00	0.25	0.00	0.75	0.00	4.75	1.50	8.75	14.50	16.25	13.25	21.25	5.00	7.75	-0.233887	0.158691	1.007324	17.780001	48.860001	-6.580000	910.00	0.245815	-0.139556	0.00	0.00	0.00	0.00	0.00	0.00	0.00	0.00	0.00	0.00	0.00	0.00	0.00	0.00	0.00	0.00	-2.931641	0.367188	0.420898	37.099998	-254.520004	35.000000	0.00	0.000000	0.000000
16.52	0.00	0.25	0.25	0.25	0.25	0.25	0.00	3.75	1.50	8.75	15.00	17.25	13.25	23.00	5.00	7.75	-0.254883	0.174805	1.032227	19.389999	58.799999	-7.490000	926.00	0.251889	-0.129877	0.00	0.00	0.00	0.00	0.00	0.00	0.00	0.00	0.00	0.00	0.00	0.00	0.00	0.00	0.00	0.00	-2.985352	0.181641	0.072754	77.489998	-211.960007	13.440001	0.00	0.000000	0.000000
16.53	0.00	0.00	0.25	0.25	0.25	0.25	0.00	3.25	1.75	9.50	16.00	17.25	13.25	24.00	5.25	8.00	-0.259766	0.153809	1.037598	20.090000	69.230003	-8.750000	950.00	0.257293	-0.121929	0.00	0.00	0.00	0.00	0.00	0.00	0.00	0.00	0.00	0.00	0.00	0.00	0.00	0.00	0.00	0.00	-3.064941	-0.080566	-0.192383	115.849998	-165.970001	-5.740000	0.00	0.000000	0.000000
16.54	0.00	0.25	0.00	0.00	0.00	0.00	0.00	2.75	2.25	9.75	16.50	17.75	12.50	25.50	5.50	8.50	-0.280762	0.153320	1.035156	19.879999	79.800003	-8.680000	965.00	0.265962	-0.112226	0.00	0.00	0.00	0.00	0.00	0.00	0.00	0.00	0.00	0.00	0.00	0.00	0.00	0.00	0.00	0.00	-3.256836	-0.490723	-0.330566	143.919998	-97.160004	-21.629999	0.00	0.000000	0.000000
16.55	0.00	0.00	0.00	0.00	0.00	0.25	0.00	2.25	2.50	10.25	16.00	17.50	11.75	26.75	5.50	8.50	-0.312988	0.189941	1.044922	19.950001	95.620003	-8.540000	963.00	0.271097	-0.101989	0.00	0.00	0.00	0.00	0.00	0.00	0.00	0.00	0.00	0.00	0.00	0.00	0.00	0.00	0.00	0.00	-3.272461	-0.655273	-0.274414	112.279999	-52.430000	-31.850000	0.00	0.000000	0.000000
16.56	0.00	0.00	0.00	0.00	0.00	0.00	0.00	1.75	2.75	10.75	16.00	17.50	11.50	27.75	5.75	8.50	-0.337891	0.212891	1.029297	20.650000	105.840004	-10.360000	970.00	0.276138	-0.093764	0.00	0.00	0.00	0.00	0.00	0.00	0.00	0.00	0.00	0.00	0.00	0.00	0.00	0.00	0.00	0.00	-3.021973	-0.657227	-0.179199	40.810001	-6.650000	-41.230000	0.00	0.000000	0.000000
16.57	0.00	0.00	0.00	0.00	0.00	0.00	0.00	1.25	3.00	11.00	16.25	17.25	11.00	28.50	5.75	8.75	-0.365723	0.237305	1.104980	18.760000	116.059998	-13.020000	971.00	0.279779	-0.086161	0.00	0.00	0.00	0.00	0.00	0.00	0.00	0.00	0.00	0.00	0.00	0.00	0.00	0.00	0.00	0.00	-3.859863	-0.761719	0.408203	-85.260002	172.479996	-43.540001	0.00	0.000000	0.000000
16.58	0.00	0.00	0.00	0.25	0.00	0.25	0.00	1.00	3.00	11.25	16.00	17.00	10.00	29.50	5.75	8.75	-0.353516	0.207520	1.094238	13.580000	130.619995	-17.219999	970.00	0.280499	-0.079157	0.50	0.50	0.75	0.25	0.00	0.00	0.00	0.00	0.00	0.00	0.00	0.00	0.00	0.00	0.00	0.00	1.210938	0.467773	0.245605	-158.479996	240.869995	-66.500000	21.00	0.000000	0.000000
16.59	0.00	0.00	0.00	0.00	0.00	0.00	0.00	0.75	3.00	11.25	15.75	16.00	8.75	30.75	5.75	8.75	-0.380859	0.209473	1.006836	11.620000	143.149994	-20.160000	947.00	0.288286	-0.067156	1.50	3.50	2.00	0.75	0.00	0.00	0.00	0.00	0.00	0.00	0.00	0.00	0.00	0.00	0.00	0.00	-0.028809	0.631836	2.078613	-164.710007	229.250000	-68.389999	78.00	-0.357386	-0.044996
16.60	0.00	0.00	0.00	0.00	0.00	0.00	0.00	0.50	3.00	12.00	15.25	15.00	8.00	31.00	6.00	8.75	-0.413086	0.215820	1.041504	10.780000	158.690002	-22.610001	934.00	0.291828	-0.058624	5.00	5.75	2.75	3.00	0.00	0.00	0.00	0.00	0.00	0.00	0.00	0.00	0.00	0.00	0.00	0.00	-0.012695	0.541016	0.854492	-113.470001	171.919998	-18.620001	168.00	-0.359791	-0.046496
16.61	0.00	0.00	0.00	0.00	0.00	0.00	0.00	0.25	3.25	12.00	14.25	14.00	7.25	31.00	6.25	8.75	-0.433105	0.247070	1.141602	8.470000	178.710007	-27.020000	908.00	0.295929	-0.049803	6.50	7.25	4.00	5.00	0.00	0.00	0.00	0.00	0.00	0.00	0.00	0.00	0.00	0.00	0.00	0.00	-0.165527	0.208008	0.375000	-114.800003	193.690002	-4.830000	234.00	-0.353637	-0.051894
16.62	0.00	0.00	0.00	0.00	0.00	0.00	0.00	0.00	3.25	12.00	13.75	13.25	6.25	30.25	6.50	8.50	-0.492188	0.254395	1.187500	2.870000	216.440002	-33.459999	878.00	0.299116	-0.042988	8.00	8.50	5.25	6.00	0.00	0.00	0.00	0.00	0.00	0.00	0.00	0.00	0.00	0.00	0.00	0.00	-0.127930	-0.041504	0.937012	-106.330002	244.229996	5.880000	285.00	-0.352039	-0.047507
16.63	0.00	0.00	0.00	0.00	0.00	0.00	0.00	0.00	3.25	12.25	13.00	12.00	5.50	29.25	6.50	8.25	-0.563477	0.435547	1.241699	1.190000	248.220001	-44.450001	843.00	0.300811	-0.036591	8.75	9.00	5.75	6.25	0.00	0.00	0.00	0.00	0.00	0.00	0.00	0.00	0.00	0.00	0.00	0.00	-0.435547	0.108398	1.350098	-60.130001	249.830002	23.450001	306.00	-0.352159	-0.044422
16.64	0.00	0.00	0.00	0.00	0.00	0.00	0.00	0.00	3.00	12.25	12.50	10.75	4.75	27.00	6.25	7.50	-0.557129	0.385742	1.407715	-0.560000	282.730011	-61.040001	789.00	0.300761	-0.033140	9.75	9.75	6.25	7.00	0.00	0.00	0.00	0.00	0.00	0.00	0.00	0.00	0.00	0.00	0.00	0.00	-0.589844	-0.198242	1.460449	-16.660000	230.720001	37.099998	337.00	-0.352044	-0.044401
16.65	0.00	0.00	0.00	0.00	0.00	0.00	0.00	0.25	3.25	11.75	11.50	9.00	3.75	24.50	6.00	6.75	-0.663574	0.318848	1.571289	-14.070000	311.360016	-73.220001	725.00	0.300374	-0.025763	10.50	10.75	7.00	8.00	0.00	0.00	0.00	0.00	0.00	0.00	0.00	0.00	0.00	0.00	0.00	0.00	-0.466797	-0.808594	1.339844	-23.940001	220.430008	11.970000	374.00	-0.350872	-0.046522
16.66	0.00	0.00	0.00	0.00	0.00	0.00	0.00	0.25	3.25	11.50	10.25	7.25	3.50	21.25	5.50	5.75	-0.758301	0.430664	1.394531	-11.340000	337.119995	-83.930000	650.00	0.299048	-0.020985	11.50	11.50	9.00	9.50	0.00	0.25	0.00	0.00	0.00	0.00	0.00	0.00	0.00	0.00	0.00	0.00	-4.559570	3.471680	5.845703	-29.049999	296.029999	-37.939999	432.00	-0.345111	-0.045915
16.67	0.00	0.00	0.00	0.00	0.00	0.00	0.00	0.00	2.50	9.75	8.00	6.00	3.50	18.25	4.75	4.25	-0.847656	0.576172	2.062500	-1.890000	363.579987	-94.220001	540.00	0.301537	-0.019835	12.50	12.00	12.75	12.25	0.75	3.25	0.00	0.25	0.00	0.00	0.00	0.00	0.25	0.00	0.00	0.00	-0.512695	0.419922	2.509766	34.790001	54.110001	2.730000	566.00	-0.319278	-0.059048
16.68	0.00	0.00	0.00	0.00	0.00	0.00	0.00	0.00	2.25	8.00	6.00	4.00	2.50	14.25	3.25	3.25	-0.774414	0.655762	1.510254	11.900000	391.510010	-106.959999	413.00	0.301997	-0.007649	12.50	11.50	15.25	13.75	1.75	5.50	0.00	1.00	0.00	0.00	0.00	0.00	0.75	0.00	0.00	0.00	-0.608398	0.645996	1.060547	6.790000	67.199997	3.920000	657.00	-0.297495	-0.070543
16.69	0.00	0.00	0.00	0.00	0.00	0.00	0.00	0.00	1.75	6.00	3.50	1.75	2.00	9.00	2.00	2.00	-1.254395	0.465332	2.737305	43.189999	405.440002	-125.650002	266.00	0.300694	0.003919	12.25	11.00	15.50	13.75	2.50	6.25	0.25	1.75	0.00	0.00	0.00	0.50	1.25	0.25	0.00	0.25	-0.412109	0.425293	1.704590	10.290000	58.029999	9.030000	697.00	-0.275550	-0.078154
16.70	0.00	0.00	0.00	0.00	0.00	0.00	0.00	0.00	1.25	3.50	1.25	0.75	1.25	5.00	1.25	0.75	-0.662109	1.120117	1.962891	38.779999	415.799988	-136.919998	144.00	0.303341	0.021919	11.00	10.50	15.25	13.25	3.00	6.50	0.25	2.00	0.00	0.00	0.25	0.75	1.75	0.50	0.00	0.50	-0.220215	-0.011719	0.883789	9.100000	14.630000	2.940000	697.00	-0.259256	-0.084962
16.71	0.00	0.00	0.00	0.00	0.00	0.00	0.00	0.00	0.75	1.50	1.25	1.00	0.75	1.75	0.50	0.50	-1.114746	0.413574	1.849609	43.680000	402.570007	-164.289993	78.00	0.277815	-0.032944	10.50	10.25	15.50	13.00	3.75	6.75	0.25	2.25	0.00	0.00	0.50	1.50	2.00	1.00	0.00	1.00	-0.270020	0.211426	1.112305	12.530000	22.190001	3.710000	724.00	-0.239977	-0.088398
16.72	0.00	0.00	0.00	0.00	0.00	0.00	0.00	0.00	0.25	1.25	1.00	0.75	0.25	1.50	0.50	0.25	-0.533691	0.724609	2.483398	19.670000	396.829987	-180.949997	56.00	0.289019	-0.025152	10.50	10.25	15.50	13.25	4.00	7.25	0.25	2.50	0.00	0.00	0.75	1.75	2.50	1.50	0.25	1.50	-0.256348	0.147949	1.067871	3.710000	15.190001	1.470000	758.00	-0.224377	-0.093440
16.73	0.00	0.00	0.00	0.00	0.00	0.00	0.00	0.00	0.25	1.25	1.00	0.75	0.50	1.75	0.50	0.50	-0.535645	0.900391	1.238770	11.130000	362.179993	-197.399994	62.00	0.290656	-0.039791	10.50	10.25	15.00	13.25	4.75	7.50	0.25	2.75	0.00	0.25	0.75	1.75	2.50	2.25	0.25	2.00	-0.234375	0.137207	1.008301	1.190000	9.170000	1.190000	778.00	-0.212925	-0.093217
16.74	0.00	0.00	0.00	0.00	0.00	0.00	0.00	0.00	0.25	1.00	0.75	0.75	0.50	1.50	0.25	0.50	-0.037109	0.980957	1.233887	42.279999	352.799988	-202.160004	52.00	0.285457	-0.047921	10.50	10.00	14.75	12.75	4.75	7.25	0.25	2.75	0.00	0.25	0.75	1.50	2.50	2.50	0.25	2.00	-0.240723	0.146484	1.011719	-1.400000	6.860000	0.840000	765.00	-0.211514	-0.090628
16.75	0.00	0.00	0.00	0.00	0.00	0.00	0.00	0.00	0.00	0.50	0.25	0.50	0.25	0.75	0.00	0.00	0.816406	0.173340	1.751465	145.600006	295.540009	-235.899994	22.00	0.000000	0.000000	10.50	10.00	14.25	12.50	4.75	7.00	0.00	2.75	0.00	0.25	0.75	1.50	2.50	2.25	0.25	2.00	-0.229004	0.149414	0.979980	-2.310000	4.690000	0.280000	748.00	-0.214303	-0.093268
16.76	0.00	0.00	0.00	0.00	0.00	0.00	0.00	0.00	0.00	0.00	0.00	0.00	0.00	0.25	0.00	0.00	0.021973	1.154297	3.657227	177.029999	195.509995	-254.169998	2.00	0.000000	0.000000	10.50	9.75	14.00	12.00	4.50	6.75	0.00	2.75	0.00	0.50	0.75	1.25	2.25	2.50	0.25	2.00	-0.220215	0.139160	0.984863	-3.080000	5.320000	0.070000	732.00	-0.212708	-0.089494
16.77	0.00	0.00	0.00	0.00	0.00	0.00	0.00	0.00	0.00	0.00	0.25	0.25	0.00	0.25	0.00	0.00	1.014648	0.560059	2.846191	163.309998	15.190001	-224.910004	7.00	0.000000	0.000000	10.00	9.75	13.25	11.50	4.25	6.50	0.25	2.75	0.00	0.50	0.75	2.25	2.25	2.75	0.50	2.00	-0.231934	0.137695	0.979492	-3.500000	5.250000	-0.280000	726.00	-0.199001	-0.092279
16.78	0.00	0.00	0.00	0.00	0.00	0.00	0.00	0.00	0.00	0.00	0.00	0.00	0.00	0.50	0.00	0.25	0.702637	0.384277	2.141113	76.160004	-129.990005	-186.410004	6.00	0.000000	0.000000	9.50	9.25	12.50	11.00	4.25	6.50	0.25	2.50	0.00	0.75	0.75	2.00	2.25	2.75	0.50	2.00	-0.230469	0.143066	0.989258	-4.270000	5.180000	-0.910000	699.00	-0.195482	-0.091437
16.79	0.00	0.00	0.00	0.00	0.00	0.00	0.00	0.00	0.00	0.00	0.00	0.00	0.00	0.50	0.00	0.00	0.427246	0.312988	1.504883	-36.750000	-216.300003	-150.779999	4.00	0.000000	0.000000	9.25	8.75	12.25	10.75	4.50	6.25	0.00	2.50	0.00	0.75	0.75	2.00	2.00	3.00	0.25	2.25	-0.230957	0.137207	0.992676	-4.200000	4.830000	-0.910000	681.00	-0.194442	-0.090873
16.80	0.00	0.00	0.00	0.00	0.00	0.00	0.00	0.00	0.00	0.00	0.00	0.00	0.00	0.50	0.00	0.00	0.295898	0.412598	0.893066	-101.639999	-251.020004	-131.039993	4.00	0.000000	0.000000	9.00	8.50	12.00	10.25	4.75	6.00	0.25	2.50	0.00	0.75	1.00	1.75	2.00	3.50	0.25	2.25	-0.236328	0.133789	0.996094	-3.640000	4.340000	-0.840000	676.00	-0.186306	-0.085424
16.81	0.00	0.00	0.00	0.00	0.00	0.00	0.00	0.00	0.00	0.00	0.00	0.00	0.00	0.75	0.00	0.00	0.202148	0.567871	0.552246	-106.750000	-259.769989	-122.220001	6.00	0.000000	0.000000	8.50	8.25	11.25	10.00	4.75	5.75	0.25	2.50	0.00	1.00	1.25	1.75	2.25	3.75	0.50	2.25	-0.234375	0.135742	0.991211	-3.010000	3.570000	-0.560000	667.00	-0.173860	-0.087416
16.82	0.00	0.00	0.00	0.00	0.00	0.00	0.00	0.00	0.00	0.00	0.00	0.00	0.25	0.75	0.00	0.00	0.162598	0.688477	0.212402	-30.030001	-249.830002	-107.449997	9.00	0.000000	0.000000	8.50	8.00	10.75	9.25	4.50	5.75	0.00	2.25	0.00	1.00	1.25	2.00	2.25	3.50	0.50	2.25	-0.234375	0.137207	0.982910	-2.240000	2.660000	-0.140000	641.00	-0.173774	-0.089425
16.83	0.00	0.25	0.00	0.00	0.00	0.00	0.00	0.00	0.00	0.00	0.00	0.00	0.25	0.75	0.00	0.00	0.136230	0.645508	0.144531	30.520000	-235.059998	-91.489998	11.00	0.000000	0.000000	8.00	7.75	10.00	8.75	4.50	5.50	0.00	2.25	0.00	1.00	1.25	2.00	2.00	3.50	0.50	2.00	-0.229980	0.136719	0.984375	-2.030000	2.380000	-0.070000	613.00	-0.171147	-0.089412
16.84	0.00	0.25	0.00	0.00	0.00	0.00	0.00	0.00	0.00	0.00	0.00	0.00	0.00	0.75	0.00	0.00	0.098633	0.586426	0.206055	65.590004	-217.839996	-68.529999	9.00	0.000000	0.000000	7.75	7.25	9.50	8.50	4.00	5.25	0.00	2.00	0.00	1.00	1.25	2.00	1.75	3.25	0.25	2.25	-0.239258	0.134766	0.989258	-1.750000	2.030000	-0.280000	580.00	-0.173061	-0.089497
16.85	0.00	0.00	0.00	0.00	0.00	0.00	0.00	0.00	0.00	0.00	0.00	0.00	0.00	0.50	0.00	0.00	0.077148	0.573730	0.324707	69.720001	-202.369995	-37.170002	4.00	0.000000	0.000000	7.25	7.25	9.00	8.50	4.00	5.25	0.25	2.00	0.00	0.75	1.50	1.50	1.75	3.50	0.25	2.25	-0.234375	0.131348	0.987793	-1.400000	1.400000	-0.070000	570.00	-0.169781	-0.088758
16.86	0.00	0.00	0.00	0.00	0.00	0.00	0.00	0.00	0.00	0.00	0.00	0.00	0.00	0.50	0.00	0.00	0.053711	0.616699	0.505371	58.029999	-192.500000	1.680000	4.00	0.000000	0.000000	7.00	7.00	8.75	8.00	3.75	5.25	0.25	2.00	0.00	0.50	1.50	1.50	1.75	3.25	0.50	2.00	-0.236328	0.132812	0.988770	-1.120000	0.770000	-0.070000	551.00	-0.168955	-0.090822
16.87	0.00	0.00	0.00	0.00	0.00	0.00	0.00	0.00	0.00	0.00	0.00	0.00	0.00	0.50	0.00	0.00	0.015137	0.667969	0.766602	44.660000	-192.919998	65.309998	4.00	0.000000	0.000000	7.00	6.75	8.75	8.00	3.25	5.00	0.25	1.75	0.00	0.75	1.50	1.50	2.00	3.25	0.25	2.00	-0.235352	0.129883	0.978516	-0.630000	0.280000	-0.140000	538.00	-0.169010	-0.089791
16.88	0.00	0.00	0.00	0.00	0.00	0.00	0.00	0.00	0.00	0.00	0.00	0.00	0.00	0.50	0.00	0.00	-0.002930	0.661133	0.831055	45.360001	-197.470001	85.400002	4.00	0.000000	0.000000	7.00	6.75	8.25	7.75	3.00	5.00	0.00	1.75	0.00	0.75	1.25	1.75	2.00	3.00	0.25	1.75	-0.233398	0.132812	0.977051	-0.420000	-0.350000	-0.000000	520.00	-0.173233	-0.095640
16.89	0.00	0.00	0.00	0.00	0.00	0.00	0.00	0.00	0.00	0.00	0.00	0.00	0.00	0.50	0.00	0.00	-0.087891	0.542969	0.936035	60.340000	-216.930008	133.419998	4.00	0.000000	0.000000	6.75	6.50	8.00	7.75	3.25	5.00	0.00	2.00	0.00	0.50	1.50	1.75	2.00	3.00	0.25	1.75	-0.226562	0.138184	0.963867	-0.070000	-0.770000	-0.000000	519.00	-0.169136	-0.099584
16.90	0.00	0.00	0.00	0.00	0.00	0.00	0.00	0.00	0.00	0.00	0.00	0.00	0.00	0.25	0.00	0.00	-0.177734	0.420410	0.992676	74.620003	-228.550003	152.039993	2.00	0.000000	0.000000	7.00	6.50	8.00	7.75	3.25	5.00	0.00	2.00	0.00	0.50	1.25	1.50	2.25	3.00	0.25	2.00	-0.229980	0.133789	0.961914	-0.070000	-0.350000	-0.070000	520.00	-0.171411	-0.099539
16.91	0.00	0.00	0.00	0.00	0.00	0.00	0.00	0.00	0.00	0.00	0.00	0.00	0.00	0.00	0.00	0.00	-0.282715	0.285645	1.056641	88.690002	-237.580002	160.089996	0.00	0.000000	0.000000	6.75	6.50	8.00	7.50	3.25	5.00	0.00	2.25	0.00	1.00	2.00	1.75	2.25	3.00	0.50	2.00	-0.231445	0.136719	0.968262	-0.000000	0.420000	-0.070000	537.00	-0.154062	-0.101509
16.92	0.00	0.00	0.00	0.00	0.00	0.00	0.00	0.00	0.00	0.00	0.00	0.00	0.00	0.00	0.00	0.00	-0.371582	0.161133	1.114746	100.660004	-244.160004	157.919998	0.00	0.000000	0.000000	6.50	6.75	8.00	7.50	3.00	5.00	0.25	2.25	0.00	0.75	1.75	1.75	2.00	3.25	0.50	2.00	-0.233887	0.134277	0.969238	-0.210000	1.330000	-0.140000	532.00	-0.155312	-0.099357
16.93	0.00	0.00	0.00	0.00	0.00	0.00	0.00	0.00	0.00	0.00	0.00	0.00	0.00	0.00	0.00	0.00	-0.466797	0.066895	1.192383	113.050003	-249.830002	147.770004	0.00	0.000000	0.000000	6.50	6.50	8.00	7.25	3.00	5.00	0.25	2.50	0.00	1.25	1.75	2.00	2.50	3.25	0.50	2.00	-0.234863	0.134766	0.966309	-0.490000	2.450000	-0.070000	543.00	-0.144386	-0.102768
16.94	0.00	0.00	0.00	0.00	0.00	0.00	0.00	0.00	0.00	0.00	0.00	0.00	0.00	0.00	0.00	0.00	-0.551270	-0.009766	1.269043	124.669998	-255.149994	132.440002	0.00	0.000000	0.000000	6.75	6.50	7.75	7.50	3.25	5.25	0.25	2.50	0.00	1.00	2.25	2.00	2.50	3.50	0.50	2.00	-0.236328	0.132812	0.972656	-0.840000	3.290000	-0.000000	556.00	-0.141813	-0.103202
16.95	0.00	0.00	0.00	0.00	0.00	0.00	0.00	0.00	0.00	0.00	0.00	0.00	0.00	0.00	0.00	0.00	-0.676758	-0.067871	1.361816	132.580002	-260.190002	109.760002	0.00	0.000000	0.000000	6.75	6.50	7.50	7.50	3.50	5.50	0.25	2.75	0.00	1.00	2.50	2.25	2.50	4.00	0.75	2.00	-0.238281	0.137207	0.970703	-1.260000	3.920000	-0.000000	574.00	-0.130416	-0.104829
16.96	0.00	0.00	0.00	0.00	0.00	0.00	0.00	0.00	0.00	0.25	0.00	0.00	0.00	0.00	0.00	0.00	-0.740723	-0.058594	1.405762	127.400002	-260.329987	98.980003	3.00	0.000000	0.000000	6.50	6.50	7.50	7.25	3.75	5.50	0.00	2.75	0.00	1.00	2.75	2.75	2.75	4.00	0.75	2.50	-0.238281	0.136719	0.979492	-1.540000	3.920000	-0.280000	581.00	-0.121710	-0.110782
16.97	0.00	0.00	0.00	0.00	0.00	0.00	0.00	0.00	0.00	0.00	0.00	0.00	0.00	0.25	0.00	0.00	-0.816895	0.001953	1.456543	118.370003	-257.670013	93.099998	2.00	0.000000	0.000000	6.25	6.50	7.75	7.25	3.75	5.50	0.00	3.00	0.00	1.25	2.75	3.00	3.00	4.25	0.75	2.50	-0.233887	0.138672	0.971680	-1.820000	3.920000	-0.420000	594.00	-0.114435	-0.112899
16.98	0.00	0.00	0.00	0.00	0.00	0.00	0.00	0.00	0.00	0.00	0.00	0.00	0.00	0.00	0.00	0.00	-0.879395	0.089355	1.508301	112.559998	-253.820007	92.540001	0.00	0.000000	0.000000	6.25	6.50	8.00	7.50	4.00	5.75	0.00	3.25	0.25	1.50	3.00	3.00	3.00	4.75	1.00	2.50	-0.239258	0.131836	0.981445	-2.520000	4.130000	-0.560000	625.00	-0.104823	-0.109257
16.99	0.00	0.00	0.00	0.00	0.00	0.00	0.00	0.00	0.00	0.00	0.00	0.00	0.00	0.00	0.00	0.00	-0.920410	0.143555	1.539551	111.720001	-250.809998	97.580002	0.00	0.000000	0.000000	6.25	6.25	7.75	7.25	4.25	5.75	0.00	3.25	0.25	2.00	3.50	3.00	3.25	5.00	1.00	2.75	-0.236816	0.139648	0.973633	-2.730000	4.130000	-0.630000	636.00	-0.093075	-0.108002
17.00	0.00	0.00	0.00	0.00	0.00	0.00	0.00	0.00	0.00	0.00	0.00	0.00	0.00	0.00	0.00	0.00	-0.989746	0.207520	1.577148	112.209999	-246.960007	106.400002	0.00	0.000000	0.000000	6.25	6.25	7.50	7.25	4.25	5.75	0.00	3.50	0.00	2.25	3.75	3.25	3.50	5.25	1.00	2.75	-0.242188	0.131836	0.979004	-2.940000	4.480000	-0.490000	645.00	-0.087207	-0.112816
17.01	0.00	0.00	0.00	0.00	0.00	0.00	0.00	0.00	0.00	0.00	0.00	0.00	0.00	0.00	0.00	0.00	-1.063965	0.251465	1.601074	111.510002	-239.960007	118.580002	0.00	0.000000	0.000000	5.75	6.25	7.50	7.00	4.00	5.75	0.00	3.50	0.00	2.25	3.75	3.50	3.75	5.75	1.25	2.75	-0.239746	0.129395	0.982422	-3.080000	4.620000	-0.560000	647.00	-0.076295	-0.114731
17.02	0.00	0.00	0.00	0.00	0.00	0.00	0.00	0.00	0.00	0.00	0.00	0.00	0.00	0.00	0.00	0.00	-1.177246	0.318848	1.639160	108.010002	-224.279999	140.559998	0.00	0.000000	0.000000	5.75	6.00	7.25	6.75	4.25	5.50	0.25	3.75	0.25	2.25	4.25	3.75	4.00	5.75	1.25	3.00	-0.244141	0.135742	0.979980	-3.080000	4.620000	-0.560000	661.00	-0.065179	-0.113471
17.03	0.00	0.00	0.00	0.00	0.00	0.00	0.00	0.00	0.00	0.00	0.00	0.00	0.00	0.00	0.00	0.00	-1.278320	0.367676	1.696289	104.510002	-211.190002	155.680008	0.00	0.000000	0.000000	5.50	6.00	6.75	6.50	4.25	5.75	0.25	3.75	0.25	2.75	4.00	4.00	4.00	6.75	1.25	3.25	-0.243652	0.132812	0.982910	-2.590000	4.410000	-0.490000	668.00	-0.052359	-0.112242
17.04	0.00	0.00	0.00	0.00	0.00	0.00	0.00	0.00	0.00	0.00	0.00	0.00	0.00	0.00	0.00	0.00	-1.379883	0.408691	1.788086	99.540001	-198.660004	169.539993	0.00	0.000000	0.000000	5.25	5.50	6.25	6.25	4.50	5.25	0.25	4.00	0.50	2.75	4.75	4.50	4.50	7.25	1.50	3.25	-0.246094	0.136719	0.978516	-2.240000	4.130000	-0.700000	681.00	-0.032338	-0.113393
17.05	0.00	0.00	0.00	0.00	0.00	0.00	0.00	0.00	0.00	0.00	0.00	0.00	0.00	0.00	0.00	0.00	-1.529297	0.446777	1.925781	91.419998	-191.380005	181.369995	0.00	0.000000	0.000000	5.00	5.50	6.25	6.00	4.00	5.25	0.25	4.00	0.50	3.00	5.50	4.75	4.50	8.00	2.00	3.25	-0.247070	0.132812	0.983398	-1.960000	3.920000	-0.700000	695.00	-0.016946	-0.112307
17.06	0.00	0.00	0.00	0.00	0.00	0.00	0.00	0.00	0.00	0.00	0.00	0.00	0.00	0.00	0.00	0.00	-1.649902	0.472656	2.008301	80.570000	-193.130005	191.100006	0.00	0.000000	0.000000	4.75	5.00	5.50	5.75	4.00	5.25	0.25	4.00	0.50	3.75	6.25	5.00	5.00	8.00	2.00	3.50	-0.250488	0.141602	0.975098	-1.120000	3.780000	-1.050000	701.00	-0.000544	-0.116056
17.07	0.00	0.00	0.00	0.00	0.00	0.00	0.00	0.00	0.00	0.00	0.00	0.00	0.00	0.00	0.00	0.00	-1.728027	0.451660	2.006348	67.129997	-204.680008	197.470001	0.00	0.000000	0.000000	3.75	5.00	5.25	5.25	3.75	5.00	0.25	4.25	0.50	3.75	6.25	5.75	5.75	8.75	1.75	3.75	-0.240723	0.133789	0.983398	-0.700000	3.990000	-1.050000	700.00	0.016603	-0.123999
17.08	0.00	0.00	0.00	0.00	0.00	0.00	0.00	0.00	0.00	0.00	0.00	0.00	0.00	0.00	0.00	0.00	-1.803711	0.366699	1.852051	54.740002	-222.180008	199.149994	0.00	0.000000	0.000000	3.00	4.50	4.50	4.75	3.50	4.50	0.25	4.25	0.75	4.25	6.75	6.00	6.00	9.50	2.00	4.00	-0.239746	0.137207	0.978516	-0.770000	4.970000	-1.330000	694.00	0.043239	-0.123461
17.09	0.00	0.00	0.00	0.00	0.00	0.00	0.00	0.00	0.00	0.00	0.00	0.00	0.00	0.00	0.00	0.00	-1.869141	0.109863	1.311523	45.990002	-236.740005	193.410004	0.00	0.000000	0.000000	2.25	3.75	3.25	4.00	3.00	4.25	0.25	4.25	0.75	5.25	7.75	6.50	6.00	10.50	2.50	4.00	-0.245605	0.134277	0.984863	-0.770000	6.160000	-1.680000	689.00	0.079543	-0.123967
17.10	0.00	0.00	0.00	0.00	0.00	0.00	0.00	0.00	0.00	0.00	0.00	0.00	0.00	0.00	0.00	0.00	-1.913086	-0.116211	0.857910	52.430000	-228.410004	185.639999	0.00	0.000000	0.000000	1.25	2.75	2.25	3.00	2.75	4.00	0.25	4.25	1.25	5.75	8.75	7.00	6.25	11.75	2.00	4.50	-0.248047	0.136719	0.985352	-0.770000	8.050000	-2.450000	680.00	0.117220	-0.122335
17.11	0.00	0.00	0.00	0.00	0.00	0.00	0.00	0.00	0.00	0.00	0.00	0.00	0.00	0.00	0.00	0.00	-2.015137	-0.378418	0.509277	64.330002	-203.490005	173.600006	0.00	0.000000	0.000000	0.50	1.75	1.25	1.25	2.25	3.25	0.00	4.25	1.75	6.25	9.25	7.50	6.75	12.50	2.50	4.75	-0.246094	0.144531	0.978027	-0.140000	11.550000	-3.780000	655.00	0.164927	-0.122128
17.12	0.00	0.00	0.00	0.00	0.00	0.00	0.00	0.00	0.00	0.00	0.00	0.00	0.00	0.00	0.00	0.00	-2.151855	-0.678223	0.250000	71.470001	-164.850006	157.149994	0.00	0.000000	0.000000	0.25	0.75	0.50	0.75	1.50	2.25	0.25	4.00	2.50	6.75	10.50	8.00	7.00	13.75	2.75	4.75	-0.258301	0.149414	0.969727	0.490000	14.840000	-5.320000	659.00	0.202430	-0.110402
17.13	0.00	0.00	0.00	0.00	0.00	0.00	0.00	0.00	0.00	0.25	0.00	0.00	0.00	0.00	0.00	0.00	-2.439453	-0.923828	0.132324	62.790001	-128.240005	131.740005	3.00	0.000000	0.000000	0.50	0.25	0.25	0.50	0.75	1.50	0.25	3.75	3.00	7.75	11.25	8.50	7.25	15.50	2.75	5.25	-0.242188	0.142578	1.005371	0.140000	19.600000	-7.770000	681.00	0.224157	-0.098869
17.14	0.00	0.00	0.00	0.00	0.00	0.00	0.00	0.00	0.00	0.25	0.00	0.00	0.00	0.00	0.00	0.00	-2.695801	-1.054199	0.039062	35.980000	-98.279999	93.519997	3.00	0.000000	0.000000	0.25	0.50	0.25	0.25	0.25	1.00	0.00	3.25	3.75	9.00	12.25	9.00	7.75	17.25	3.00	5.25	-0.240723	0.139160	0.995117	1.190000	25.410000	-9.800000	716.00	0.240048	-0.087958
17.15	0.00	0.00	0.00	0.00	0.00	0.00	0.00	0.00	0.00	0.25	0.00	0.00	0.00	0.00	0.00	0.00	-2.661621	-1.056641	-0.166992	0.560000	-53.480000	18.900000	3.00	0.000000	0.000000	0.50	0.50	0.50	0.50	0.00	0.25	0.00	3.00	4.25	9.25	13.75	9.50	8.00	18.50	3.00	5.25	-0.275879	0.105957	0.996094	4.900000	31.150000	-12.880000	752.00	0.242763	-0.079806
17.16	0.00	0.00	0.00	0.00	0.00	0.00	0.00	0.00	0.00	0.00	0.00	0.00	0.00	0.00	0.00	0.00	-2.400879	-0.880859	-0.189941	-17.990000	-12.110000	-33.599998	0.00	0.000000	0.000000	0.25	0.25	0.00	0.25	0.25	0.00	0.00	2.75	4.50	10.25	14.50	10.00	8.00	19.75	3.25	5.50	-0.238281	0.148438	1.017578	9.310000	45.709999	-9.380000	777.00	0.256437	-0.073482
17.17	0.00	0.00	0.00	0.00	0.00	0.00	0.00	0.00	0.00	0.00	0.00	0.00	0.00	0.00	0.00	0.00	-2.110352	-0.601562	-0.045410	-30.870001	36.049999	-73.010002	0.00	0.000000	0.000000	0.25	0.25	0.25	0.25	0.25	0.25	0.00	2.25	4.75	11.00	15.00	10.50	8.00	21.00	3.00	5.50	-0.265137	0.125977	1.049805	12.530000	56.630001	-9.100000	804.00	0.256685	-0.066214
17.18	0.00	0.00	0.00	0.00	0.00	0.00	0.00	0.00	0.00	0.00	0.00	0.00	0.00	0.00	0.00	0.00	-1.813965	-0.341309	0.224121	-36.889999	79.169998	-92.050003	0.00	0.000000	0.000000	0.25	0.25	0.00	0.25	0.00	0.00	0.00	1.75	5.50	11.25	15.50	10.50	7.75	22.25	3.00	5.50	-0.284180	0.116211	1.049805	16.100000	69.019997	-9.170000	815.00	0.265659	-0.055006
17.19	0.00	0.00	0.00	0.00	0.00	0.00	0.00	0.00	0.00	0.00	0.00	0.00	0.00	0.00	0.00	0.00	-1.267578	0.186523	0.595703	-40.529999	108.639999	-92.400002	0.00	0.000000	0.000000	0.25	0.25	0.25	0.25	0.00	0.25	0.00	1.50	5.75	11.75	16.00	10.75	7.75	23.00	3.25	5.75	-0.319336	0.149902	1.035156	16.870001	80.220001	-9.030000	843.00	0.264896	-0.051570
17.20	0.00	0.00	0.25	0.00	0.00	0.00	0.00	0.00	0.00	0.00	0.00	0.00	0.00	0.00	0.00	0.00	1.150391	0.053711	0.414062	-196.139999	217.630005	-82.389999	3.00	0.000000	0.000000	0.25	0.25	0.25	0.25	0.00	0.00	0.00	1.00	6.25	12.25	15.75	11.00	7.25	24.00	3.00	5.75	-0.334961	0.138672	1.103027	16.240000	90.019997	-9.310000	846.00	0.269986	-0.040627
17.21	0.25	0.50	0.50	0.50	0.00	0.00	0.00	0.00	0.00	0.00	0.00	0.00	0.00	0.00	0.00	0.00	-0.125000	0.571777	1.600586	-153.720001	188.229996	-77.419998	18.00	0.000000	0.000000	0.00	0.25	0.25	0.00	0.00	0.00	0.00	0.50	6.50	12.50	14.75	10.75	6.75	25.00	3.50	5.75	-0.357422	0.222656	1.126465	10.990000	100.519997	-10.430000	835.00	0.279923	-0.029831
17.22	1.00	3.00	1.00	2.00	0.00	0.00	0.00	0.00	0.00	0.00	0.00	0.00	0.00	0.00	0.00	0.00	-0.330566	0.081543	0.738281	-172.339996	170.869995	-71.120003	71.00	-0.351166	-0.104137	0.00	0.00	0.00	0.25	0.00	0.25	0.00	0.50	6.75	12.50	15.75	10.25	6.00	26.25	3.50	6.00	-0.362793	0.188477	1.083984	2.030000	119.349998	-16.100000	850.00	0.282724	-0.024050
17.23	1.25	4.00	1.75	3.25	0.00	0.00	0.00	0.00	0.00	0.00	0.00	0.00	0.00	0.00	0.00	0.00	-0.228027	0.152344	1.089355	-201.740005	180.039993	-80.010002	105.00	-0.343061	-0.104679	0.00	0.00	0.25	0.00	0.00	0.00	0.00	0.00	7.00	12.75	15.75	9.50	5.25	27.00	4.00	5.75	-0.375000	0.143066	1.074219	-1.400000	130.199997	-18.410000	841.00	0.289843	-0.009879
17.24	2.50	5.00	2.75	4.00	0.00	0.00	0.00	0.00	0.00	0.00	0.00	0.00	0.00	0.00	0.00	0.00	-0.183105	0.411621	1.114746	-179.410004	184.940002	-59.849998	146.00	-0.343992	-0.081658	0.00	0.00	0.00	0.00	0.00	0.00	0.00	0.00	7.00	12.75	15.50	8.75	4.50	27.50	3.50	5.75	-0.440430	0.174316	1.072266	-4.830000	142.169998	-19.460001	820.00	0.293572	-0.002103
17.25	3.50	5.50	3.50	5.50	0.00	0.00	0.00	0.00	0.00	0.00	0.00	0.00	0.00	0.00	0.00	0.00	-0.322266	0.565430	0.841797	-107.730003	199.220001	-12.880000	186.00	-0.340578	-0.078131	0.00	0.00	0.00	0.00	0.00	0.00	0.00	0.00	7.25	12.25	14.25	8.00	3.75	27.75	3.50	5.75	-0.428223	0.173828	1.084473	-9.940000	157.500000	-22.049999	793.00	0.297081	0.007663
17.26	5.25	6.00	4.50	6.50	0.00	0.00	0.00	0.00	0.00	0.00	0.00	0.00	0.00	0.00	0.00	0.00	-0.407227	-0.007324	1.172852	-63.420002	222.949997	20.299999	231.00	-0.340875	-0.064110	0.00	0.00	0.00	0.00	0.00	0.00	0.00	0.00	7.50	12.00	13.50	7.00	3.00	27.25	3.75	5.75	-0.458008	0.159668	1.112305	-14.420000	175.350006	-24.219999	767.00	0.299883	0.016775
17.27	6.25	7.25	5.50	8.00	0.00	0.25	0.00	0.00	0.00	0.00	0.00	0.00	0.00	0.00	0.00	0.00	-3.239258	-0.823242	7.825684	-109.760002	249.270004	-10.500000	283.00	-0.338363	-0.067237	0.00	0.00	0.00	0.00	0.00	0.00	0.00	0.00	7.00	12.50	12.75	6.25	2.25	26.50	3.25	5.50	-0.514160	0.201660	1.103027	-17.500000	195.509995	-27.650000	730.00	0.300935	0.023794
17.28	7.75	8.25	8.50	11.50	0.00	2.75	0.00	1.25	0.00	0.00	0.00	0.00	0.25	0.00	0.00	0.00	-3.293457	-0.796387	5.553223	-175.419998	153.020004	-2.730000	428.00	-0.303280	-0.094351	0.00	0.00	0.00	0.00	0.00	0.00	0.00	0.00	6.75	12.00	11.75	5.25	1.75	25.50	3.50	5.00	-0.532227	0.236816	1.124023	-23.100000	230.790009	-39.900002	688.00	0.303806	0.031410
17.29	8.75	8.50	11.00	14.00	0.50	5.00	0.00	1.75	0.00	0.00	0.00	0.00	1.50	0.00	0.00	0.00	-0.496094	-0.001465	1.404785	1.750000	31.710001	3.500000	545.00	-0.280886	-0.105874	0.00	0.00	0.00	0.00	0.00	0.00	0.00	0.00	6.50	11.00	10.50	4.25	1.75	24.00	3.25	4.25	-0.603027	0.052246	1.437012	-27.719999	258.369995	-46.830002	631.00	0.305329	0.037885
17.30	8.75	8.00	11.75	14.00	0.75	5.50	0.25	2.00	0.00	0.00	0.00	0.50	1.75	0.00	0.00	0.50	-0.101562	0.170898	0.839844	12.110000	10.640000	3.430000	574.00	-0.264213	-0.106990	0.00	0.00	0.00	0.00	0.00	0.00	0.00	0.00	5.75	10.25	9.00	3.50	1.50	21.50	2.75	4.00	-0.636719	0.265137	1.576172	-35.560001	289.380005	-46.480000	560.00	0.306042	0.041005
17.31	7.75	7.50	10.50	12.75	0.75	5.25	0.25	2.00	0.00	0.00	0.00	0.75	2.25	0.25	0.00	0.75	-0.231445	0.111816	0.967773	8.190000	22.260000	3.010000	540.00	-0.250141	-0.115035	0.00	0.00	0.00	0.00	0.00	0.00	0.00	0.00	5.00	9.25	7.75	2.50	1.50	18.75	2.25	3.25	-0.691406	0.378906	1.850586	-25.690001	331.100006	-53.060001	483.00	0.306055	0.045089
17.32	7.25	7.00	10.00	12.00	1.25	5.50	0.00	2.25	0.00	0.00	0.25	1.00	2.75	0.50	0.00	1.50	-0.220215	0.101074	0.992188	11.130000	16.030001	2.450000	540.00	-0.230262	-0.124655	0.00	0.00	0.00	0.00	0.00	0.00	0.00	0.00	3.75	8.00	5.50	1.75	1.50	14.75	1.75	2.25	-0.733398	0.173828	1.915527	-32.759998	353.149994	-63.770000	377.00	0.305704	0.046671
17.33	7.00	7.25	10.50	12.00	1.50	6.00	0.00	2.50	0.00	0.00	0.50	1.25	3.00	0.75	0.00	2.50	-0.240234	0.137207	0.997070	12.460000	11.270000	2.310000	572.00	-0.214250	-0.128776	0.00	0.00	0.00	0.00	0.00	0.00	0.00	0.00	2.50	5.50	3.00	0.75	1.00	11.25	1.50	1.50	-0.795898	0.414062	1.855957	-36.820000	371.209991	-65.940002	258.00	0.315537	0.061429
17.34	7.25	7.50	10.75	12.25	1.50	6.25	0.00	3.00	0.00	0.00	0.50	1.50	3.25	1.00	0.00	2.25	-0.212402	0.131348	0.985352	11.900000	8.960000	2.310000	599.00	-0.209395	-0.131745	0.00	0.00	0.00	0.00	0.00	0.00	0.00	0.00	2.00	3.50	1.00	0.50	0.75	7.50	1.00	1.25	-1.188965	0.741699	2.721191	30.730000	397.809998	-69.930000	166.00	0.320127	0.072830
17.35	7.75	7.50	11.25	13.00	2.00	6.50	0.00	3.25	0.00	0.25	0.50	2.25	3.75	1.25	0.00	2.75	-0.227539	0.119141	0.984375	9.660000	5.740000	1.890000	649.00	-0.196456	-0.132749	0.00	0.00	0.00	0.00	0.00	0.00	0.00	0.00	1.50	1.25	0.75	0.25	0.50	4.00	0.50	0.50	-0.999512	0.333008	1.776367	40.180000	393.610016	-85.959999	89.00	0.317420	0.081531
17.36	8.00	7.75	11.50	12.75	2.25	7.25	0.00	3.50	0.00	0.25	0.75	2.25	4.00	1.50	0.00	3.25	-0.219727	0.128906	0.979492	9.030000	4.690000	2.030000	679.00	-0.189117	-0.133744	0.00	0.00	0.00	0.00	0.00	0.00	0.00	0.00	0.75	0.50	0.75	0.00	0.25	1.50	0.25	0.25	-0.997559	0.355469	2.085938	26.250000	374.570007	-100.800003	42.00	0.000000	0.000000
17.37	8.00	8.00	12.00	13.75	2.50	8.00	0.00	3.75	0.00	0.50	1.00	2.25	4.25	2.50	0.00	4.00	-0.220703	0.123535	0.981445	7.840000	3.710000	1.890000	732.00	-0.176191	-0.133257	0.00	0.00	0.00	0.00	0.00	0.00	0.00	0.00	0.50	0.75	0.50	0.25	0.00	1.25	0.25	0.25	-0.274414	0.733887	2.104492	12.810000	374.850006	-115.080002	37.00	0.000000	0.000000
17.38	8.25	8.00	12.00	14.00	2.75	8.50	0.00	4.25	0.00	0.50	1.00	2.50	4.50	2.50	0.00	3.75	-0.218262	0.135742	0.984375	6.440000	3.360000	1.680000	757.00	-0.173999	-0.136841	0.00	0.00	0.00	0.00	0.00	0.00	0.00	0.00	0.25	0.75	0.50	0.50	0.00	1.00	0.25	0.25	-0.702637	0.461426	1.116699	32.270000	360.079987	-131.039993	34.00	0.000000	0.000000
17.39	8.25	8.00	11.50	14.00	2.75	8.50	0.00	4.25	0.00	0.50	1.00	2.50	4.75	2.25	0.00	3.75	-0.216309	0.142578	0.979004	4.830000	2.730000	1.330000	751.00	-0.173991	-0.140349	0.00	0.00	0.00	0.00	0.00	0.00	0.00	0.00	0.25	0.50	0.50	0.25	0.25	1.00	0.25	0.25	0.135254	0.730469	1.375977	44.520000	381.010010	-134.889999	31.00	0.000000	0.000000
17.40	8.00	8.00	11.00	13.75	2.75	8.25	0.00	4.50	0.00	0.25	1.00	2.75	4.75	2.25	0.25	3.50	-0.221680	0.137207	0.978027	4.480000	2.590000	1.260000	743.00	-0.170347	-0.144176	0.00	0.00	0.00	0.00	0.00	0.00	0.00	0.00	0.25	0.50	0.00	0.25	0.25	0.75	0.00	0.00	-0.479004	0.421875	0.398438	89.879997	351.750000	-149.520004	20.00	0.000000	0.000000
17.41	7.75	8.00	11.25	13.25	2.75	8.25	0.00	4.50	0.00	0.25	1.25	2.75	4.75	2.25	0.00	3.75	-0.214355	0.134766	0.969727	3.710000	2.520000	0.840000	739.00	-0.168698	-0.144013	0.00	0.00	0.00	0.00	0.00	0.00	0.00	0.00	0.00	0.00	0.00	0.00	0.00	0.25	0.00	0.00	-0.953125	0.828613	0.451172	138.180008	389.970001	-158.339996	2.00	0.000000	0.000000
17.42	7.50	7.75	10.75	12.75	2.75	8.25	0.00	4.50	0.00	0.25	1.25	3.00	4.75	2.25	0.00	4.00	-0.215820	0.142090	0.968750	2.590000	2.660000	0.490000	727.00	-0.163077	-0.146889	0.00	0.00	0.00	0.00	0.00	0.00	0.00	0.00	0.00	0.00	0.00	0.00	0.00	0.25	0.00	0.00	-0.625977	1.112305	1.876465	186.690002	368.480011	-141.539993	2.00	0.000000	0.000000
17.43	7.50	7.50	10.50	12.75	2.50	8.25	0.00	4.75	0.00	0.50	1.25	3.00	4.50	2.50	0.25	3.25	-0.218750	0.138184	0.968750	2.170000	2.870000	0.420000	724.00	-0.159955	-0.145990	0.00	0.00	0.00	0.00	0.00	0.00	0.00	0.00	0.25	0.00	0.00	0.00	0.00	0.00	0.00	0.00	-0.168945	1.042480	2.152344	211.259995	302.470001	-101.430000	3.00	0.000000	0.000000
17.44	7.00	7.50	10.25	12.50	2.50	8.25	0.00	4.75	0.00	0.25	1.25	3.25	4.50	2.50	0.25	3.75	-0.220703	0.137695	0.965820	1.960000	3.080000	0.350000	716.00	-0.155416	-0.150394	0.00	0.00	0.00	0.00	0.00	0.00	0.00	0.00	0.00	0.00	0.00	0.00	0.00	0.25	0.00	0.00	0.163086	0.872559	1.755859	182.350006	211.330002	-37.660000	2.00	0.000000	0.000000
17.45	6.75	7.25	9.50	11.75	2.50	8.25	0.00	4.50	0.00	0.50	1.50	3.25	4.50	2.75	0.25	3.50	-0.219238	0.137207	0.976562	1.820000	3.010000	0.210000	697.00	-0.147891	-0.149737	0.25	0.00	0.00	0.00	0.00	0.00	0.00	0.00	0.00	0.00	0.00	0.00	0.00	0.00	0.00	0.00	0.245117	0.499023	1.561523	48.509998	48.369999	77.910004	3.00	0.000000	0.000000
17.46	6.25	7.00	9.25	11.50	2.50	8.00	0.25	4.50	0.00	0.25	1.50	3.25	4.75	2.50	0.25	3.75	-0.217285	0.139648	0.977051	1.750000	2.940000	0.280000	683.00	-0.143935	-0.152795	0.00	0.00	0.00	0.00	0.00	0.00	0.00	0.00	0.00	0.25	0.00	0.00	0.00	0.00	0.00	0.00	0.138672	0.358398	1.234863	-43.610001	-36.189999	139.930008	3.00	0.000000	0.000000
17.47	6.50	7.00	9.00	11.50	2.25	8.00	0.25	4.50	0.00	0.25	1.75	3.25	4.75	2.50	0.25	3.75	-0.217285	0.140137	0.966797	1.680000	2.940000	0.000000	683.00	-0.143079	-0.153512	0.00	0.00	0.00	0.00	0.00	0.00	0.00	0.00	0.00	0.00	0.00	0.00	0.00	0.00	0.00	0.00	0.068848	0.233398	0.953613	-108.570000	-94.639999	176.470001	0.00	0.000000	0.000000
17.48	6.25	6.75	8.75	10.75	2.50	7.75	0.00	4.50	0.00	0.25	1.75	3.25	4.50	2.75	0.25	3.50	-0.216797	0.141113	0.976074	1.750000	2.660000	-0.070000	662.00	-0.140236	-0.153114	0.00	0.00	0.00	0.00	0.00	0.00	0.00	0.00	0.00	0.00	0.00	0.00	0.00	0.00	0.00	0.00	-0.055664	0.192383	0.765137	-142.449997	-135.240005	187.320007	0.00	0.000000	0.000000
17.49	5.75	6.50	8.00	10.00	2.25	7.50	0.00	4.50	0.00	0.25	1.75	3.75	4.75	2.50	0.25	3.75	-0.212891	0.135742	0.967285	1.890000	2.520000	-0.210000	639.00	-0.130436	-0.161509	0.00	0.00	0.00	0.00	0.00	0.00	0.00	0.00	0.00	0.00	0.00	0.00	0.00	0.00	0.00	0.00	-0.113770	0.186523	0.624512	-147.210007	-161.839996	182.139999	0.00	0.000000	0.000000
17.50	5.50	6.25	7.50	9.50	2.00	7.75	0.00	4.50	0.00	0.25	2.00	3.75	4.75	2.50	0.00	3.50	-0.212891	0.143555	0.965332	1.750000	2.870000	-0.280000	622.00	-0.127610	-0.165591	0.00	0.00	0.00	0.00	0.00	0.00	0.00	0.00	0.00	0.00	0.00	0.00	0.00	0.00	0.00	0.00	-0.174805	0.141602	0.524414	-118.580002	-189.839996	157.220001	0.00	0.000000	0.000000
17.51	5.50	6.25	7.25	9.25	2.00	7.25	0.00	4.50	0.00	0.50	2.00	3.75	4.75	2.50	0.00	3.75	-0.211914	0.141602	0.971191	1.680000	3.150000	-0.420000	615.00	-0.123417	-0.164890	0.00	0.00	0.00	0.00	0.00	0.00	0.00	0.00	0.00	0.00	0.00	0.00	0.00	0.00	0.00	0.00	-0.205566	0.093750	0.520508	-85.959999	-205.100006	134.119995	0.00	0.000000	0.000000
17.52	5.25	6.25	6.75	8.75	2.00	7.25	0.00	4.75	0.00	0.25	2.00	3.75	4.75	2.75	0.25	3.75	-0.213867	0.145020	0.963379	1.820000	3.360000	-0.420000	607.00	-0.116118	-0.168694	0.00	0.00	0.00	0.00	0.00	0.00	0.00	0.00	0.00	0.00	0.00	0.00	0.00	0.25	0.00	0.00	-0.234375	0.038086	0.570312	-53.130001	-220.570007	110.040001	2.00	0.000000	0.000000
17.53	5.00	5.75	6.75	8.25	2.00	7.25	0.00	5.00	0.00	0.00	2.50	4.25	5.00	3.00	0.50	4.00	-0.216309	0.138184	0.964355	1.960000	3.850000	-0.490000	615.00	-0.100159	-0.172164	0.00	0.00	0.00	0.00	0.00	0.00	0.00	0.00	0.00	0.00	0.00	0.00	0.00	0.00	0.00	0.00	-0.249023	-0.034668	0.598633	-30.660000	-235.899994	86.730003	0.00	0.000000	0.000000
17.54	5.00	6.00	6.75	8.00	2.25	7.25	0.00	5.00	0.00	0.50	2.25	4.25	5.25	2.75	0.50	4.00	-0.211426	0.139160	0.965820	2.100000	4.200000	-0.420000	619.00	-0.099955	-0.171345	0.00	0.00	0.00	0.00	0.00	0.00	0.00	0.00	0.00	0.00	0.00	0.00	0.00	0.00	0.00	0.00	-0.258789	-0.085938	0.597168	-22.260000	-249.759995	65.449997	0.00	0.000000	0.000000
17.55	4.75	5.25	6.25	7.75	2.25	7.00	0.00	5.25	0.00	0.00	3.00	4.25	5.25	3.00	1.00	4.00	-0.217773	0.140625	0.966309	2.240000	4.620000	-0.560000	613.00	-0.084555	-0.174948	0.00	0.00	0.00	0.00	0.00	0.00	0.00	0.00	0.00	0.00	0.00	0.00	0.00	0.00	0.00	0.00	-0.282227	-0.091309	0.566895	-23.870001	-259.980011	47.040001	0.00	0.000000	0.000000
17.56	3.50	5.00	6.00	7.50	2.00	7.00	0.00	5.50	0.00	0.00	3.00	5.00	5.50	3.25	0.25	4.00	-0.216309	0.145508	0.965820	2.100000	4.970000	-0.560000	597.00	-0.073877	-0.187198	0.00	0.00	0.00	0.00	0.00	0.00	0.00	0.00	0.00	0.00	0.00	0.00	0.00	0.00	0.00	0.00	-0.289551	-0.089844	0.535156	-29.400000	-264.739990	31.500000	0.00	0.000000	0.000000
17.57	3.50	5.25	6.00	7.50	2.00	7.00	0.00	5.50	0.00	0.25	3.00	5.75	5.50	3.50	0.00	4.25	-0.225098	0.141113	0.962402	1.400000	5.180000	-0.700000	611.00	-0.069589	-0.186908	0.00	0.00	0.00	0.00	0.00	0.00	0.00	0.00	0.00	0.00	0.00	0.00	0.00	0.00	0.00	0.00	-0.309082	-0.023926	0.535645	-40.740002	-263.410004	13.860000	0.00	0.000000	0.000000
17.58	4.00	5.00	5.75	7.25	2.00	7.00	0.00	5.75	0.00	1.00	3.50	5.50	6.00	4.00	0.50	4.25	-0.215820	0.144531	0.957031	1.050000	5.250000	-0.630000	636.00	-0.055028	-0.181315	0.00	0.00	0.00	0.00	0.00	0.00	0.00	0.00	0.00	0.00	0.00	0.00	0.00	0.00	0.00	0.00	-0.301758	0.048828	0.589844	-48.439999	-261.100006	5.810000	0.00	0.000000	0.000000
17.59	3.50	4.50	5.50	7.25	2.00	7.00	0.00	5.75	0.00	0.75	3.75	5.50	6.25	4.25	0.50	4.25	-0.217285	0.148926	0.961426	0.560000	5.880000	-0.840000	628.00	-0.046267	-0.185511	0.00	0.00	0.00	0.00	0.00	0.00	0.00	0.00	0.00	0.00	0.00	0.00	0.00	0.00	0.00	0.00	-0.301270	0.126465	0.689453	-52.990002	-261.029999	1.120000	0.00	0.000000	0.000000
17.60	3.00	4.25	5.00	7.00	2.00	7.00	0.00	5.75	0.00	0.75	4.25	6.00	6.75	4.50	0.50	4.75	-0.219727	0.145996	0.961914	0.070000	5.880000	-0.980000	632.00	-0.029862	-0.191805	0.00	0.00	0.00	0.00	0.00	0.00	0.00	0.00	0.00	0.00	0.00	0.00	0.00	0.00	0.00	0.00	-0.288086	0.211426	0.791016	-52.220001	-264.670013	0.140000	0.00	0.000000	0.000000
17.61	3.25	4.50	5.00	6.75	2.00	7.00	0.00	6.00	0.00	1.00	4.75	6.50	7.25	5.00	0.50	5.25	-0.222168	0.146973	0.972656	-0.280000	5.810000	-0.980000	662.00	-0.020772	-0.190663	0.00	0.00	0.00	0.00	0.00	0.00	0.00	0.00	0.00	0.00	0.00	0.00	0.00	0.00	0.00	0.00	-0.287598	0.274414	0.895508	-46.270000	-271.880005	2.870000	0.00	0.000000	0.000000
17.62	3.50	4.00	5.25	6.50	2.25	6.75	0.00	6.25	0.00	1.75	5.25	7.25	7.50	5.50	0.75	5.25	-0.220703	0.148438	0.971680	-0.140000	6.440000	-1.190000	694.00	-0.007076	-0.184178	0.00	0.00	0.00	0.00	0.00	0.00	0.00	0.00	0.00	0.00	0.00	0.00	0.00	0.00	0.00	0.00	-0.315918	0.333984	1.013184	-33.810001	-285.950012	11.760000	0.00	0.000000	0.000000
17.63	3.25	4.50	5.25	6.00	2.25	6.75	0.00	6.25	0.00	2.00	5.75	7.50	8.00	6.25	1.00	5.25	-0.219238	0.144531	0.969727	0.140000	6.090000	-1.330000	715.00	0.003620	-0.181892	0.00	0.00	0.00	0.00	0.00	0.00	0.00	0.00	0.00	0.00	0.00	0.00	0.00	0.00	0.00	0.00	-0.347168	0.362305	1.077637	-26.389999	-294.420013	19.180000	0.00	0.000000	0.000000
17.64	2.25	3.75	4.75	5.75	2.50	6.50	0.00	6.50	0.00	2.50	6.00	7.75	8.00	7.00	1.50	5.75	-0.222168	0.150879	0.973633	0.630000	5.600000	-1.330000	718.00	0.027979	-0.182982	0.00	0.00	0.00	0.00	0.00	0.00	0.00	0.00	0.00	0.00	0.00	0.00	0.00	0.00	0.00	0.00	-0.397461	0.363770	1.118652	-21.280001	-301.140015	27.580000	0.00	0.000000	0.000000
17.65	2.00	3.50	4.00	5.25	2.25	6.50	0.00	6.50	0.00	2.50	6.50	8.50	8.50	7.75	2.00	6.00	-0.220215	0.140625	0.970215	1.470000	5.880000	-1.540000	727.00	0.048241	-0.186563	0.00	0.00	0.00	0.00	0.00	0.00	0.00	0.00	0.00	0.00	0.00	0.00	0.00	0.00	0.00	0.00	-0.434570	0.394531	1.161133	-16.240000	-305.690002	36.189999	0.00	0.000000	0.000000
17.66	1.25	2.25	3.25	4.50	2.25	6.25	0.00	6.50	0.00	3.00	7.00	9.25	9.00	8.25	2.00	6.00	-0.222656	0.144531	0.971191	1.960000	6.580000	-1.680000	715.00	0.076292	-0.190919	0.00	0.00	0.00	0.00	0.00	0.00	0.00	0.00	0.00	0.00	0.00	0.00	0.00	0.00	0.00	0.00	-0.463867	0.416504	1.222168	-9.380000	-308.980011	43.540001	0.00	0.000000	0.000000
17.67	1.25	1.50	2.75	3.75	2.25	5.75	0.00	6.50	0.25	4.75	7.50	9.75	9.00	9.50	2.25	6.25	-0.232910	0.141602	0.966797	2.380000	7.210000	-1.960000	736.00	0.102723	-0.178638	0.00	0.00	0.00	0.00	0.00	0.00	0.00	0.00	0.00	0.00	0.00	0.00	0.00	0.00	0.00	0.00	-0.517090	0.429199	1.294434	4.340000	-310.029999	48.860001	0.00	0.000000	0.000000
17.68	0.75	1.75	2.50	3.25	1.75	5.00	0.00	6.25	0.25	4.75	8.50	10.00	9.75	10.00	2.50	6.75	-0.234375	0.166504	0.966797	2.940000	7.770000	-2.240000	736.00	0.120627	-0.181051	0.00	0.00	0.00	0.00	0.00	0.00	0.00	0.00	0.00	0.00	0.00	0.00	0.00	0.00	0.00	0.00	-0.570312	0.420898	1.411621	21.210001	-309.329987	54.180000	0.00	0.000000	0.000000
17.69	0.25	1.75	0.75	2.50	1.75	4.50	0.00	6.50	0.25	4.50	9.00	10.75	10.25	11.00	3.00	6.75	-0.236816	0.143066	0.974121	3.640000	9.240000	-2.800000	730.00	0.147640	-0.188668	0.00	0.00	0.00	0.00	0.00	0.00	0.00	0.00	0.00	0.00	0.00	0.00	0.00	0.00	0.00	0.00	-0.632324	0.433594	1.519531	28.070000	-307.510010	56.840000	0.00	0.000000	0.000000
17.70	0.25	1.25	1.00	1.50	1.50	4.25	0.00	6.25	0.25	5.25	9.75	11.75	10.75	11.00	2.50	7.25	-0.233887	0.150391	0.969238	3.780000	10.010000	-2.940000	736.00	0.160764	-0.187687	0.00	0.00	0.00	0.00	0.00	0.00	0.00	0.00	0.00	0.00	0.00	0.00	0.00	0.00	0.00	0.00	-0.722656	0.460938	1.671387	32.270000	-304.920013	59.779999	0.00	0.000000	0.000000
17.71	0.25	0.75	0.50	1.25	1.25	4.25	0.00	6.25	0.25	5.75	10.25	12.00	10.75	12.25	3.25	7.00	-0.225098	0.157715	0.962402	4.410000	11.060000	-3.220000	751.00	0.177138	-0.182275	0.00	0.00	0.00	0.00	0.00	0.00	0.00	0.00	0.00	0.00	0.00	0.00	0.00	0.00	0.00	0.00	-0.819336	0.526855	1.814941	31.850000	-305.619995	65.940002	0.00	0.000000	0.000000
17.72	0.00	1.25	0.25	0.75	1.00	3.75	0.00	6.25	0.25	5.50	10.50	12.75	11.25	13.00	3.25	7.25	-0.243164	0.164062	0.964355	5.460000	12.110000	-4.480000	757.00	0.186515	-0.184692	0.00	0.00	0.00	0.00	0.00	0.00	0.00	0.00	0.00	0.00	0.00	0.00	0.00	0.00	0.00	0.00	-0.969238	0.596191	1.997070	22.680000	-310.380005	77.349998	0.00	0.000000	0.000000
17.73	0.00	0.75	0.25	0.25	0.50	3.25	0.00	6.00	0.25	6.00	11.25	13.50	11.75	13.75	4.75	7.75	-0.231934	0.157715	0.958984	7.070000	13.370000	-6.650000	782.00	0.206695	-0.180354	0.00	0.00	0.00	0.00	0.00	0.00	0.00	0.00	0.00	0.00	0.00	0.00	0.00	0.00	0.00	0.00	-1.196289	0.683594	2.112793	4.410000	-318.149994	94.220001	0.00	0.000000	0.000000
17.74	0.25	0.25	0.25	0.25	0.50	2.75	0.00	6.00	0.25	6.25	11.50	13.75	12.50	14.50	4.25	8.00	-0.223633	0.153320	0.971191	6.160000	15.610000	-7.000000	791.00	0.211261	-0.178525	0.00	0.00	0.00	0.00	0.00	0.00	0.00	0.00	0.00	0.00	0.00	0.00	0.00	0.00	0.00	0.00	-1.559570	0.775391	2.065430	-26.600000	-325.360016	124.110001	0.00	0.000000	0.000000
17.75	0.25	0.25	0.00	0.25	0.50	2.50	0.00	6.00	0.50	6.75	12.00	14.50	12.50	15.50	3.75	8.00	-0.228027	0.142090	0.975586	9.100000	24.219999	-5.600000	811.00	0.215389	-0.173365	0.00	0.00	0.00	0.00	0.00	0.00	0.00	0.00	0.00	0.00	0.00	0.00	0.00	0.00	0.00	0.00	-1.949707	0.749023	2.019531	-3.850000	-323.820007	138.600006	0.00	0.000000	0.000000
17.76	0.25	0.50	0.25	0.25	0.25	2.00	0.00	5.75	0.75	7.25	12.50	15.00	13.00	16.00	4.25	8.00	-0.255859	0.152344	0.968750	10.640000	27.370001	-5.110000	837.00	0.218898	-0.167916	0.00	0.00	0.00	0.00	0.00	0.00	0.00	0.00	0.00	0.00	0.00	0.00	0.00	0.00	0.00	0.00	-2.281250	0.625977	1.941895	31.780001	-318.010010	144.199997	0.00	0.000000	0.000000
17.77	0.00	0.25	0.00	0.25	0.00	1.75	0.00	5.75	0.50	7.50	13.50	15.50	13.25	16.50	4.00	8.00	-0.260254	0.145996	0.973145	12.530000	30.660000	-4.620000	842.00	0.226671	-0.170461	0.00	0.00	0.00	0.00	0.00	0.00	0.00	0.00	0.00	0.00	0.00	0.00	0.00	0.00	0.00	0.00	-2.519043	0.469238	1.687988	57.189999	-308.489990	142.380005	0.00	0.000000	0.000000
17.78	0.00	0.25	0.00	0.75	0.00	1.50	0.00	5.25	0.75	7.50	14.00	15.75	13.50	17.50	4.00	8.00	-0.252930	0.160645	0.973633	14.840000	34.650002	-4.620000	859.00	0.228456	-0.164167	0.00	0.00	0.00	0.00	0.00	0.00	0.00	0.00	0.00	0.00	0.00	0.00	0.00	0.00	0.00	0.00	-2.681152	0.321289	1.351562	67.550003	-290.709991	135.800003	0.00	0.000000	0.000000
17.79	0.00	0.25	0.00	0.25	0.00	1.50	0.00	5.00	1.25	7.75	14.00	16.75	13.50	19.00	4.75	8.00	-0.252441	0.162598	0.977539	16.379999	38.709999	-5.180000	890.00	0.236884	-0.154856	0.00	0.00	0.00	0.00	0.00	0.00	0.00	0.00	0.00	0.00	0.00	0.00	0.00	0.00	0.00	0.00	-2.822266	0.149902	0.723145	58.099998	-248.639999	116.830002	0.00	0.000000	0.000000
17.80	0.00	0.25	0.00	0.00	0.00	0.75	0.00	4.75	1.25	8.25	15.25	17.50	14.00	20.00	4.75	8.00	-0.267578	0.182129	0.989746	17.500000	43.049999	-6.300000	915.00	0.243892	-0.150380	0.00	0.00	0.00	0.00	0.00	0.00	0.00	0.00	0.00	0.00	0.00	0.00	0.00	0.00	0.00	0.00	-2.920410	0.043945	0.339355	55.860001	-212.660004	102.199997	0.00	0.000000	0.000000
17.81	0.25	0.50	0.25	0.25	0.00	0.50	0.00	4.25	1.50	8.75	15.75	17.50	14.00	21.25	4.75	8.25	-0.263672	0.168945	1.003906	19.040001	49.770000	-8.050000	941.00	0.242658	-0.140575	0.00	0.00	0.00	0.00	0.00	0.00	0.00	0.00	0.00	0.00	0.00	0.00	0.00	0.00	0.00	0.00	-2.976074	-0.104004	-0.026855	58.099998	-171.850006	83.160004	0.00	0.000000	0.000000
17.82	0.25	0.50	0.25	0.25	0.00	0.25	0.00	3.75	2.00	9.25	16.50	18.00	14.00	22.75	4.75	8.00	-0.292480	0.173340	1.004395	19.950001	60.760002	-9.240000	967.00	0.247614	-0.130512	0.00	0.00	0.00	0.00	0.00	0.00	0.00	0.00	0.00	0.00	0.00	0.00	0.00	0.00	0.00	0.00	-3.037598	-0.282715	-0.294434	69.090004	-125.650002	61.740002	0.00	0.000000	0.000000
17.83	0.00	0.25	0.00	0.25	0.00	0.25	0.00	3.25	2.00	9.50	16.75	18.50	13.25	23.25	5.00	8.25	-0.291504	0.166016	1.033691	19.040001	68.879997	-8.960000	963.00	0.256037	-0.126511	0.00	0.00	0.00	0.00	0.00	0.00	0.00	0.00	0.00	0.00	0.00	0.00	0.00	0.00	0.00	0.00	-3.122559	-0.489746	-0.429688	81.760002	-77.980003	39.970001	0.00	0.000000	0.000000
17.84	0.00	0.00	0.25	0.00	0.00	0.00	0.00	2.75	2.50	9.75	17.00	18.25	13.00	24.00	5.25	8.25	-0.306641	0.174805	1.025391	18.969999	77.769997	-9.380000	967.00	0.262591	-0.116421	0.00	0.00	0.00	0.00	0.00	0.00	0.00	0.00	0.00	0.00	0.00	0.00	0.00	0.00	0.00	0.00	-5.279297	-0.845703	-1.419434	59.430000	-45.849998	10.430000	0.00	0.000000	0.000000
17.85	0.00	0.00	0.25	0.25	0.00	0.00	0.00	2.50	2.50	10.00	17.50	18.50	12.75	26.25	5.50	8.25	-0.318359	0.199219	1.020508	19.250000	87.849998	-10.500000	996.00	0.265208	-0.109170	0.25	0.00	0.50	0.00	0.00	0.00	0.00	0.00	0.00	0.00	0.00	0.00	0.00	0.00	0.00	0.00	-3.094727	-0.952637	-1.401855	-130.059998	169.820007	-24.430000	8.00	0.000000	0.000000
17.86	0.00	0.00	0.00	0.25	0.00	0.25	0.00	1.75	2.50	10.25	17.00	18.25	12.00	26.00	5.50	8.25	-0.349609	0.217773	1.027832	20.020000	97.510002	-12.040000	971.00	0.269446	-0.104138	0.50	0.00	0.50	0.25	0.00	0.00	0.00	0.00	0.00	0.00	0.00	0.00	0.00	0.00	0.00	0.00	0.868164	0.321289	0.782227	-162.820007	272.160004	-51.240002	13.00	0.000000	0.000000
17.87	0.00	0.00	0.00	0.25	0.00	0.00	0.00	1.50	2.50	10.75	17.00	18.00	11.25	26.25	5.25	8.50	-0.344238	0.170410	1.057617	15.890000	116.620003	-17.570000	961.00	0.272510	-0.098401	1.25	1.00	0.75	0.75	0.00	0.00	0.00	0.00	0.00	0.00	0.00	0.00	0.00	0.00	0.00	0.00	-0.330078	0.365723	2.291504	-181.369995	231.490005	-42.490002	39.00	0.000000	0.000000
17.88	0.00	0.00	0.00	0.00	0.00	0.00	0.00	1.25	2.75	11.00	16.50	17.50	10.25	26.25	5.25	8.50	-0.375977	0.203125	1.040039	12.880000	128.240005	-19.600000	941.00	0.276721	-0.090555	3.00	4.25	2.00	1.25	0.00	0.00	0.00	0.00	0.00	0.00	0.00	0.00	0.00	0.00	0.00	0.00	-0.362305	0.392578	1.643066	-131.740005	176.050003	-13.230000	106.00	-0.364369	-0.039673
17.89	0.00	0.00	0.00	0.00	0.00	0.00	0.00	1.00	2.75	11.00	16.50	16.75	9.25	27.00	5.25	8.25	-0.410156	0.188965	1.037598	13.300000	143.149994	-21.000000	926.00	0.280326	-0.081913	5.00	5.50	2.75	2.75	0.00	0.00	0.00	0.00	0.00	0.00	0.00	0.00	0.00	0.00	0.00	0.00	-0.193359	0.003418	0.624512	-86.870003	168.630005	7.700000	163.00	-0.360201	-0.041812
17.90	0.00	0.00	0.00	0.00	0.00	0.25	0.00	1.00	3.00	11.25	15.75	16.25	8.75	26.75	5.50	8.50	-0.422363	0.218262	1.039551	14.350000	161.419998	-22.610001	919.00	0.280429	-0.078435	6.25	6.50	4.00	4.25	0.00	0.00	0.00	0.00	0.00	0.00	0.00	0.00	0.00	0.00	0.00	0.00	-0.120605	-0.301270	0.935059	-74.129997	208.880005	2.030000	216.00	-0.353540	-0.043569
17.91	0.00	0.00	0.00	0.00	0.00	0.00	0.00	0.75	3.00	11.50	15.50	15.00	8.50	26.25	5.50	8.50	-0.453613	0.249512	1.086914	13.720000	183.399994	-27.020000	892.00	0.283764	-0.073065	7.00	7.25	4.50	5.25	0.00	0.00	0.00	0.00	0.00	0.00	0.00	0.00	0.00	0.00	0.00	0.00	-0.350098	-0.209473	1.236328	-49.349998	213.850006	0.840000	247.00	-0.351954	-0.047257
17.92	0.00	0.00	0.00	0.00	0.00	0.00	0.00	0.75	2.75	11.50	15.25	13.75	7.50	25.00	5.50	8.25	-0.501953	0.320801	1.214844	11.130000	208.949997	-33.250000	853.00	0.284662	-0.069623	7.50	8.00	5.00	5.75	0.00	0.00	0.00	0.00	0.00	0.00	0.00	0.00	0.00	0.00	0.00	0.00	-0.467773	-0.470703	1.349121	-36.959999	209.580002	-9.660000	270.00	-0.351502	-0.048092
17.93	0.00	0.00	0.00	0.00	0.00	0.00	0.00	0.50	3.00	11.50	14.50	13.00	6.50	23.00	5.25	7.75	-0.523438	0.445312	1.245605	8.330000	240.869995	-46.340000	805.00	0.285152	-0.064179	8.25	8.75	5.50	6.50	0.00	0.00	0.00	0.00	0.00	0.00	0.00	0.00	0.00	0.00	0.00	0.00	-0.429199	-0.368652	1.173340	-37.660000	202.649994	-31.500000	299.00	-0.350990	-0.049047
17.94	0.00	0.00	0.00	0.00	0.00	0.00	0.00	0.50	2.75	11.25	13.00	11.75	5.75	20.50	4.50	7.50	-0.550781	0.356445	1.278809	13.230000	273.350006	-62.510002	733.00	0.283967	-0.063716	9.75	10.00	8.75	9.25	0.25	0.50	0.00	0.00	0.00	0.00	0.00	0.00	0.00	0.00	0.00	0.00	-0.668945	-0.583496	2.358398	10.010000	78.470001	2.730000	400.00	-0.338133	-0.049292
17.95	0.00	0.00	0.00	0.00	0.00	0.00	0.00	0.75	2.75	10.50	12.00	10.75	5.50	17.75	4.00	6.50	-0.757324	0.395508	1.792480	9.800000	313.459991	-73.290001	672.00	0.279200	-0.067563	11.00	10.50	12.00	11.75	0.75	3.00	0.00	0.25	0.00	0.00	0.00	0.00	0.25	0.00	0.00	0.00	0.052734	-0.169434	0.048828	74.550003	37.310001	16.730000	520.00	-0.316253	-0.060735
17.96	0.00	0.00	0.00	0.00	0.00	0.00	0.00	0.50	3.00	9.00	10.00	9.00	5.00	14.00	3.50	5.50	-0.940918	0.485840	1.627930	17.430000	344.399994	-79.169998	570.00	0.277751	-0.066133	11.00	10.25	13.00	12.50	1.75	4.75	0.00	1.00	0.00	0.00	0.00	0.50	0.50	0.00	0.00	0.00	-0.431641	0.068359	2.542969	-0.070000	82.180000	6.230000	586.00	-0.293141	-0.074416
17.97	0.00	0.00	0.00	0.00	0.00	0.00	0.00	0.50	2.50	7.25	8.00	7.00	4.25	10.00	2.75	4.00	-0.876465	0.485840	2.102539	37.450001	369.809998	-87.290001	446.00	0.272819	-0.071287	10.50	10.00	13.00	12.00	2.25	5.00	0.00	1.25	0.00	0.00	0.50	0.75	1.00	0.50	0.00	0.25	-0.262695	0.110840	1.099609	15.680000	3.570000	3.780000	603.00	-0.271359	-0.078801
17.98	0.00	0.00	0.00	0.00	0.00	0.00	0.00	0.25	1.75	5.75	5.25	5.00	3.00	7.25	1.75	2.75	-0.991699	0.935547	2.159668	27.160000	400.610016	-97.930000	315.00	0.273813	-0.065280	10.00	9.50	12.75	11.75	2.25	5.50	0.00	1.50	0.00	0.25	0.50	1.00	1.50	1.00	0.00	0.50	-0.227051	0.133789	1.013184	12.670000	17.850000	4.480000	612.00	-0.252912	-0.085287
17.99	0.00	0.00	0.00	0.00	0.00	0.00	0.00	0.00	1.25	4.00	1.50	1.75	2.00	4.25	1.00	1.50	-0.998047	0.465820	2.606445	61.670002	394.380005	-110.180000	164.00	0.284085	-0.031192	9.50	9.25	12.75	12.00	2.75	6.00	0.00	2.00	0.00	0.50	0.75	1.25	2.00	1.50	0.00	1.25	-0.232422	0.132324	0.985352	12.390000	15.470000	3.780000	647.00	-0.229619	-0.093699
18.00	0.00	0.00	0.00	0.00	0.00	0.00	0.00	0.00	1.00	1.50	1.25	1.25	1.00	2.00	0.50	0.50	-1.007324	1.097168	1.732910	58.310001	397.670013	-124.599998	89.00	0.275514	-0.034839	9.25	9.25	13.00	12.25	3.25	6.25	0.00	2.50	0.00	0.50	1.00	1.50	2.25	2.00	0.00	1.50	-0.272461	0.135742	1.049805	7.840000	12.600000	2.730000	678.00	-0.215796	-0.097840
18.01	0.00	0.00	0.00	0.00	0.00	0.00	0.00	0.00	0.75	1.25	1.25	1.00	0.50	1.25	0.25	0.25	-1.007812	1.100098	1.762207	109.270004	380.660004	-142.869995	65.00	0.267148	-0.028497	9.25	9.50	13.00	12.25	3.75	6.50	0.00	2.75	0.00	0.75	1.00	2.00	2.50	2.50	0.25	1.75	-0.242676	0.134766	1.029297	4.060000	7.280000	1.890000	711.00	-0.201251	-0.099763
18.02	0.00	0.00	0.00	0.00	0.00	0.00	0.00	0.00	0.25	0.75	1.00	0.75	0.50	1.25	0.25	0.50	-0.555176	0.676758	1.545898	144.270004	350.140015	-172.759995	50.00	0.000000	0.000000	9.50	9.50	13.25	12.50	3.75	7.00	0.00	2.75	0.00	0.75	1.25	2.00	2.75	2.75	0.25	2.00	-0.234863	0.142578	0.988770	1.820000	4.340000	1.540000	733.00	-0.196721	-0.100779
18.03	0.00	0.00	0.00	0.00	0.00	0.00	0.00	0.00	0.25	0.75	0.75	0.75	0.50	1.50	0.25	0.25	-0.196289	0.591797	1.547852	143.570007	332.989990	-189.210007	48.00	0.000000	0.000000	9.75	9.75	13.00	12.25	4.00	7.00	0.00	2.75	0.00	1.00	1.50	2.00	2.75	2.75	0.25	2.25	-0.232422	0.145996	0.991211	1.120000	3.990000	1.260000	741.00	-0.193220	-0.099772
18.04	0.00	0.00	0.00	0.00	0.00	0.00	0.00	0.00	0.25	0.75	0.50	0.50	0.25	0.75	0.00	0.25	0.097656	0.647461	1.336426	153.720001	317.869995	-205.729996	32.00	0.000000	0.000000	9.50	9.50	13.00	12.00	4.50	7.00	0.25	3.00	0.00	1.00	2.00	2.25	2.75	2.75	0.25	2.50	-0.229004	0.140625	0.986816	0.560000	4.200000	1.050000	756.00	-0.183405	-0.099593
18.05	0.00	0.00	0.00	0.00	0.00	0.00	0.00	0.00	0.00	0.25	0.25	0.50	0.25	0.25	0.00	0.00	1.029297	0.045410	1.842285	176.050003	261.589996	-236.669998	15.00	0.000000	0.000000	9.25	9.25	12.50	11.75	4.50	7.25	0.25	3.50	0.00	1.00	2.00	2.00	3.00	3.25	0.25	2.75	-0.236328	0.135254	0.995117	-0.140000	4.130000	0.770000	758.00	-0.175172	-0.103773
18.06	0.00	0.00	0.00	0.00	0.00	0.00	0.00	0.00	0.00	0.00	0.00	0.25	0.00	0.50	0.00	0.00	0.325195	0.765625	3.361816	153.720001	136.220001	-257.950012	7.00	0.000000	0.000000	9.00	9.25	12.00	11.50	4.50	7.00	0.00	3.25	0.00	1.00	2.00	2.00	3.00	3.50	0.25	2.75	-0.240234	0.145020	0.991699	-0.560000	3.640000	0.490000	739.00	-0.173815	-0.104385
18.07	0.00	0.00	0.00	0.00	0.00	0.00	0.00	0.00	0.00	0.25	0.25	0.25	0.00	0.00	0.00	0.25	1.026855	0.417969	2.461426	119.209999	-36.330002	-241.500000	9.00	0.000000	0.000000	8.75	9.00	11.50	11.00	4.25	7.00	0.25	3.50	0.25	1.25	2.50	2.25	3.25	3.50	0.25	2.75	-0.231934	0.135742	0.994141	-0.560000	2.590000	0.210000	744.00	-0.160293	-0.105360
18.08	0.00	0.00	0.00	0.00	0.00	0.00	0.00	0.00	0.00	0.25	0.00	0.00	0.00	0.50	0.00	0.25	0.534180	0.264160	1.619629	28.559999	-207.759995	-207.970001	8.00	0.000000	0.000000	8.50	8.50	11.50	10.50	4.25	7.00	0.25	3.25	0.00	1.50	2.50	2.50	3.00	3.50	0.50	3.00	-0.244141	0.136230	0.989746	-0.070000	1.820000	0.210000	731.00	-0.154710	-0.104379
18.09	0.00	0.00	0.00	0.00	0.00	0.00	0.00	0.00	0.00	0.25	0.25	0.25	0.25	0.50	0.00	0.00	0.378418	0.247070	0.951172	-28.280001	-250.809998	-189.630005	14.00	0.000000	0.000000	8.25	8.25	10.75	10.25	4.00	6.75	0.25	3.25	0.00	1.50	2.50	2.50	2.75	3.50	0.50	3.00	-0.234863	0.137695	0.993652	0.560000	1.120000	0.490000	708.00	-0.152240	-0.105682
18.10	0.00	0.00	0.00	0.00	0.00	0.00	0.00	0.00	0.00	0.00	0.00	0.00	0.00	0.50	0.00	0.00	0.217285	0.345703	0.599121	-60.549999	-261.029999	-177.869995	4.00	0.000000	0.000000	8.25	8.25	10.50	10.00	3.75	6.50	0.00	3.25	0.25	1.50	2.50	2.25	3.00	3.25	0.25	3.00	-0.239746	0.140625	0.987305	0.980000	0.560000	0.490000	691.00	-0.154933	-0.107465
18.11	0.00	0.00	0.00	0.00	0.00	0.00	0.00	0.00	0.00	0.00	0.00	0.00	0.00	0.25	0.00	0.00	0.134766	0.477051	0.384766	-60.760002	-256.410004	-165.130005	2.00	0.000000	0.000000	7.75	8.00	9.75	9.50	3.50	6.50	0.00	3.50	0.25	1.50	2.25	2.25	3.00	3.25	0.25	3.00	-0.237793	0.143555	0.988281	1.470000	0.070000	0.490000	668.00	-0.150434	-0.112719
18.12	0.00	0.00	0.00	0.00	0.00	0.00	0.00	0.00	0.00	0.25	0.00	0.00	0.00	0.25	0.00	0.00	0.103027	0.579590	0.266113	-37.869999	-246.399994	-147.839996	5.00	0.000000	0.000000	7.25	7.75	9.25	9.25	3.75	6.50	0.00	3.50	0.00	1.25	2.50	2.25	3.00	3.25	0.50	3.00	-0.235840	0.146973	0.975586	1.540000	-0.070000	0.350000	654.00	-0.145676	-0.117332
18.13	0.00	0.00	0.00	0.00	0.00	0.00	0.00	0.00	0.00	0.00	0.00	0.00	0.00	0.25	0.00	0.00	0.099121	0.620117	0.227051	-5.880000	-234.009995	-124.250000	2.00	0.000000	0.000000	7.00	7.25	8.75	8.75	3.50	6.25	0.25	3.25	0.00	1.25	2.50	2.25	3.00	3.00	0.50	2.75	-0.234375	0.145508	0.983887	1.750000	0.000000	0.140000	627.00	-0.142813	-0.115649
18.14	0.00	0.00	0.00	0.00	0.00	0.00	0.00	0.00	0.00	0.00	0.00	0.00	0.00	0.25	0.00	0.00	0.082031	0.633301	0.278809	22.049999	-222.110001	-93.519997	2.00	0.000000	0.000000	6.75	7.00	8.00	8.50	3.25	6.25	0.00	3.00	0.00	1.25	2.25	2.50	3.00	2.50	0.50	2.50	-0.229980	0.142090	0.976074	1.680000	0.350000	-0.000000	595.00	-0.145750	-0.122579
18.15	0.00	0.00	0.00	0.00	0.00	0.00	0.00	0.00	0.00	0.00	0.00	0.25	0.25	0.25	0.00	0.00	0.067383	0.654785	0.437500	38.920002	-209.720001	-35.980000	7.00	0.000000	0.000000	6.50	6.75	7.50	8.25	2.50	6.00	0.00	3.25	0.00	1.25	2.25	2.50	3.25	2.50	0.25	2.75	-0.237305	0.141602	0.972168	1.820000	0.490000	-0.000000	576.00	-0.141201	-0.130620
18.16	0.00	0.00	0.00	0.00	0.00	0.00	0.00	0.00	0.00	0.00	0.00	0.25	0.25	0.00	0.00	0.00	0.056152	0.669434	0.568359	39.689999	-206.990005	6.930000	5.00	0.000000	0.000000	6.00	6.50	7.00	7.75	2.75	6.00	0.00	3.25	0.25	1.50	2.25	2.50	3.25	2.50	0.25	2.75	-0.238281	0.144531	0.979004	1.890000	0.420000	-0.000000	566.00	-0.130911	-0.129754
18.17	0.00	0.00	0.00	0.00	0.00	0.00	0.00	0.00	0.00	0.00	0.00	0.00	0.00	0.00	0.00	0.00	0.006348	0.665527	0.663086	43.540001	-209.160004	48.790001	0.00	0.000000	0.000000	5.75	6.25	6.75	7.50	2.75	5.75	0.00	3.75	0.00	1.50	2.50	2.50	3.00	2.50	0.25	3.00	-0.234863	0.142090	0.971191	1.820000	0.350000	0.070000	559.00	-0.125879	-0.135667
18.18	0.00	0.00	0.00	0.00	0.00	0.00	0.00	0.00	0.00	0.00	0.00	0.00	0.00	0.00	0.00	0.00	-0.065918	0.612305	0.742676	53.760002	-214.479996	85.050003	0.00	0.000000	0.000000	5.75	6.00	6.75	7.50	2.25	5.75	0.00	3.75	0.00	1.50	2.50	2.75	3.50	2.75	0.25	2.75	-0.234375	0.139648	0.972656	1.890000	0.210000	0.070000	559.00	-0.119951	-0.139132
18.19	0.00	0.00	0.00	0.00	0.00	0.00	0.00	0.00	0.00	0.00	0.25	0.00	0.00	0.00	0.00	0.00	-0.180176	0.501465	0.854492	67.550003	-220.430008	111.790001	3.00	0.000000	0.000000	5.25	6.00	6.50	7.00	2.50	5.75	0.00	3.50	0.00	1.50	2.75	2.75	3.75	2.75	0.50	2.75	-0.239258	0.140137	0.974121	1.890000	0.350000	0.140000	552.00	-0.110369	-0.139905
18.20	0.00	0.00	0.00	0.00	0.00	0.00	0.00	0.00	0.00	0.25	0.00	0.00	0.00	0.00	0.00	0.00	-0.230469	0.369629	0.894043	80.779999	-225.960007	128.240005	3.00	0.000000	0.000000	5.25	5.75	6.50	7.00	2.75	5.50	0.25	3.75	0.00	1.25	2.75	2.75	3.75	2.75	0.50	2.75	-0.231934	0.146973	0.970703	1.890000	0.560000	0.070000	555.00	-0.108634	-0.138219
18.21	0.00	0.00	0.00	0.00	0.00	0.00	0.00	0.00	0.00	0.25	0.00	0.00	0.00	0.00	0.00	0.00	-0.320312	0.240234	0.975098	91.070000	-230.860001	134.610001	3.00	0.000000	0.000000	5.25	6.00	6.50	6.75	2.75	5.75	0.00	4.00	0.00	1.25	2.75	3.00	4.00	2.75	0.50	3.25	-0.237793	0.144531	0.974121	1.540000	0.770000	0.140000	564.00	-0.105043	-0.145646
18.22	0.00	0.00	0.00	0.00	0.00	0.00	0.00	0.00	0.00	0.25	0.00	0.00	0.00	0.00	0.00	0.00	-0.481445	0.075195	1.126465	103.320000	-239.470001	127.400002	3.00	0.000000	0.000000	5.25	5.75	6.50	6.75	2.75	5.75	0.00	4.00	0.25	1.75	3.25	3.50	4.00	3.00	0.75	3.00	-0.240234	0.143555	0.970703	1.470000	1.190000	0.070000	584.00	-0.089814	-0.140581
18.23	0.00	0.00	0.00	0.00	0.00	0.00	0.00	0.00	0.00	0.00	0.00	0.00	0.00	0.00	0.00	0.00	-0.611816	0.006348	1.208496	112.209999	-246.399994	114.379997	0.00	0.000000	0.000000	5.25	5.50	6.25	6.75	2.50	5.75	0.00	4.25	0.25	1.50	3.25	3.75	4.25	3.00	0.75	2.75	-0.236328	0.147461	0.969238	1.190000	1.330000	-0.070000	581.00	-0.087212	-0.146590
18.24	0.00	0.00	0.00	0.00	0.00	0.00	0.00	0.00	0.00	0.00	0.00	0.00	0.00	0.00	0.00	0.00	-0.727051	-0.035645	1.290039	119.279999	-252.070007	98.769997	0.00	0.000000	0.000000	5.00	5.75	6.50	6.75	2.50	6.00	0.00	4.50	0.00	1.75	3.50	4.25	4.25	3.00	0.75	2.75	-0.242676	0.143066	0.971191	0.770000	1.540000	-0.210000	598.00	-0.084239	-0.151374
18.25	0.00	0.00	0.00	0.00	0.00	0.00	0.00	0.00	0.00	0.00	0.00	0.00	0.00	0.00	0.00	0.00	-0.840332	-0.048340	1.367676	121.379997	-254.940002	84.699997	0.00	0.000000	0.000000	5.25	5.75	6.25	6.75	2.75	6.00	0.00	4.50	0.00	1.75	3.75	4.00	4.50	3.50	1.00	3.00	-0.234863	0.143555	0.976562	0.700000	1.680000	-0.280000	610.00	-0.077406	-0.148511
18.26	0.00	0.00	0.00	0.00	0.00	0.00	0.00	0.00	0.00	0.25	0.00	0.00	0.00	0.00	0.00	0.00	-0.933105	-0.028809	1.416016	118.720001	-256.480011	74.760002	3.00	0.000000	0.000000	5.25	5.75	6.50	6.75	2.50	6.00	0.00	4.75	0.25	2.00	3.75	4.00	4.75	3.25	0.75	3.25	-0.241211	0.147461	0.977051	0.560000	1.890000	-0.280000	619.00	-0.076463	-0.149599
18.27	0.00	0.00	0.00	0.00	0.00	0.00	0.00	0.00	0.00	0.00	0.00	0.00	0.00	0.00	0.00	0.00	-1.023438	0.075684	1.478027	114.379997	-256.899994	70.840004	0.00	0.000000	0.000000	5.00	5.75	6.50	6.75	2.75	5.75	0.00	4.75	0.25	2.25	4.00	4.25	5.00	3.50	0.75	3.50	-0.239746	0.139648	0.979980	0.210000	2.030000	-0.350000	630.00	-0.067808	-0.149119
18.28	0.00	0.00	0.00	0.00	0.00	0.00	0.00	0.00	0.00	0.00	0.00	0.00	0.00	0.00	0.00	0.00	-1.091309	0.208984	1.533691	111.300003	-255.710007	79.309998	0.00	0.000000	0.000000	4.75	5.50	6.00	6.50	3.00	5.75	0.00	5.00	0.25	2.50	4.50	4.75	5.25	4.00	0.75	3.50	-0.238281	0.146973	0.977539	-0.070000	2.170000	-0.420000	643.00	-0.052583	-0.151338
18.29	0.00	0.00	0.00	0.00	0.00	0.00	0.00	0.00	0.00	0.00	0.00	0.00	0.00	0.00	0.00	0.00	-1.180176	0.272461	1.587891	113.540001	-252.490005	90.860001	0.00	0.000000	0.000000	5.00	5.50	6.00	6.25	3.00	5.75	0.00	5.00	0.25	2.25	5.00	5.25	5.25	4.50	1.00	3.50	-0.241211	0.146973	0.977539	-0.350000	2.100000	-0.420000	657.00	-0.044978	-0.149324
18.30	0.00	0.00	0.00	0.00	0.00	0.00	0.00	0.00	0.00	0.00	0.00	0.00	0.00	0.00	0.00	0.00	-1.255859	0.284180	1.621582	118.160004	-248.779999	104.720001	0.00	0.000000	0.000000	4.50	5.50	5.75	6.25	3.00	5.75	0.00	5.25	0.25	2.75	5.50	5.50	5.75	4.75	1.00	3.50	-0.241211	0.148438	0.973633	-0.560000	1.890000	-0.420000	673.00	-0.032987	-0.153313
18.31	0.00	0.00	0.00	0.00	0.00	0.00	0.00	0.00	0.00	0.00	0.00	0.00	0.00	0.00	0.00	0.00	-1.349609	0.296875	1.625488	118.650002	-242.619995	118.230003	0.00	0.000000	0.000000	4.50	5.50	5.50	6.00	3.00	5.75	0.00	5.25	0.50	2.75	5.25	5.25	6.00	4.75	1.00	3.75	-0.249023	0.145508	0.971680	-0.700000	1.820000	-0.490000	669.00	-0.030066	-0.152850
18.32	0.00	0.00	0.00	0.00	0.00	0.00	0.00	0.00	0.00	0.00	0.00	0.00	0.00	0.00	0.00	0.00	-1.452637	0.294922	1.661133	116.690002	-234.639999	129.639999	0.00	0.000000	0.000000	4.75	5.00	5.25	5.75	2.75	5.75	0.00	5.25	0.50	3.00	5.75	5.25	6.25	5.50	1.00	4.00	-0.232910	0.147461	0.977539	-0.770000	2.100000	-0.700000	676.00	-0.017832	-0.150407
18.33	0.00	0.00	0.00	0.00	0.00	0.00	0.00	0.00	0.00	0.00	0.00	0.00	0.00	0.00	0.00	0.00	-1.585938	0.243164	1.689453	114.590004	-225.540009	136.850006	0.00	0.000000	0.000000	4.00	5.00	5.00	5.50	2.75	5.75	0.00	5.25	0.50	3.00	6.00	6.00	6.25	6.00	1.50	4.25	-0.246582	0.144531	0.982910	-0.630000	2.240000	-0.770000	684.00	-0.001127	-0.153328
18.34	0.00	0.00	0.00	0.00	0.00	0.00	0.00	0.00	0.00	0.00	0.00	0.00	0.00	0.00	0.00	0.00	-1.720215	0.176758	1.648438	115.360001	-215.880005	138.460007	0.00	0.000000	0.000000	3.75	5.00	4.75	5.25	2.75	5.75	0.00	5.25	0.50	3.00	6.25	6.50	6.25	6.25	1.50	4.25	-0.239258	0.146973	0.977051	-0.280000	2.240000	-0.770000	686.00	0.006364	-0.154938
18.35	0.00	0.00	0.00	0.00	0.00	0.00	0.00	0.00	0.00	0.00	0.00	0.00	0.00	0.00	0.00	0.00	-1.843262	0.023438	1.484863	112.419998	-201.039993	127.889999	0.00	0.000000	0.000000	2.50	4.25	4.00	5.00	2.75	5.50	0.00	5.50	0.50	3.50	6.75	6.50	6.75	6.75	1.50	4.25	-0.244629	0.146484	0.980957	-0.140000	2.450000	-0.840000	675.00	0.030746	-0.161363
18.36	0.00	0.00	0.00	0.00	0.00	0.00	0.00	0.00	0.00	0.25	0.00	0.00	0.00	0.00	0.00	0.00	-1.857910	-0.091309	1.312500	112.559998	-188.789993	112.629997	3.00	0.000000	0.000000	2.50	3.75	3.50	4.50	2.25	5.50	0.00	5.50	0.50	3.50	7.00	7.00	7.00	7.00	1.75	4.50	-0.250000	0.144531	0.983398	0.490000	3.010000	-1.120000	670.00	0.046128	-0.165487
18.37	0.00	0.00	0.00	0.00	0.00	0.00	0.00	0.00	0.00	0.25	0.00	0.00	0.00	0.00	0.00	0.00	-1.799805	-0.274414	1.070312	120.400002	-171.639999	94.010002	3.00	0.000000	0.000000	2.25	3.50	2.50	3.75	1.75	5.00	0.00	5.25	0.50	3.75	7.50	7.25	7.50	7.50	2.00	4.50	-0.250977	0.141602	0.976562	1.120000	3.500000	-1.190000	653.00	0.070034	-0.168477
18.38	0.00	0.00	0.00	0.00	0.00	0.00	0.00	0.00	0.00	0.25	0.00	0.00	0.00	0.00	0.00	0.00	-1.719238	-0.525879	0.834473	135.029999	-148.680008	75.180000	3.00	0.000000	0.000000	1.25	3.00	2.25	3.25	1.50	4.75	0.00	5.50	0.50	3.75	8.00	7.50	8.00	7.75	2.00	4.75	-0.244141	0.153809	0.979492	1.610000	4.200000	-1.120000	644.00	0.091149	-0.176670
18.39	0.00	0.00	0.00	0.00	0.00	0.00	0.00	0.00	0.00	0.25	0.25	0.00	0.00	0.00	0.00	0.00	-1.654297	-0.975098	0.679688	154.000000	-104.019997	45.570000	5.00	0.000000	0.000000	0.50	1.75	1.75	2.50	1.50	4.75	0.00	5.50	0.50	4.00	8.50	8.00	8.25	8.25	2.00	5.00	-0.251953	0.152832	0.976074	2.100000	4.970000	-1.260000	632.00	0.120276	-0.180470
18.40	0.00	0.00	0.00	0.00	0.00	0.00	0.00	0.00	0.00	0.25	0.25	0.00	0.00	0.00	0.00	0.00	-1.656738	-1.103516	0.678223	152.250000	-89.040001	34.930000	5.00	0.000000	0.000000	0.50	2.50	1.50	1.50	1.25	4.25	0.00	5.50	0.75	4.00	8.75	8.50	8.50	8.50	2.25	5.00	-0.240723	0.143555	0.988281	2.520000	5.880000	-1.260000	635.00	0.130773	-0.178681
18.41	0.00	0.00	0.00	0.00	0.00	0.00	0.00	0.00	0.00	0.50	0.25	0.00	0.00	0.00	0.00	0.00	-1.694824	-1.265137	0.663574	106.889999	-52.360001	3.220000	8.00	0.000000	0.000000	0.75	1.50	0.75	1.00	0.75	3.75	0.00	5.25	0.75	4.50	10.00	8.75	8.50	8.75	2.25	5.00	-0.256348	0.148438	0.971191	2.940000	7.490000	-1.680000	623.00	0.155473	-0.176789
18.42	0.00	0.00	0.00	0.00	0.00	0.00	0.00	0.00	0.00	0.50	0.25	0.00	0.00	0.00	0.00	0.00	-1.781250	-1.107910	0.568359	57.959999	-36.330002	-19.389999	8.00	0.000000	0.000000	0.50	0.75	0.25	0.75	0.75	3.25	0.00	5.25	1.00	5.00	10.50	9.00	9.25	9.50	2.25	5.75	-0.246094	0.157227	0.974609	3.290000	9.170000	-2.240000	633.00	0.178362	-0.175294
18.43	0.00	0.00	0.00	0.00	0.00	0.00	0.00	0.00	0.00	0.50	0.25	0.00	0.00	0.00	0.00	0.00	-1.870117	-0.885254	0.374512	23.590000	-19.809999	-42.700001	8.00	0.000000	0.000000	0.50	0.25	0.25	0.75	0.50	3.00	0.00	5.25	1.00	5.25	10.75	9.50	9.50	10.00	2.25	5.75	-0.261719	0.164062	0.985352	3.570000	10.850000	-3.430000	640.00	0.187573	-0.174354
18.44	0.00	0.00	0.00	0.00	0.00	0.00	0.00	0.00	0.00	0.50	0.25	0.00	0.00	0.00	0.00	0.00	-1.922363	-0.685547	0.190918	13.020000	0.840000	-66.150002	8.00	0.000000	0.000000	0.25	0.25	0.25	0.50	0.00	2.50	0.00	4.75	1.00	5.50	11.75	10.25	10.25	11.25	2.25	6.00	-0.238770	0.167480	0.977051	4.550000	13.440001	-5.460000	655.00	0.204556	-0.170893
18.45	0.00	0.00	0.00	0.00	0.00	0.00	0.00	0.00	0.00	0.25	0.25	0.00	0.00	0.00	0.00	0.00	-1.917480	-0.575195	0.062012	18.760000	28.000000	-85.610001	5.00	0.000000	0.000000	0.50	0.75	0.25	0.25	0.00	1.75	0.00	4.75	1.50	6.00	12.25	10.50	10.50	11.50	2.75	6.25	-0.246094	0.169922	0.976562	4.270000	16.240000	-7.350000	682.00	0.207665	-0.161797
18.46	0.00	0.00	0.00	0.00	0.00	0.00	0.00	0.00	0.00	0.25	0.00	0.00	0.00	0.00	0.00	0.00	-1.837891	-0.562012	0.029785	22.120001	62.650002	-98.139999	3.00	0.000000	0.000000	0.25	0.25	0.25	0.25	0.00	1.25	0.00	4.50	1.75	6.50	12.25	10.75	10.50	12.25	2.75	6.25	-0.246582	0.162598	0.986328	6.650000	28.280001	-6.790000	683.00	0.220678	-0.154163
18.47	0.00	0.00	0.00	0.00	0.00	0.00	0.00	0.00	0.00	0.25	0.00	0.00	0.00	0.00	0.00	0.00	-1.625000	-0.526367	0.198242	1.820000	118.930000	-99.260002	3.00	0.000000	0.000000	0.25	0.25	0.25	0.00	0.00	0.75	0.00	4.00	1.75	7.00	13.00	10.75	10.50	13.25	2.75	6.75	-0.267090	0.162109	1.008301	7.070000	32.480000	-7.770000	692.00	0.231311	-0.144802
18.48	0.00	0.00	0.00	0.00	0.00	0.00	0.00	0.00	0.00	0.50	0.25	0.00	0.00	0.00	0.00	0.00	-1.452637	-0.427246	0.406250	-21.350000	151.410004	-87.989998	8.00	0.000000	0.000000	0.25	0.25	0.25	0.25	0.00	0.50	0.00	3.75	2.25	7.50	13.75	11.25	10.25	14.00	2.75	6.50	-0.274902	0.149902	1.002930	9.100000	38.009998	-8.330000	716.00	0.233698	-0.134596
18.49	0.00	0.00	0.00	0.00	0.00	0.00	0.00	0.00	0.00	0.50	0.25	0.00	0.00	0.00	0.00	0.00	-1.289062	-0.309570	0.593750	-39.970001	176.050003	-68.809998	8.00	0.000000	0.000000	0.25	0.25	0.00	0.25	0.00	0.25	0.00	3.25	2.50	7.75	14.75	11.75	10.25	15.25	2.75	6.75	-0.272949	0.147949	1.017090	12.880000	43.610001	-7.630000	736.00	0.242208	-0.126458
18.50	0.00	0.00	0.00	0.00	0.00	0.00	0.00	0.00	0.00	0.50	0.50	0.25	0.00	0.00	0.00	0.00	-1.160645	-0.210449	0.743652	-50.330002	191.940002	-45.220001	13.00	0.000000	0.000000	0.00	0.00	0.00	0.25	0.00	0.00	0.00	2.25	2.50	8.25	15.00	11.75	10.50	15.50	3.00	6.75	-0.291992	0.148438	1.020508	14.840000	49.840000	-7.210000	728.00	0.254191	-0.119625
18.51	0.00	0.25	0.00	0.00	0.00	0.00	0.00	0.00	0.00	0.50	0.50	0.50	0.25	0.00	0.00	0.00	-0.681152	-1.863770	0.330078	-423.220001	109.129997	25.969999	20.00	0.000000	0.000000	0.25	0.25	0.00	0.25	0.00	0.25	0.00	2.25	3.00	8.25	15.00	11.75	10.25	16.25	3.00	6.50	-0.307617	0.178711	0.983398	17.500000	55.369999	-6.790000	745.00	0.249784	-0.112179
18.52	0.00	0.50	0.25	0.00	0.00	0.00	0.00	0.00	0.00	0.25	0.25	0.25	0.25	0.00	0.00	0.00	0.560547	-0.434082	1.500000	-188.020004	15.400000	-0.350000	17.00	0.000000	0.000000	0.00	0.00	0.00	0.00	0.00	0.25	0.00	2.00	3.00	8.75	14.75	12.00	10.25	16.75	3.00	6.75	-0.309570	0.181152	1.002441	15.190001	63.139999	-6.860000	744.00	0.258433	-0.109052
18.53	0.25	0.50	0.50	0.75	0.00	0.00	0.00	0.00	0.00	0.25	0.00	0.00	0.25	0.00	0.00	0.00	0.321289	0.149414	0.402832	-224.350006	-0.910000	-86.660004	26.00	0.000000	0.000000	0.00	0.25	0.00	0.00	0.00	0.00	0.00	1.50	3.00	8.50	15.25	12.00	10.25	17.00	3.00	6.75	-0.323730	0.169922	1.035156	13.860000	70.489998	-7.000000	741.00	0.260899	-0.105557
18.54	0.25	0.75	0.50	1.00	0.00	0.00	0.00	0.25	0.00	0.00	0.00	0.50	0.50	0.00	0.00	0.25	-0.443359	0.705566	0.737793	-254.029999	30.240000	-75.180000	41.00	0.000000	0.000000	0.00	0.00	0.00	0.00	0.00	0.00	0.00	1.25	3.00	8.50	15.00	12.25	9.75	17.00	3.00	6.50	-0.368164	0.198730	1.023926	12.460000	78.190002	-7.840000	729.00	0.264750	-0.102019
18.55	0.00	1.25	0.75	2.00	0.00	0.25	0.00	0.50	0.00	0.00	0.00	0.00	0.75	0.00	0.00	0.25	-0.261719	-0.132324	1.050781	-283.290009	49.840000	-55.369999	60.00	-0.204050	-0.220802	0.25	0.00	0.00	0.00	0.00	0.00	0.00	1.25	2.75	8.75	14.75	11.75	9.00	17.00	3.00	6.75	-0.362305	0.212891	1.030273	12.250000	86.309998	-10.920000	718.00	0.263900	-0.098049
18.56	0.00	1.50	2.00	3.25	0.00	0.50	0.00	1.25	0.00	0.00	0.00	0.25	1.25	0.00	0.00	0.50	-0.180664	-0.612305	1.738770	-264.390015	45.009998	-59.500000	112.00	-0.174594	-0.212465	0.25	0.00	0.00	0.00	0.00	0.00	0.00	1.00	3.00	8.75	14.50	11.50	8.75	16.75	3.00	6.75	-0.365234	0.162109	1.052246	8.750000	95.970001	-13.720000	708.00	0.265539	-0.093666
18.57	3.50	4.50	6.00	7.00	0.25	3.25	0.00	2.00	0.00	0.25	0.25	0.00	1.50	0.50	0.00	0.75	-0.389160	-0.768555	1.171387	22.260000	-42.560001	-0.490000	316.00	-0.224939	-0.133646	0.00	0.00	0.00	0.00	0.00	0.25	0.00	0.75	3.00	8.50	14.25	11.00	8.25	16.00	3.00	6.50	-0.371582	0.176270	1.029297	8.120000	105.769997	-14.980000	682.00	0.267700	-0.092205
18.58	6.25	6.25	8.25	9.25	0.50	4.75	0.00	2.25	0.00	0.00	0.25	0.25	2.25	0.75	0.00	0.75	-0.191406	0.325195	1.201660	14.000000	-2.520000	0.560000	442.00	-0.235357	-0.123260	0.00	0.00	0.00	0.00	0.00	0.00	0.00	0.75	2.75	8.50	14.25	10.75	7.75	15.50	3.00	6.25	-0.416016	0.145996	1.048828	7.490000	122.919998	-14.700000	663.00	0.269240	-0.091329
18.59	6.25	6.00	8.00	9.25	0.75	5.00	0.00	2.00	0.00	0.00	0.00	0.50	2.25	1.00	0.00	1.25	-0.195801	0.057129	1.004883	8.610000	7.280000	2.520000	444.00	-0.228269	-0.122635	0.00	0.00	0.00	0.00	0.00	0.00	0.00	0.50	2.75	8.25	13.75	10.25	7.00	14.50	3.00	6.25	-0.428223	0.191406	1.095703	6.300000	139.860001	-13.440001	631.00	0.271017	-0.088064
18.60	5.75	5.50	7.25	8.25	0.75	4.25	0.00	2.00	0.00	0.25	0.25	0.75	2.25	2.25	0.00	1.75	-0.238770	0.105957	1.008301	2.170000	8.610000	1.400000	428.00	-0.195316	-0.117257	0.00	0.00	0.00	0.00	0.00	0.00	0.00	0.50	2.75	7.75	12.75	9.50	6.50	12.75	3.00	6.00	-0.452148	0.245117	1.177734	6.930000	161.910004	-16.660000	587.00	0.269892	-0.089582
18.61	5.50	5.25	6.75	7.75	0.75	4.00	0.00	2.25	0.00	0.25	0.50	1.00	2.50	2.50	0.00	2.25	-0.188477	0.126465	0.974121	6.370000	9.520000	3.150000	425.00	-0.175823	-0.123781	0.00	0.00	0.00	0.00	0.00	0.00	0.00	0.50	2.50	6.75	11.50	8.75	6.00	10.75	2.50	5.75	-0.461426	0.239258	1.258789	7.000000	188.580002	-22.680000	525.00	0.267167	-0.096228
18.62	4.50	5.00	6.25	7.25	0.75	4.25	0.00	2.25	0.00	0.50	0.75	1.25	2.75	3.25	0.00	2.25	-0.249512	0.138672	0.986328	8.540000	7.560000	2.450000	421.00	-0.147912	-0.128777	0.00	0.00	0.00	0.00	0.00	0.00	0.00	0.50	2.25	6.00	9.50	7.75	5.25	8.50	2.25	5.00	-0.519531	0.372559	1.406738	17.219999	229.529999	-30.799999	450.00	0.264571	-0.100610
18.63	4.25	4.25	6.25	7.25	1.25	4.25	0.00	2.25	0.00	0.50	0.75	1.50	3.00	3.75	0.25	2.50	-0.231445	0.123535	0.966797	7.350000	5.250000	1.890000	430.00	-0.127412	-0.127142	0.00	0.00	0.00	0.00	0.00	0.00	0.00	0.50	1.75	5.00	8.00	7.00	4.75	6.75	2.00	4.50	-0.665527	0.471191	1.302246	22.049999	242.479996	-36.540001	384.00	0.261787	-0.112141
18.64	4.00	4.75	6.25	7.25	1.25	4.50	0.00	2.75	0.00	0.75	1.00	1.50	3.25	4.00	0.50	3.00	-0.195312	0.140137	0.974609	7.280000	4.200000	1.610000	457.00	-0.112973	-0.134013	0.00	0.00	0.00	0.00	0.00	0.00	0.00	0.50	1.50	3.75	6.00	5.50	4.25	4.75	1.75	4.00	-0.519531	0.028320	1.649902	28.770000	269.429993	-53.410000	305.00	0.258786	-0.123712
18.65	4.25	5.25	6.75	7.50	1.50	4.75	0.00	3.00	0.00	0.75	1.25	2.00	3.75	4.25	0.25	3.00	-0.219238	0.119141	0.979004	6.930000	4.200000	1.610000	493.00	-0.112327	-0.136123	0.00	0.00	0.00	0.00	0.00	0.00	0.00	0.50	1.50	2.25	4.50	4.00	3.50	3.00	1.25	3.25	-0.647949	0.307617	1.427246	10.920000	273.279999	-50.400002	227.00	0.253079	-0.132844
18.66	5.00	5.25	6.75	7.75	1.75	5.25	0.00	3.25	0.00	1.00	1.00	2.25	3.75	4.75	0.25	3.25	-0.219727	0.130371	0.980957	6.580000	3.290000	1.470000	524.00	-0.110143	-0.133023	0.00	0.00	0.00	0.00	0.00	0.00	0.00	0.50	1.00	1.25	2.50	3.00	3.00	2.50	1.00	2.00	-0.516113	0.350098	1.537598	26.250000	283.570007	-59.080002	160.00	0.251294	-0.146280
18.67	5.00	5.25	7.00	8.25	1.75	5.50	0.00	3.50	0.00	1.00	1.00	2.25	3.75	4.75	0.50	3.25	-0.214844	0.120117	0.971191	6.370000	1.750000	1.400000	542.00	-0.109749	-0.135082	0.00	0.00	0.00	0.00	0.00	0.00	0.00	0.25	1.00	0.75	0.75	1.50	2.25	2.00	0.75	1.50	-0.840820	-0.003418	1.690430	25.410000	281.820007	-57.540001	101.00	0.264758	-0.120541
18.68	4.75	5.50	7.50	8.50	2.00	6.25	0.00	3.75	0.00	1.00	1.00	2.75	4.25	5.00	0.25	3.25	-0.214844	0.135254	0.977539	6.580000	0.840000	1.400000	573.00	-0.107452	-0.140301	0.00	0.00	0.00	0.00	0.00	0.00	0.00	0.25	0.75	0.50	0.50	0.50	1.75	1.50	0.50	1.25	-0.806152	0.735352	1.057129	38.920002	294.279999	-51.380001	69.00	0.265893	-0.114331
18.69	5.25	5.75	8.00	9.00	2.50	6.75	0.00	4.25	0.00	1.00	1.25	3.75	4.75	5.25	0.25	3.75	-0.211914	0.136230	0.959473	6.580000	0.280000	1.400000	633.00	-0.101048	-0.143838	0.00	0.00	0.00	0.00	0.00	0.00	0.00	0.00	0.75	0.25	0.50	0.50	1.00	0.50	0.25	0.50	-0.555664	0.708984	1.681641	107.169998	291.619995	-56.279999	41.00	0.000000	0.000000
18.70	5.25	5.75	8.25	9.75	2.50	7.25	0.00	4.75	0.00	1.25	1.50	3.00	5.00	5.25	0.25	3.50	-0.214844	0.127930	0.974609	6.440000	-0.000000	1.540000	655.00	-0.104623	-0.145750	0.00	0.00	0.00	0.00	0.00	0.00	0.00	0.00	1.00	0.25	0.50	0.25	0.25	0.25	0.00	0.25	-0.930664	0.505371	1.249512	156.660004	262.079987	-68.879997	29.00	0.000000	0.000000
18.71	5.50	6.00	9.00	10.25	2.75	7.50	0.00	5.00	0.00	1.25	1.50	2.50	5.00	5.75	0.25	3.50	-0.215820	0.135742	0.972168	5.880000	0.210000	1.540000	682.00	-0.109205	-0.140477	0.00	0.00	0.00	0.00	0.00	0.00	0.00	0.00	0.50	0.00	0.25	0.50	0.25	0.25	0.00	0.25	-0.446289	0.385254	1.425293	179.619995	266.350006	-78.680000	20.00	0.000000	0.000000
18.72	6.00	6.25	9.25	10.50	3.00	8.00	0.00	5.00	0.00	1.50	2.00	3.75	5.00	5.75	0.25	3.75	-0.213867	0.136719	0.979004	5.740000	0.140000	1.960000	726.00	-0.103614	-0.140673	0.00	0.00	0.00	0.00	0.00	0.00	0.00	0.00	0.50	0.25	0.50	0.25	0.25	0.50	0.25	0.25	-0.721680	0.429199	0.909668	195.440002	256.829987	-87.989998	27.00	0.000000	0.000000
18.73	6.25	6.50	9.00	10.50	3.00	8.50	0.00	5.25	0.00	1.50	2.00	3.75	5.50	5.75	0.25	4.00	-0.213867	0.135742	0.971680	5.180000	0.280000	1.960000	743.00	-0.102466	-0.145191	0.00	0.00	0.00	0.00	0.00	0.00	0.00	0.00	0.00	0.00	0.25	0.25	0.25	0.50	0.00	0.25	-0.413086	0.310547	1.372070	205.660004	270.410004	-102.269997	13.00	0.000000	0.000000
18.74	6.25	6.50	9.25	10.75	3.00	8.25	0.00	5.50	0.00	1.25	2.00	3.25	5.75	6.00	0.25	4.25	-0.214355	0.139160	0.963867	4.550000	0.630000	1.820000	747.00	-0.103404	-0.145371	0.00	0.00	0.00	0.00	0.00	0.00	0.00	0.00	0.25	0.25	0.25	0.25	0.00	0.50	0.00	0.00	-0.368652	0.198730	0.836914	190.470001	247.800003	-109.270004	15.00	0.000000	0.000000
18.75	6.00	6.50	9.25	10.75	3.25	8.75	0.00	5.75	0.00	1.75	2.25	4.25	5.75	6.50	0.50	4.25	-0.212891	0.144043	0.977539	3.220000	0.910000	1.330000	782.00	-0.090257	-0.146134	0.00	0.00	0.25	0.00	0.00	0.00	0.00	0.00	0.00	0.25	0.00	0.00	0.25	0.00	0.00	0.00	0.734375	0.016113	0.803711	140.490005	218.610001	-129.289993	8.00	0.000000	0.000000
18.76	6.00	6.50	9.00	10.75	3.50	9.00	0.00	5.75	0.00	1.50	2.50	4.25	6.25	6.50	0.50	4.25	-0.209473	0.145996	0.972656	2.380000	1.120000	1.050000	789.00	-0.088587	-0.149008	0.00	0.00	0.25	0.00	0.00	0.00	0.00	0.00	0.00	0.00	0.25	0.00	0.00	0.00	0.00	0.00	0.116211	0.318848	1.426758	71.750000	139.160004	-134.680008	5.00	0.000000	0.000000
18.77	6.25	6.75	9.00	10.75	3.50	9.00	0.00	5.75	0.00	1.50	2.75	4.25	6.25	6.75	0.50	4.25	-0.219727	0.140137	0.975586	1.610000	1.330000	0.630000	798.00	-0.088186	-0.147243	0.00	0.00	0.00	0.00	0.00	0.00	0.00	0.00	0.00	0.00	0.00	0.00	0.00	0.00	0.00	0.00	-0.026855	0.565430	2.724121	20.299999	28.350000	-111.160004	0.00	0.000000	0.000000
18.78	6.00	6.50	8.75	10.50	3.25	8.75	0.00	5.75	0.00	1.50	3.25	5.00	6.00	6.75	0.75	4.25	-0.214844	0.141602	0.975098	1.190000	1.750000	0.490000	796.00	-0.078608	-0.149066	0.00	0.00	0.25	0.00	0.00	0.00	0.00	0.00	0.00	0.00	0.00	0.00	0.00	0.00	0.00	0.00	0.807129	0.270508	1.618652	-21.490000	-72.379997	-79.169998	3.00	0.000000	0.000000
18.79	6.00	6.25	8.25	10.00	3.25	8.50	0.00	5.75	0.00	2.00	3.00	4.75	6.25	7.00	0.75	4.25	-0.208496	0.136719	0.976074	0.560000	2.240000	0.560000	784.00	-0.072416	-0.147936	0.00	0.00	0.00	0.00	0.00	0.00	0.00	0.00	0.00	0.00	0.00	0.00	0.00	0.00	0.00	0.00	0.365723	0.272949	1.144531	-59.500000	-134.539993	-60.549999	0.00	0.000000	0.000000
18.80	5.75	6.00	8.25	9.25	3.25	8.25	0.00	5.75	0.00	2.00	3.00	4.25	6.00	7.00	0.75	4.25	-0.213379	0.142578	0.975098	0.210000	2.730000	0.350000	761.00	-0.070273	-0.145561	0.00	0.00	0.00	0.00	0.00	0.00	0.00	0.00	0.00	0.00	0.00	0.00	0.00	0.00	0.00	0.00	0.228027	0.230957	0.731934	-77.769997	-153.509995	-48.299999	0.00	0.000000	0.000000
18.81	5.50	5.75	8.00	9.00	3.25	8.00	0.00	5.75	0.00	2.00	3.25	4.75	6.00	7.50	0.75	4.50	-0.219727	0.135254	0.972168	0.070000	3.430000	0.350000	761.00	-0.059885	-0.145911	0.50	0.00	0.00	0.00	0.00	0.00	0.00	0.00	0.00	0.00	0.00	0.00	0.00	0.00	0.00	0.00	0.187988	0.233398	0.412598	-84.419998	-144.270004	-37.240002	5.00	0.000000	0.000000
18.82	5.50	5.75	7.50	8.50	3.00	7.75	0.25	5.50	0.00	2.25	3.25	5.00	6.00	7.75	1.00	4.50	-0.214355	0.144531	0.976074	-0.070000	3.500000	0.140000	755.00	-0.050743	-0.142848	0.25	0.00	0.25	0.00	0.00	0.00	0.00	0.00	0.00	0.00	0.00	0.00	0.00	0.00	0.00	0.00	0.133789	0.264648	0.437988	-80.709999	-134.050003	-30.309999	5.00	0.000000	0.000000
18.83	4.75	5.25	6.75	8.25	3.25	7.50	0.25	5.50	0.00	1.75	3.50	5.00	6.25	8.00	0.50	4.50	-0.211914	0.145996	0.972168	-0.140000	3.850000	0.000000	728.00	-0.043595	-0.148319	0.00	0.00	0.00	0.00	0.00	0.00	0.00	0.00	0.00	0.00	0.00	0.00	0.00	0.00	0.00	0.00	0.120117	0.299805	0.536621	-72.309998	-129.009995	-21.000000	0.00	0.000000	0.000000
18.84	4.00	5.25	6.50	8.00	3.00	7.25	0.25	5.50	0.00	1.75	3.50	4.75	6.00	8.25	0.25	4.75	-0.215332	0.135742	0.966309	-0.140000	3.710000	-0.210000	705.00	-0.038196	-0.150196	0.00	0.00	0.00	0.00	0.00	0.00	0.00	0.00	0.00	0.00	0.00	0.00	0.00	0.00	0.00	0.00	0.102051	0.335449	0.667480	-63.980000	-131.320007	-8.890000	0.00	0.000000	0.000000
18.85	3.75	5.00	6.50	7.50	2.75	7.25	0.00	5.25	0.00	2.25	4.00	5.00	6.25	8.25	0.50	4.75	-0.215332	0.141113	0.970703	-0.140000	3.570000	-0.210000	702.00	-0.026835	-0.151562	0.00	0.00	0.00	0.00	0.00	0.00	0.00	0.00	0.00	0.00	0.00	0.00	0.00	0.00	0.00	0.00	0.076172	0.356445	0.788574	-59.779999	-140.419998	6.510000	0.00	0.000000	0.000000
18.86	4.25	5.00	6.25	7.50	2.75	7.00	0.00	5.25	0.00	2.50	4.00	5.25	6.25	8.50	0.75	4.50	-0.217773	0.143066	0.971191	0.140000	3.360000	-0.280000	711.00	-0.024124	-0.148340	0.00	0.00	0.00	0.00	0.00	0.00	0.00	0.00	0.00	0.00	0.00	0.00	0.00	0.00	0.00	0.00	0.006348	0.365723	0.918945	-65.730003	-163.169998	34.439999	0.00	0.000000	0.000000
18.87	4.25	5.00	6.25	7.25	2.50	6.75	0.25	5.50	0.00	2.25	4.00	5.25	6.25	8.50	0.75	4.50	-0.214844	0.142578	0.964355	-0.070000	2.940000	-0.280000	707.00	-0.022567	-0.148374	0.00	0.00	0.00	0.00	0.00	0.00	0.00	0.00	0.00	0.00	0.00	0.00	0.00	0.00	0.00	0.00	-0.058105	0.371094	0.952148	-76.860001	-181.160004	53.619999	0.00	0.000000	0.000000
18.88	3.50	5.00	5.75	7.00	2.50	6.50	0.00	5.50	0.00	2.25	4.00	5.50	6.25	9.00	1.00	4.75	-0.216309	0.145020	0.968750	0.140000	2.800000	-0.210000	696.00	-0.009467	-0.153125	0.00	0.00	0.25	0.00	0.00	0.00	0.00	0.00	0.00	0.00	0.00	0.00	0.00	0.00	0.00	0.00	-0.127930	0.378418	0.943359	-88.690002	-197.889999	70.419998	3.00	0.000000	0.000000
18.89	3.50	4.50	5.50	7.00	2.50	6.50	0.00	5.25	0.00	2.25	4.00	5.50	6.25	9.25	0.75	4.75	-0.216797	0.139648	0.973633	0.140000	2.380000	-0.210000	684.00	-0.005955	-0.151941	0.25	0.00	0.00	0.00	0.00	0.00	0.00	0.00	0.00	0.00	0.00	0.00	0.00	0.00	0.00	0.00	-0.204102	0.381348	0.911621	-97.370003	-211.820007	83.160004	3.00	0.000000	0.000000
18.90																										0.25	0.00	0.00	0.00	0.00	0.00	0.00	0.00	0.00	0.00	0.00	0.00	0.00	0.00	0.00	0.00	-0.275391	0.386719	0.877930	-100.239998	-221.199997	91.000000	3.00	0.000000	0.000000
18.91	3.75	4.25	5.50	6.75	2.25	6.50	0.00	5.25	0.25	2.00	4.00	5.50	6.25	9.25	0.75	4.75	-0.221191	0.138184	0.975098	0.210000	1.820000	-0.280000	679.00	-0.004138	-0.150240	0.00	0.00	0.00	0.00	0.00	0.00	0.00	0.00	0.00	0.00	0.00	0.00	0.00	0.00	0.00	0.00	-0.337402	0.391113	0.850586	-97.440002	-227.430008	94.639999	0.00	0.000000	0.000000
18.92	3.00	4.75	5.50	6.75	2.50	6.50	0.00	5.25	0.00	2.50	4.00	5.50	6.25	9.25	1.25	4.75	-0.226074	0.139160	0.965332	0.210000	1.050000	-0.210000	686.00	0.000892	-0.152312	0.00	0.00	0.00	0.00	0.00	0.00	0.00	0.00	0.00	0.00	0.00	0.00	0.00	0.00	0.00	0.00	-0.434570	0.415527	0.883301	-85.610001	-231.910004	96.040001	0.00	0.000000	0.000000
18.93	3.25	4.50	5.50	6.75	2.75	6.50	0.00	5.25	0.00	2.50	3.75	5.50	6.25	9.25	1.00	4.75	-0.219238	0.142090	0.964355	0.210000	0.910000	-0.280000	684.00	-0.002162	-0.150829	0.00	0.00	0.00	0.00	0.00	0.00	0.00	0.00	0.00	0.00	0.00	0.00	0.00	0.00	0.00	0.00	-0.496582	0.436035	0.917969	-75.529999	-233.380005	95.620003	0.00	0.000000	0.000000
18.94	3.25	5.00	5.75	6.75	2.75	6.75	0.00	5.50	0.00	2.25	4.50	5.50	6.50	9.75	1.00	5.00	-0.220215	0.140625	0.967285	0.350000	0.840000	-0.280000	711.00	-0.001177	-0.151434	0.00	0.00	0.00	0.00	0.00	0.00	0.00	0.00	0.00	0.00	0.00	0.00	0.00	0.00	0.00	0.00	-0.565918	0.446777	0.935547	-66.639999	-233.449997	95.199997	0.00	0.000000	0.000000
18.95	3.25	4.75	5.50	7.00	2.75	6.75	0.00	5.75	0.00	2.25	4.75	6.00	6.50	9.50	1.00	5.00	-0.216797	0.139648	0.970703	0.560000	0.700000	-0.140000	718.00	0.001167	-0.155778	0.00	0.00	0.25	0.00	0.00	0.00	0.00	0.00	0.00	0.00	0.00	0.00	0.00	0.00	0.00	0.00	-0.660645	0.472168	0.935059	-59.920002	-231.419998	95.129997	3.00	0.000000	0.000000
18.96	3.25	4.50	5.75	6.75	2.75	7.00	0.00	5.75	0.00	2.50	5.00	6.00	6.50	9.25	1.00	4.75	-0.213379	0.141113	0.972168	0.700000	0.770000	-0.140000	720.00	0.001776	-0.154724	0.00	0.00	0.00	0.00	0.00	0.00	0.00	0.00	0.00	0.00	0.00	0.00	0.00	0.00	0.00	0.00	-0.751465	0.511719	0.929688	-56.279999	-225.470001	96.599998	0.00	0.000000	0.000000
18.97	3.50	4.75	6.00	7.25	3.00	7.00	0.00	5.75	0.00	2.50	5.00	6.25	6.75	10.00	1.25	4.75	-0.219238	0.144531	0.968262	0.700000	0.910000	-0.210000	750.00	0.001652	-0.150963	0.00	0.00	0.00	0.00	0.00	0.00	0.00	0.00	0.00	0.00	0.00	0.00	0.00	0.00	0.00	0.00	-0.819336	0.562988	0.940918	-54.880001	-215.460007	100.309998	0.00	0.000000	0.000000
18.98	3.50	5.00	6.00	7.25	2.75	7.00	0.00	5.75	0.00	2.50	4.50	6.00	6.75	10.00	1.25	4.75	-0.221191	0.143066	0.968262	0.770000	0.770000	-0.140000	742.00	-0.001493	-0.151530	0.00	0.00	0.00	0.00	0.00	0.00	0.00	0.00	0.00	0.00	0.00	0.00	0.00	0.00	0.00	0.00	-0.840820	0.664551	0.993652	-54.459999	-195.789993	111.230003	0.00	0.000000	0.000000
18.99	3.50	4.50	6.25	7.25	2.75	7.00	0.00	6.00	0.00	2.50	5.00	6.25	6.75	10.00	1.00	4.75	-0.219727	0.141113	0.964355	0.980000	1.050000	0.000000	749.00	0.000911	-0.152263	0.00	0.00	0.00	0.00	0.00	0.00	0.00	0.00	0.00	0.00	0.00	0.00	0.00	0.00	0.00	0.00	-0.830078	0.766113	1.083496	-51.590000	-183.399994	122.639999	0.00	0.000000	0.000000
19.00	4.00	4.75	6.00	7.25	2.75	7.00	0.00	6.00	0.00	2.75	5.00	6.50	7.00	10.00	1.00	4.75	-0.218262	0.141602	0.966309	0.980000	1.050000	-0.070000	761.00	-0.000107	-0.152054	0.00	0.00	0.00	0.00	0.00	0.00	0.00	0.00	0.00	0.00	0.00	0.00	0.00	0.00	0.00	0.00	-0.804688	0.870117	1.201660	-42.209999	-176.259995	137.550003	0.00	0.000000	0.000000
19.01	3.50	4.75	5.75	7.25	2.75	6.75	0.00	6.00	0.00	3.00	5.00	6.50	7.00	9.75	1.50	4.75	-0.223145	0.143066	0.969238	1.050000	1.120000	-0.140000	756.00	0.006680	-0.153995	0.25	0.00	0.00	0.00	0.00	0.00	0.00	0.00	0.00	0.00	0.00	0.00	0.00	0.00	0.00	0.00	-0.902832	0.934082	1.303711	-32.060001	-173.669998	152.460007	3.00	0.000000	0.000000
19.02	3.75	5.00	6.00	7.00	2.75	7.00	0.00	6.00	0.00	2.75	5.25	6.75	7.00	10.25	1.50	5.00	-0.215332	0.145508	0.966797	0.980000	1.260000	-0.070000	772.00	0.007049	-0.151977	0.25	0.00	0.00	0.00	0.00	0.00	0.00	0.00	0.00	0.00	0.00	0.00	0.00	0.00	0.00	0.00	-1.075684	0.968750	1.356934	-25.480000	-175.559998	173.529999	3.00	0.000000	0.000000
19.03	3.75	5.00	6.00	7.00	2.75	7.25	0.00	6.00	0.00	2.75	5.25	7.00	7.50	9.75	1.25	4.75	-0.215820	0.147949	0.971680	0.980000	1.260000	-0.140000	774.00	0.003869	-0.156393	0.00	0.00	0.00	0.00	0.00	0.00	0.00	0.00	0.00	0.00	0.00	0.00	0.00	0.00	0.00	0.00	-1.227051	0.995117	1.343750	-34.580002	-178.990005	185.220001	0.00	0.000000	0.000000
19.04	3.50	4.25	5.75	7.00	3.00	6.75	0.00	6.25	0.00	2.00	5.25	6.75	7.75	10.00	1.25	5.00	-0.217285	0.147949	0.968262	0.840000	1.400000	-0.280000	758.00	0.009774	-0.159672	0.00	0.00	0.00	0.00	0.00	0.00	0.00	0.00	0.00	0.00	0.00	0.00	0.00	0.00	0.00	0.00	-1.374023	1.009277	1.279297	-54.670002	-182.000000	194.949997	0.00	0.000000	0.000000
19.05	3.50	4.25	5.50	7.00	2.50	6.75	0.00	6.25	0.00	2.25	5.25	7.25	7.50	10.00	1.75	5.25	-0.216797	0.146484	0.970703	0.840000	1.470000	-0.280000	762.00	0.016834	-0.161233	0.00	0.00	0.00	0.00	0.00	0.00	0.00	0.00	0.00	0.00	0.00	0.00	0.00	0.00	0.00	0.00	-1.497559	1.070312	1.185547	-80.500000	-182.979996	202.440002	0.00	0.000000	0.000000
19.06	3.50	4.50	5.50	7.00	2.50	7.00	0.00	6.25	0.00	2.50	5.25	7.00	7.50	10.50	2.00	5.00	-0.218750	0.146484	0.969238	0.840000	1.470000	-0.280000	772.00	0.017956	-0.158021	0.00	0.00	0.25	0.00	0.00	0.00	0.00	0.00	0.00	0.00	0.00	0.00	0.00	0.00	0.00	0.00	-1.574219	1.132324	1.067871	-103.529999	-181.229996	207.970001	3.00	0.000000	0.000000
19.07	3.25	4.50	5.50	7.00	2.75	6.75	0.00	6.25	0.00	2.50	5.25	7.00	7.75	10.75	1.75	4.75	-0.221680	0.146973	0.968262	0.840000	1.190000	-0.420000	770.00	0.019046	-0.157641	0.00	0.00	0.00	0.00	0.00	0.00	0.00	0.00	0.00	0.00	0.00	0.00	0.00	0.00	0.00	0.00	-1.603027	1.194336	0.947754	-115.080002	-176.259995	211.539993	0.00	0.000000	0.000000
19.08	3.00	4.25	5.50	6.75	2.50	6.75	0.00	6.25	0.00	2.50	5.00	7.50	7.75	10.00	1.50	5.00	-0.221191	0.147949	0.966309	0.840000	1.050000	-0.350000	755.00	0.019992	-0.163567	0.00	0.00	0.00	0.00	0.00	0.00	0.00	0.00	0.00	0.00	0.00	0.00	0.00	0.00	0.00	0.00	-1.595215	1.222656	0.810547	-110.389999	-167.789993	213.990005	0.00	0.000000	0.000000
19.09																										0.00	0.00	0.00	0.00	0.00	0.00	0.00	0.00	0.00	0.00	0.00	0.00	0.00	0.00	0.00	0.00	-1.556152	1.217285	0.652832	-71.540001	-146.860001	217.490005	0.00	0.000000	0.000000
19.10	3.00	4.25	5.75	6.75	2.50	7.00	0.00	6.50	0.00	2.50	5.50	7.75	8.00	10.25	1.75	5.00	-0.218262	0.147461	0.964355	0.910000	1.050000	-0.350000	779.00	0.023029	-0.163906	0.00	0.00	0.00	0.00	0.00	0.00	0.00	0.00	0.00	0.00	0.00	0.00	0.00	0.00	0.00	0.00	-1.531738	1.113770	0.548340	-28.139999	-128.660004	223.020004	0.00	0.000000	0.000000
19.11	3.00	4.25	5.75	6.50	2.75	7.00	0.00	6.50	0.00	2.75	5.75	8.00	8.25	10.50	1.50	5.00	-0.217773	0.149902	0.965332	0.840000	1.260000	-0.490000	788.00	0.025775	-0.162607	0.00	0.00	0.00	0.00	0.00	0.00	0.00	0.00	0.00	0.00	0.00	0.00	0.00	0.00	0.00	0.00	-1.523438	0.885742	0.533691	20.020000	-107.029999	229.669998	0.00	0.000000	0.000000
19.12	3.50	4.25	5.75	6.50	2.50	7.00	0.00	6.50	0.00	3.00	6.25	7.75	8.25	10.75	1.50	5.00	-0.224121	0.149902	0.962402	0.770000	1.400000	-0.490000	798.00	0.025956	-0.159227	0.00	0.00	0.00	0.00	0.00	0.00	0.00	0.00	0.00	0.00	0.00	0.00	0.00	0.00	0.00	0.00	-1.574707	0.647461	0.557129	63.139999	-84.910004	233.800003	0.00	0.000000	0.000000
19.13	2.75	3.75	5.50	6.25	2.50	6.75	0.00	6.25	0.00	2.75	5.75	8.25	8.50	11.25	1.75	5.25	-0.222656	0.144043	0.966797	0.840000	1.820000	-0.420000	781.00	0.039322	-0.161940	0.00	0.00	0.00	0.00	0.00	0.00	0.00	0.00	0.00	0.00	0.00	0.00	0.00	0.00	0.00	0.00	-1.606934	0.428223	0.552734	89.389999	-63.279999	236.529999	0.00	0.000000	0.000000
19.14																										0.00	0.00	0.00	0.00	0.00	0.00	0.00	0.00	0.00	0.00	0.00	0.00	0.00	0.00	0.00	0.00	-1.632324	0.172852	0.555176	82.739998	-33.740002	240.520004	0.00	0.000000	0.000000
19.15	2.75	3.50	5.25	6.00	2.50	7.00	0.00	6.50	0.00	2.75	7.00	8.00	8.50	11.50	1.75	5.50	-0.220703	0.148926	0.970703	0.910000	2.100000	-0.770000	794.00	0.046007	-0.162223	0.00	0.00	0.00	0.00	0.00	0.00	0.00	0.00	0.00	0.00	0.00	0.00	0.00	0.00	0.00	0.00	-1.594727	0.061035	0.541504	51.590000	-16.660000	242.270004	0.00	0.000000	0.000000
19.16	3.00	3.75	5.25	6.00	2.50	6.50	0.00	6.50	0.00	2.75	6.25	8.25	8.75	12.00	2.25	5.25	-0.221191	0.147461	0.965820	0.560000	2.380000	-0.910000	799.00	0.047473	-0.159714	0.00	0.00	0.00	0.00	0.00	0.00	0.00	0.00	0.00	0.00	0.00	0.00	0.00	0.00	0.00	0.00	-1.519531	0.020020	0.516113	11.130000	-2.100000	241.850006	0.00	0.000000	0.000000
19.17	2.25	3.75	5.00	5.75	2.75	6.25	0.00	6.25	0.00	3.25	6.25	8.75	8.75	12.25	2.00	5.25	-0.221191	0.155273	0.964844	0.770000	2.520000	-0.910000	791.00	0.056653	-0.159512	0.00	0.00	0.00	0.00	0.00	0.00	0.00	0.00	0.00	0.00	0.00	0.00	0.00	0.00	0.00	0.00	-1.435547	0.041504	0.501953	-26.110001	10.290000	238.979996	0.00	0.000000	0.000000
19.18	2.00	3.75	4.50	5.75	2.75	6.25	0.00	6.25	0.00	3.25	6.25	8.25	8.75	12.50	2.00	5.25	-0.223145	0.149414	0.963379	0.700000	2.660000	-1.050000	780.00	0.060434	-0.160345	0.00	0.00	0.00	0.00	0.00	0.00	0.00	0.00	0.00	0.00	0.00	0.00	0.00	0.00	0.00	0.00	-1.347656	0.083008	0.484863	-50.400002	20.160000	233.380005	0.00	0.000000	0.000000
19.19	2.00	3.50	4.50	5.75	2.50	5.75	0.00	6.50	0.00	3.00	6.25	9.00	8.75	12.25	2.00	5.00	-0.220703	0.151367	0.972168	0.700000	2.870000	-1.120000	775.00	0.063050	-0.164246	0.00	0.00	0.00	0.00	0.00	0.00	0.00	0.00	0.00	0.00	0.00	0.00	0.00	0.00	0.00	0.00	-1.260742	0.123535	0.467773	-59.570000	28.980000	225.889999	0.00	0.000000	0.000000
19.20	2.25	3.50	4.00	5.25	2.50	6.00	0.00	6.50	0.00	3.00	6.50	8.75	8.75	12.50	2.25	5.00	-0.221191	0.153809	0.966309	0.840000	2.590000	-1.120000	774.00	0.067778	-0.163286	0.00	0.00	0.00	0.00	0.00	0.00	0.00	0.00	0.00	0.00	0.00	0.00	0.00	0.00	0.00	0.00	-1.157227	0.173828	0.453125	-51.869999	44.170002	211.330002	0.00	0.000000	0.000000
19.21	2.25	3.25	4.00	5.25	2.25	6.00	0.00	6.25	0.00	2.75	6.75	8.75	9.00	12.75	2.25	5.25	-0.228027	0.150879	0.966309	0.980000	2.660000	-1.120000	771.00	0.072014	-0.163716	0.00	0.00	0.00	0.00	0.00	0.00	0.00	0.00	0.00	0.00	0.00	0.00	0.00	0.00	0.00	0.00	-1.078125	0.177246	0.467285	-38.779999	55.020000	201.110001	0.00	0.000000	0.000000
19.22	2.00	3.00	4.25	5.00	2.00	5.75	0.00	6.25	0.00	3.50	6.75	9.25	9.25	12.75	2.25	5.50	-0.220703	0.153809	0.972656	1.190000	2.520000	-1.190000	777.00	0.079966	-0.163604	0.25	0.00	0.00	0.00	0.00	0.00	0.00	0.00	0.00	0.00	0.00	0.00	0.00	0.00	0.00	0.00	-0.978516	0.160645	0.493164	-25.410000	66.080002	191.240005	3.00	0.000000	0.000000
19.23	2.00	3.00	3.50	4.75	2.00	5.75	0.00	6.25	0.00	3.00	7.00	9.50	9.25	12.75	2.25	5.00	-0.224609	0.144043	0.971191	1.540000	2.590000	-1.260000	764.00	0.083926	-0.167464	0.00	0.00	0.25	0.00	0.00	0.00	0.00	0.00	0.00	0.00	0.00	0.00	0.00	0.00	0.00	0.00	-0.887695	0.140137	0.529785	-14.910000	76.860001	182.000000	3.00	0.000000	0.000000
19.24	1.75	2.50	3.25	4.50	2.25	5.75	0.00	6.25	0.00	3.00	6.75	9.75	9.50	12.75	2.50	5.50	-0.228516	0.153809	0.966797	1.820000	2.730000	-1.050000	761.00	0.092763	-0.170003	0.00	0.00	0.00	0.00	0.00	0.00	0.00	0.00	0.00	0.00	0.00	0.00	0.00	0.00	0.00	0.00	-0.975098	0.059570	0.535156	-5.880000	87.080002	172.970001	0.00	0.000000	0.000000
19.25	1.50	3.00	3.50	4.00	2.00	5.50	0.00	6.50	0.00	3.25	7.25	10.00	9.75	13.00	2.50	5.50	-0.231445	0.149414	0.967773	2.100000	2.590000	-1.050000	774.00	0.096796	-0.170273	0.25	0.00	0.00	0.00	0.00	0.00	0.00	0.00	0.00	0.00	0.00	0.00	0.00	0.00	0.00	0.00	-0.827148	-0.300781	-0.551270	55.230000	158.830002	138.949997	3.00	0.000000	0.000000
19.26	1.25	2.25	3.25	4.00	2.00	5.50	0.00	6.50	0.00	3.25	7.50	9.75	9.75	13.00	2.50	5.25	-0.224609	0.152344	0.961426	2.170000	2.380000	-1.050000	760.00	0.104086	-0.171338	0.50	0.00	0.25	0.00	0.00	0.00	0.00	0.00	0.00	0.00	0.00	0.00	0.00	0.00	0.00	0.00	-0.292969	-0.010742	0.881348	-9.240000	206.710007	105.070000	8.00	0.000000	0.000000
19.27	1.00	2.25	3.00	3.50	1.75	5.00	0.00	6.50	0.00	2.50	7.00	10.25	10.00	13.00	2.50	5.25	-0.225586	0.155273	0.973633	2.030000	2.450000	-1.120000	735.00	0.111566	-0.177662	1.00	0.25	0.50	0.25	0.00	0.00	0.00	0.00	0.00	0.00	0.00	0.00	0.00	0.00	0.00	0.00	-0.180664	0.128418	1.219727	-20.090000	199.289993	94.150002	21.00	0.000000	0.000000
19.28	1.00	2.00	3.00	3.25	1.75	5.00	0.00	6.50	0.00	2.25	7.25	10.25	10.00	13.25	2.75	5.25	-0.234375	0.153320	0.963867	1.610000	2.800000	-1.400000	735.00	0.116593	-0.176786	0.75	0.75	0.75	0.75	0.00	0.00	0.00	0.00	0.00	0.00	0.00	0.00	0.00	0.00	0.00	0.00	-0.231934	1.639160	2.104004	-265.790009	103.320000	-20.160000	31.00	0.000000	0.000000
19.29	0.75	1.75	3.00	3.00	1.50	4.75	0.00	6.50	0.00	2.50	7.50	10.75	9.75	12.50	3.00	5.50	-0.223633	0.154297	0.968750	1.260000	3.010000	-1.330000	728.00	0.123808	-0.180145	1.00	4.00	3.25	3.75	0.25	0.25	0.00	0.00	0.00	0.00	0.00	0.25	0.25	0.00	0.00	0.00	-1.123535	-0.215820	2.984863	-58.520000	85.610001	4.340000	135.00	-0.302699	-0.099063
19.30	0.75	2.25	2.75	3.25	1.50	4.50	0.00	6.25	0.00	2.50	7.75	10.50	10.00	12.75	2.75	5.50	-0.223633	0.150879	0.970215	1.190000	3.780000	-1.260000	728.00	0.122094	-0.179303	5.00	6.25	6.50	5.75	0.50	0.75	0.00	0.25	0.00	0.00	0.00	0.50	0.50	0.50	0.00	0.25	-0.151367	-0.004883	0.073730	63.000000	2.030000	9.240000	278.00	-0.288716	-0.065734
19.31	0.75	1.75	2.00	2.50	1.25	4.50	0.00	6.25	0.00	2.50	7.50	10.50	10.00	13.00	2.75	5.25	-0.231445	0.159180	0.974121	0.910000	5.040000	-1.540000	702.00	0.136057	-0.181895	6.50	6.75	7.75	7.00	1.00	1.25	0.00	0.25	0.00	0.25	0.00	0.50	0.50	0.75	0.00	0.25	-0.169434	0.349121	0.719727	32.480000	-3.990000	0.490000	341.00	-0.281448	-0.057951
19.32	0.50	1.75	1.25	2.00	1.25	4.00	0.00	6.00	0.00	2.50	7.25	10.50	9.50	13.00	2.50	5.25	-0.215820	0.156250	0.977539	0.420000	6.440000	-2.030000	667.00	0.148234	-0.182967	6.50	6.75	8.25	7.00	1.25	1.75	0.00	0.50	0.00	0.25	0.25	0.75	0.75	2.00	0.00	0.50	-0.247559	0.072266	1.025879	10.640000	14.000000	0.630000	378.00	-0.244146	-0.060023
19.33	0.25	1.00	1.25	2.00	0.75	3.75	0.00	5.50	0.00	2.75	7.00	9.50	9.00	13.00	2.50	4.75	-0.211426	0.171387	0.975586	0.210000	8.680000	-3.290000	624.00	0.160444	-0.178424	6.25	6.50	8.25	6.75	1.75	1.75	0.00	0.50	0.00	0.50	0.50	0.75	0.75	2.25	0.25	0.75	-0.245117	0.124512	0.990723	8.540000	8.540000	0.350000	387.00	-0.223475	-0.056912
19.34	0.25	0.50	0.50	1.00	0.50	2.25	0.00	5.25	0.00	2.75	7.00	9.50	9.00	12.50	2.75	4.75	-0.202148	0.176758	0.973633	2.380000	12.180000	-7.910000	575.00	0.190450	-0.180779	5.75	6.00	7.75	6.50	2.25	1.75	0.00	0.50	0.00	0.75	0.75	1.00	0.75	2.75	0.50	1.00	-0.250000	0.122559	0.991699	10.360000	9.800000	2.100000	391.00	-0.194162	-0.056777
19.35	0.00	0.25	0.25	0.25	0.00	1.25	0.00	4.50	0.00	2.75	7.00	9.25	8.50	12.00	2.25	4.25	-0.251465	0.104980	1.040039	4.340000	19.600000	-11.130000	512.00	0.216625	-0.179327	5.50	5.75	7.50	6.50	2.00	2.50	0.00	1.00	0.00	1.00	1.00	1.50	1.00	3.00	0.50	1.00	-0.252930	0.125977	0.996094	10.570000	6.860000	2.100000	411.00	-0.171714	-0.073084
19.36	0.25	0.50	0.25	0.25	0.00	1.00	0.00	3.75	0.00	3.00	6.75	9.00	8.00	11.50	2.25	4.25	-0.231445	0.145508	0.999512	14.070000	33.180000	-8.260000	492.00	0.216592	-0.171332	5.50	5.75	7.00	6.75	1.75	2.75	0.00	1.25	0.00	0.75	1.00	1.75	1.25	3.00	0.50	1.25	-0.253418	0.140625	1.003418	9.870000	4.410000	2.030000	415.00	-0.166581	-0.086466
19.37	0.25	0.25	0.00	0.25	0.00	0.75	0.00	3.25	0.00	2.25	6.25	8.75	7.75	10.25	2.50	4.25	-0.244141	0.149902	1.007812	15.890000	37.730000	-6.650000	450.00	0.225140	-0.178952	5.25	6.00	7.00	6.75	2.50	3.00	0.00	1.25	0.00	0.50	0.75	1.75	1.50	3.00	0.25	1.50	-0.243164	0.131348	0.998535	8.400000	2.380000	2.030000	422.00	-0.170695	-0.089846
19.38	0.00	0.00	0.00	0.00	0.00	0.25	0.00	2.75	0.00	1.75	5.75	8.50	7.25	9.25	2.00	4.00	-0.229980	0.143066	1.016113	17.219999	43.470001	-6.510000	397.00	0.239809	-0.183834	5.25	5.75	6.75	6.75	1.75	3.75	0.00	1.50	0.00	0.75	0.75	2.00	1.50	2.75	0.25	1.50	-0.245605	0.139648	0.983887	7.070000	1.400000	2.170000	424.00	-0.165883	-0.101472
19.39	0.00	0.00	0.25	0.25	0.00	0.25	0.00	2.25	0.00	1.50	5.75	8.25	6.75	8.00	2.00	3.75	-0.260254	0.181152	1.019043	18.969999	50.680000	-5.460000	374.00	0.232966	-0.185398	5.25	5.75	7.00	6.75	1.75	3.75	0.00	1.50	0.00	0.50	1.00	2.25	1.75	3.00	0.25	1.50	-0.234863	0.140137	0.983398	5.530000	0.630000	2.170000	433.00	-0.159797	-0.102933
19.40	0.00	0.00	0.00	0.25	0.00	0.25	0.00	2.00	0.00	1.50	5.50	7.50	6.75	7.25	1.75	3.50	-0.267578	0.174316	0.999023	16.379999	56.910000	-6.160000	346.00	0.235183	-0.190341	5.25	5.75	6.75	6.75	1.75	3.75	0.00	2.00	0.00	0.50	1.00	2.00	2.00	3.00	0.25	1.50	-0.244629	0.143066	0.982422	4.620000	0.350000	1.680000	438.00	-0.157149	-0.109798
19.41	0.00	0.00	0.00	0.25	0.00	0.00	0.00	2.00	0.00	1.50	4.75	7.00	6.50	6.25	1.25	3.50	-0.251953	0.175293	0.956543	14.070000	59.639999	-6.790000	314.00	0.231982	-0.199632	5.25	5.75	6.50	6.75	1.75	3.75	0.00	2.00	0.00	0.50	1.00	2.00	2.00	2.75	0.25	1.50	-0.241211	0.138672	0.979004	3.850000	0.210000	1.540000	433.00	-0.159254	-0.112496
19.42	0.00	0.00	0.00	0.00	0.00	0.25	0.00	1.75	0.00	0.50	4.00	6.75	6.00	5.50	1.25	3.25	-0.287598	0.187500	0.990723	13.440001	61.880001	-8.540000	278.00	0.232960	-0.212830	5.00	6.00	6.50	6.50	1.75	4.50	0.00	2.00	0.00	0.50	1.25	2.25	2.50	2.50	0.25	1.75	-0.244629	0.137695	0.977051	3.150000	0.000000	1.470000	447.00	-0.151777	-0.122777
19.43	0.00	0.00	0.00	0.25	0.00	0.25	0.00	1.75	0.00	0.25	3.75	6.00	6.00	4.75	1.50	2.75	-0.274902	0.171875	1.000000	12.180000	62.650002	-11.060000	261.00	0.224304	-0.221399	5.00	6.00	6.50	6.75	1.50	4.00	0.00	2.25	0.00	0.50	1.50	2.25	2.50	2.75	0.25	2.00	-0.239258	0.139160	0.978027	2.660000	0.070000	1.400000	451.00	-0.145184	-0.124094
19.44	0.00	0.00	0.25	0.00	0.00	0.00	0.00	2.00	0.00	0.50	3.00	5.50	5.75	4.25	1.25	2.75	-0.296875	0.167969	0.949219	6.650000	63.630001	-11.970000	242.00	0.220641	-0.225007	5.25	6.00	6.50	7.00	2.25	4.75	0.00	2.25	0.00	0.50	1.50	2.00	2.25	2.50	0.25	1.75	-0.237793	0.143066	0.984863	2.240000	-0.070000	1.470000	465.00	-0.154745	-0.121001
19.45	0.00	0.00	0.00	0.25	0.00	0.00	0.00	1.75	0.00	0.50	2.25	4.75	5.25	3.75	1.25	2.50	-0.313477	0.208008	0.943848	5.810000	63.349998	-13.300000	213.00	0.221244	-0.230246	5.50	6.00	6.75	7.00	2.00	5.00	0.00	2.25	0.00	0.25	1.50	2.25	2.50	2.50	0.25	2.00	-0.239258	0.138672	0.977539	2.030000	-0.280000	1.400000	473.00	-0.154096	-0.124533
19.46	0.00	0.00	0.25	0.25	0.00	0.00	0.00	1.75	0.00	0.75	1.50	4.25	4.75	3.50	0.50	2.25	-0.325684	0.180664	0.931152	5.040000	61.810001	-14.910000	189.00	0.204765	-0.229292	5.25	5.75	7.00	7.25	2.00	5.00	0.00	2.50	0.00	0.25	1.50	2.25	2.75	2.50	0.00	2.00	-0.242188	0.135742	0.972656	1.960000	-0.140000	1.610000	477.00	-0.153392	-0.128816
19.47	0.00	0.00	0.25	0.00	0.00	0.25	0.00	1.50	0.00	0.50	1.25	4.00	4.50	3.25	0.50	2.25	-0.277344	0.169922	0.928711	3.780000	60.480000	-16.240000	173.00	0.208704	-0.233683	5.50	6.50	7.00	7.75	2.25	5.25	0.00	2.50	0.00	0.50	1.75	2.25	2.75	2.50	0.25	2.00	-0.239258	0.139160	0.976562	1.750000	-0.140000	1.750000	506.00	-0.152659	-0.127596
19.48	0.00	0.00	0.00	0.25	0.00	0.25	0.00	1.50	0.00	0.50	1.25	3.25	4.50	2.75	0.50	2.00	-0.308594	0.249023	0.949707	4.760000	55.860001	-23.660000	160.00	0.201820	-0.246448	6.00	6.75	7.50	8.00	2.00	5.50	0.00	2.75	0.00	0.50	1.75	2.25	2.75	2.50	0.25	1.75	-0.241699	0.142090	0.969238	1.820000	0.000000	1.750000	524.00	-0.158656	-0.126810
19.49	0.00	0.00	0.00	0.25	0.00	0.25	0.00	1.50	0.00	0.50	1.00	3.00	4.25	2.75	0.50	2.00	-0.271973	0.260742	0.930176	7.560000	52.779999	-31.010000	152.00	0.201769	-0.244787	6.00	6.75	7.25	8.00	2.75	5.50	0.25	3.00	0.00	0.75	1.50	2.25	2.75	2.50	0.50	2.00	-0.239746	0.139160	0.978027	2.310000	0.000000	1.960000	541.00	-0.150778	-0.123727
19.50	0.00	0.00	0.00	0.00	0.00	0.00	0.00	1.50	0.00	0.50	0.75	2.75	4.25	2.50	0.25	1.75	-0.217773	0.262695	0.974121	10.010000	49.770000	-39.759998	135.00	0.209322	-0.255263																									
